-- CREACIÓN DE USUARIO
CREATE USER PROYECTO_ADMIN IDENTIFIED BY 123;
GRANT DBA TO PROYECTO_ADMIN;
GRANT CREATE SESSION TO PROYECTO_ADMIN;

-- CREACIÓN DE TABLESPACE
CREATE TABLESPACE PROYECTO_TBS DATAFILE 'proyecto_tbs.dbf' SIZE 100M AUTOEXTEND ON;
ALTER USER PROYECTO_ADMIN DEFAULT TABLESPACE PROYECTO_TBS;

-- TABLA TELEFONO
CREATE TABLE FIDE_TELEFONO_TB (
    TELEFONO_ID NUMBER CONSTRAINT FIDE_TELEFONO_TB_PK PRIMARY KEY,
    NUMERO NUMBER CONSTRAINT FIDE_TELEFONO_TB_NOT_NULL NOT NULL,
    TIPO VARCHAR2(100),
    EXT VARCHAR2(100)
) TABLESPACE PROYECTO_TBS;

-- TABLA PROVEEDOR
CREATE TABLE FIDE_PROVEEDOR_TB (
    PROVEEDOR_ID NUMBER CONSTRAINT FIDE_PROVEEDOR_TB_PK PRIMARY KEY,
    TELEFONO_ID NUMBER,
    NOMBRE VARCHAR2(75) CONSTRAINT FIDE_PROVEEDOR_TB_NOMBRE_NOT_NULL NOT NULL,
    CONTACTO VARCHAR2(100),
    DIRECCION VARCHAR2(100),
    EMAIL VARCHAR2(75) CONSTRAINT FIDE_PROVEEDOR_TB_EMAIL_NOT_NULL NOT NULL,
    CONSTRAINT FIDE_PROVEEDOR_TB_FK FOREIGN KEY (TELEFONO_ID) REFERENCES FIDE_TELEFONO_TB(TELEFONO_ID)
) TABLESPACE PROYECTO_TBS;

-- TABLA HOTEL
CREATE TABLE FIDE_HOTEL_TB (
    HOTEL_ID NUMBER CONSTRAINT FIDE_HOTEL_TB_PK PRIMARY KEY,
    TELEFONO_ID NUMBER,
    EMAIL VARCHAR2(75) CONSTRAINT FIDE_HOTEL_TB_EMAIL_UNIQUE UNIQUE,
    NOMBRE VARCHAR2(100) CONSTRAINT FIDE_HOTEL_TB_NOMBRE_NOT_NULL NOT NULL,
    UBICACION VARCHAR2(100),
    CONSTRAINT FIDE_HOTEL_TB_ID_FK_TELEFONO FOREIGN KEY (TELEFONO_ID) REFERENCES FIDE_TELEFONO_TB(TELEFONO_ID)
) TABLESPACE PROYECTO_TBS;

-- TABLA RESTAURANTE
CREATE TABLE FIDE_RESTAURANTE_TB (
    RESTAURANTE_ID NUMBER CONSTRAINT FIDE_RESTAURANTE_TB_PK PRIMARY KEY,
    HOTEL_ID NUMBER,
    NOMBRE VARCHAR2(100) CONSTRAINT FIDE_RESTAURANTE_TB_NOMBRE_NOT_NULL NOT NULL,
    CAPACIDAD NUMBER,
    ESTILO VARCHAR2(100),
    CONSTRAINT FIDE_RESTAURANTE_TB_FK FOREIGN KEY (HOTEL_ID) REFERENCES FIDE_HOTEL_TB(HOTEL_ID)
) TABLESPACE PROYECTO_TBS;

-- TABLA HUESPED
CREATE TABLE FIDE_HUESPED_TB (
    HUESPED_ID NUMBER CONSTRAINT FIDE_HUESPED_TB_PK PRIMARY KEY,
    TELEFONO_ID NUMBER,
    NOMBRE VARCHAR2(100) CONSTRAINT FIDE_HUESPED_TB_NOMBRE_NOT_NULL NOT NULL,
    APELLIDO1 VARCHAR2(100),
    APELLIDO2 VARCHAR2(100),
    EMAIL VARCHAR2(75) CONSTRAINT FIDE_HUESPED_TB_EMAIL_UNIQUE UNIQUE,
    DIRECCION VARCHAR2(100),
    FECHA_REGISTRO DATE,
    CONSTRAINT FIDE_HUESPED_TB_FK FOREIGN KEY (TELEFONO_ID) REFERENCES FIDE_TELEFONO_TB(TELEFONO_ID)
) TABLESPACE PROYECTO_TBS;

-- TABLA TIPO DE HABITACION
CREATE TABLE FIDE_TIPO_HABITACION_TB (
    TIPO_HABITACION_ID NUMBER CONSTRAINT FIDE_TIPO_HABITACION_TB_PK PRIMARY KEY,
    VISTA VARCHAR2(50),
    CAMAS NUMBER,
    AMENIDADES VARCHAR2(200)
) TABLESPACE PROYECTO_TBS;

-- TABLA HABITACION
CREATE TABLE FIDE_HABITACION_TB (
    HABITACION_ID NUMBER CONSTRAINT FIDE_HABITACION_TB_PK PRIMARY KEY,
    HOTEL_ID NUMBER,
    TIPO_HABITACION_ID NUMBER,
    HUESPED_ID NUMBER,
    ESTADO VARCHAR2(50),
    NUMERO VARCHAR2(10),
    CONSTRAINT FIDE_HABITACION_TB_HOTEL_ID_FK FOREIGN KEY (HOTEL_ID) REFERENCES FIDE_HOTEL_TB(HOTEL_ID),
    CONSTRAINT FIDE_HABITACION_TB_TIPO_HABITACION_FK FOREIGN KEY (TIPO_HABITACION_ID) REFERENCES FIDE_TIPO_HABITACION_TB(TIPO_HABITACION_ID),
    CONSTRAINT FIDE_HABITACION_TB_HUESPED_FK FOREIGN KEY (HUESPED_ID) REFERENCES FIDE_HUESPED_TB(HUESPED_ID)
) TABLESPACE PROYECTO_TBS;

-- TABLA MANTENIMIENTO
CREATE TABLE FIDE_MANTENIMIENTO_TB (
    MANTENIMIENTO_ID NUMBER CONSTRAINT FIDE_MANTENIMIENTO_TB_PK PRIMARY KEY,
    HOTEL_ID NUMBER,
    HABITACION_ID NUMBER,
    AREA_COMUN VARCHAR2(50),
    FECHA_MANTENIMIENTO DATE CONSTRAINT FIDE_MANTENIMIENTO_TB_FECHA_NOT_NULL NOT NULL,
    DESCRIPCION VARCHAR2(200),
    ESTADO VARCHAR2(50) NOT NULL,
    CONSTRAINT FIDE_MANTENIMIENTO_TB_HOTEL_ID_FK FOREIGN KEY (HOTEL_ID) REFERENCES FIDE_HOTEL_TB(HOTEL_ID),
    CONSTRAINT FIDE_MANTENIMIENTO_TB_HABITACION_ID_FK FOREIGN KEY (HABITACION_ID) REFERENCES FIDE_HABITACION_TB(HABITACION_ID)
) TABLESPACE PROYECTO_TBS;

-- TABLA INCIDENTE
CREATE TABLE FIDE_INCIDENTE_TB (
    INCIDENTE_ID NUMBER CONSTRAINT FIDE_INCIDENTE_TB_PK PRIMARY KEY,
    HUESPED_ID NUMBER,
    HABITACION_ID NUMBER,
    FECHA_INCIDENTE DATE CONSTRAINT FIDE_INCIDENTE_TB_FECHA_NOT_NULL NOT NULL,
    DESCRIPCION VARCHAR2(200),
    ESTADO VARCHAR2(50),
    CONSTRAINT FIDE_INCIDENTE_TB_HUESPED_ID_FK FOREIGN KEY (HUESPED_ID) REFERENCES FIDE_HUESPED_TB(HUESPED_ID),
    CONSTRAINT FIDE_INCIDENTE_TB_HABITACION_ID_FK FOREIGN KEY (HABITACION_ID) REFERENCES FIDE_HABITACION_TB(HABITACION_ID)
) TABLESPACE PROYECTO_TBS;

-- TABLA CATEGORIA DE SUMINISTROS
CREATE TABLE FIDE_CATEGORIA_SUMINISTRO_TB (
    CATEGORIA_ID NUMBER CONSTRAINT FIDE_CATEGORIA_SUMINISTRO_TB_PK PRIMARY KEY,
    NOMBRE VARCHAR2(100) CONSTRAINT FIDE_CATEGORIA_SUMINISTRO_TB_NOMBRE_NOT_NULL NOT NULL,
    DESCRIPCION VARCHAR2(200)
) TABLESPACE PROYECTO_TBS;

-- TABLA SUMINISTROS
CREATE TABLE FIDE_SUMINISTRO_TB (
    SUMINISTRO_ID NUMBER CONSTRAINT FIDE_SUMINISTRO_TB_PK PRIMARY KEY,
    CATEGORIA_ID NUMBER,
    PROVEEDOR_ID NUMBER,
    CANTIDAD NUMBER,
    PRECIO_UNITARIO NUMBER(10,2) CONSTRAINT FIDE_SUMINISTRO_TB_PRECIO_NOT_NULL NOT NULL,
    CONSTRAINT FIDE_SUMINISTRO_TB_CATEGORIA_ID_FK FOREIGN KEY (CATEGORIA_ID) REFERENCES FIDE_CATEGORIA_SUMINISTRO_TB(CATEGORIA_ID),
    CONSTRAINT FIDE_SUMINISTRO_TB_PROVEEDOR_ID_FK FOREIGN KEY (PROVEEDOR_ID) REFERENCES FIDE_PROVEEDOR_TB(PROVEEDOR_ID)
) TABLESPACE PROYECTO_TBS;

-- TABLA INVENTARIO
CREATE TABLE FIDE_INVENTARIO_TB (
    INVENTARIO_ID NUMBER CONSTRAINT FIDE_INVENTARIO_TB_PK PRIMARY KEY,
    HOTEL_ID NUMBER,
    SUMINISTRO_ID NUMBER,
    CANTIDAD_DISPONIBLE NUMBER,
    CONSTRAINT FIDE_INVENTARIO_TB_HOTEL_ID_FK FOREIGN KEY (HOTEL_ID) REFERENCES FIDE_HOTEL_TB(HOTEL_ID),
    CONSTRAINT FIDE_INVENTARIO_TB_SUMINISTRO_ID_FK FOREIGN KEY (SUMINISTRO_ID) REFERENCES FIDE_SUMINISTRO_TB(SUMINISTRO_ID)
) TABLESPACE PROYECTO_TBS;

-- TABLA SERVICIO ADICIONAL
CREATE TABLE FIDE_SERVICIO_ADICIONAL_TB (
    SERVICIO_ID NUMBER CONSTRAINT FIDE_SERVICIO_ADICIONAL_TB_PK PRIMARY KEY,
    NOMBRE VARCHAR2(100) CONSTRAINT FIDE_SERVICIO_ADICIONAL_TB_NOMBRE_NOT_NULL NOT NULL,
    DESCRIPCION VARCHAR2(200),
    PRECIO NUMBER(10,2) NOT NULL
) TABLESPACE PROYECTO_TBS;

-- TABLA RESERVACION
CREATE TABLE FIDE_RESERVACION_TB (
    RESERVACION_ID NUMBER CONSTRAINT FIDE_RESERVACION_TB_PK PRIMARY KEY,
    HOTEL_ID NUMBER,
    HUESPED_ID NUMBER,
    HABITACION_ID NUMBER,
    ESTADO VARCHAR2(50),
    FECHA_RESERVACION DATE CONSTRAINT FIDE_RESERVACION_TB_FECHA_NOT_NULL NOT NULL,
    CONSTRAINT FIDE_RESERVACION_TB_HOTEL_ID_FK FOREIGN KEY (HOTEL_ID) REFERENCES FIDE_HOTEL_TB(HOTEL_ID),
    CONSTRAINT FIDE_RESERVACION_TB_HUESPED_ID_FK FOREIGN KEY (HUESPED_ID) REFERENCES FIDE_HUESPED_TB(HUESPED_ID),
    CONSTRAINT FIDE_RESERVACION_TB_HABITACION_ID_FK FOREIGN KEY (HABITACION_ID) REFERENCES FIDE_HABITACION_TB(HABITACION_ID)
) TABLESPACE PROYECTO_TBS;

-- TABLA RESERVACION SERVICIO
CREATE TABLE FIDE_RESERVACION_SERVICIO_TB (
    RESERVACION_SERVICIO_ID NUMBER CONSTRAINT FIDE_RESERVACION_SERVICIO_TB_PK PRIMARY KEY,
    RESERVACION_ID NUMBER,
    SERVICIO_ID NUMBER,
    CONSTRAINT FIDE_RESERVACION_SERVICIO_TB_RESERVACION_ID_FK FOREIGN KEY (RESERVACION_ID) REFERENCES FIDE_RESERVACION_TB(RESERVACION_ID),
    CONSTRAINT FIDE_RESERVACION_SERVICIO_TB_SERVICIO_ID_FK FOREIGN KEY (SERVICIO_ID) REFERENCES FIDE_SERVICIO_ADICIONAL_TB(SERVICIO_ID)
) TABLESPACE PROYECTO_TBS;

-- TABLA RESERVACION RESTAURANTE
CREATE TABLE FIDE_RESERVACION_RESTAURANTE_TB (
    RESERVACION_RESTAURANTE_ID NUMBER CONSTRAINT FIDE_RESERVACION_RESTAURANTE_TB_PK PRIMARY KEY,
    RESTAURANTE_ID NUMBER,
    RESERVACION_ID NUMBER,
    FECHA DATE CONSTRAINT FIDE_RESERVACION_RESTAURANTE_TB_FECHA_NOT_NULL NOT NULL,
    ESTADO VARCHAR2(50),
    CONSTRAINT FIDE_RESERVACION_RESTAURANTE_TB_RESTAURANTE_ID_FK FOREIGN KEY (RESTAURANTE_ID) REFERENCES FIDE_RESTAURANTE_TB(RESTAURANTE_ID),
    CONSTRAINT FIDE_RESERVACION_RESTAURANTE_TB_RESERVACION_ID_FK FOREIGN KEY (RESERVACION_ID) REFERENCES FIDE_RESERVACION_TB(RESERVACION_ID)
) TABLESPACE PROYECTO_TBS;

-- TABLA METODO DE PAGO
CREATE TABLE FIDE_METODO_PAGO_TB (
    METODO_PAGO_ID NUMBER CONSTRAINT FIDE_METODO_PAGO_TB_PK PRIMARY KEY,
    NOMBRE VARCHAR2(100) CONSTRAINT FIDE_METODO_PAGO_TB_NOMBRE_NOT_NULL NOT NULL
) TABLESPACE PROYECTO_TBS;

-- TABLA PROMOCION
CREATE TABLE FIDE_PROMOCION_TB (
    PROMOCION_ID NUMBER CONSTRAINT FIDE_PROMOCION_TB_PK PRIMARY KEY,
    DESCRIPCION VARCHAR2(200),
    DESCUENTO NUMBER(10,2) CONSTRAINT FIDE_PROMOCION_TB_DESCUENTO_NOT_NULL NOT NULL,
    FECHA_INICIO DATE CONSTRAINT FIDE_PROMOCION_TB_FECHA_INICIO_NOT_NULL NOT NULL,
    FECHA_FIN DATE CONSTRAINT FIDE_PROMOCION_TB_FECHA_FIN_NOT_NULL NOT NULL
) TABLESPACE PROYECTO_TBS;

-- TABLA PROMOCION APLICADA
CREATE TABLE FIDE_PROMOCION_APLICADA_TB (
    PROMOCION_APLICADA_ID NUMBER CONSTRAINT FIDE_PROMOCION_APLICADA_TB_PK PRIMARY KEY,
    PROMOCION_ID NUMBER,
    RESERVACION_ID NUMBER,
    FECHA_APLICACION DATE CONSTRAINT FIDE_PROMOCION_APLICADA_TB_FECHA_APLICACION_NOT_NULL NOT NULL,
    CONSTRAINT FIDE_PROMOCION_APLICADA_TB_PROMOCION_ID_FK FOREIGN KEY (PROMOCION_ID) REFERENCES FIDE_PROMOCION_TB(PROMOCION_ID),
    CONSTRAINT FIDE_PROMOCION_APLICADA_TB_RESERVA_ID_FK FOREIGN KEY (RESERVACION_ID) REFERENCES FIDE_RESERVACION_TB(RESERVACION_ID)
) TABLESPACE PROYECTO_TBS;

-- TABLA PAGO
CREATE TABLE FIDE_PAGO_TB (
    PAGO_ID NUMBER CONSTRAINT FIDE_PAGO_TB_PK PRIMARY KEY,
    RESERVACION_ID NUMBER,
    METODO_PAGO_ID NUMBER,
    PROMOCION_APLICADA_ID NUMBER,
    MONTO NUMBER(10,2) CONSTRAINT FIDE_PAGO_TB_MONTO_NOT_NULL NOT NULL,
    ESTADO VARCHAR2(50),
    CONSTRAINT FIDE_PAGO_TB_RESERVACION_ID_FK FOREIGN KEY (RESERVACION_ID) REFERENCES FIDE_RESERVACION_TB(RESERVACION_ID),
    CONSTRAINT FIDE_PAGO_TB_METODO_PAGO_ID_FK FOREIGN KEY (METODO_PAGO_ID) REFERENCES FIDE_METODO_PAGO_TB(METODO_PAGO_ID),
    CONSTRAINT FIDE_PAGO_TB_PROMOCION_APLICADA_ID_FK FOREIGN KEY (PROMOCION_APLICADA_ID) REFERENCES FIDE_PROMOCION_APLICADA_TB(PROMOCION_APLICADA_ID)
) TABLESPACE PROYECTO_TBS;

COMMIT;

------------INSERTS------------

--INSERT TABLA TELEFONO
INSERT INTO FIDE_TELEFONO_TB (TELEFONO_ID, NUMERO, TIPO, EXT) VALUES (1, 600100001, 'CELULAR', '101');
INSERT INTO FIDE_TELEFONO_TB (TELEFONO_ID, NUMERO, TIPO, EXT) VALUES (2, 600100002, 'OFICINA', '102');
INSERT INTO FIDE_TELEFONO_TB (TELEFONO_ID, NUMERO, TIPO, EXT) VALUES (3, 600100003, 'DOMICILIO', '103');
INSERT INTO FIDE_TELEFONO_TB (TELEFONO_ID, NUMERO, TIPO, EXT) VALUES (4, 600100004, 'FAX', '104');
INSERT INTO FIDE_TELEFONO_TB (TELEFONO_ID, NUMERO, TIPO, EXT) VALUES (5, 600100005, 'CELULAR', '105');
INSERT INTO FIDE_TELEFONO_TB (TELEFONO_ID, NUMERO, TIPO, EXT) VALUES (1, 600100006, 'CELULAR', '106');
INSERT INTO FIDE_TELEFONO_TB (TELEFONO_ID, NUMERO, TIPO, EXT) VALUES (2, 600100007, 'OFICINA', '107');
INSERT INTO FIDE_TELEFONO_TB (TELEFONO_ID, NUMERO, TIPO, EXT) VALUES (3, 600100008, 'DOMICILIO', '108');
INSERT INTO FIDE_TELEFONO_TB (TELEFONO_ID, NUMERO, TIPO, EXT) VALUES (4, 600100009, 'FAX', '109');
INSERT INTO FIDE_TELEFONO_TB (TELEFONO_ID, NUMERO, TIPO, EXT) VALUES (5, 600100010, 'CELULAR', '110');

INSERT INTO FIDE_TELEFONO_TB (TELEFONO_ID, NUMERO, TIPO, EXT) VALUES (6, 600100011, 'CELULAR', '111');
INSERT INTO FIDE_TELEFONO_TB (TELEFONO_ID, NUMERO, TIPO, EXT) VALUES (7, 600100012, 'OFICINA', '112');
INSERT INTO FIDE_TELEFONO_TB (TELEFONO_ID, NUMERO, TIPO, EXT) VALUES (8, 600100013, 'DOMICILIO', '113');
INSERT INTO FIDE_TELEFONO_TB (TELEFONO_ID, NUMERO, TIPO, EXT) VALUES (9, 600100014, 'FAX', '114');
INSERT INTO FIDE_TELEFONO_TB (TELEFONO_ID, NUMERO, TIPO, EXT) VALUES (10, 600100015, 'CELULAR', '115');
INSERT INTO FIDE_TELEFONO_TB (TELEFONO_ID, NUMERO, TIPO, EXT) VALUES (11, 600100016, 'OFICINA', '116');
INSERT INTO FIDE_TELEFONO_TB (TELEFONO_ID, NUMERO, TIPO, EXT) VALUES (12, 600100017, 'DOMICILIO', '117');
INSERT INTO FIDE_TELEFONO_TB (TELEFONO_ID, NUMERO, TIPO, EXT) VALUES (13, 600100018, 'FAX', '118');
INSERT INTO FIDE_TELEFONO_TB (TELEFONO_ID, NUMERO, TIPO, EXT) VALUES (14, 600100019, 'CELULAR', '119');
INSERT INTO FIDE_TELEFONO_TB (TELEFONO_ID, NUMERO, TIPO, EXT) VALUES (15, 600100020, 'OFICINA', '120');

INSERT INTO FIDE_TELEFONO_TB (TELEFONO_ID, NUMERO, TIPO, EXT) VALUES (16, 600100021, 'DOMICILIO', '121');
INSERT INTO FIDE_TELEFONO_TB (TELEFONO_ID, NUMERO, TIPO, EXT) VALUES (17, 600100022, 'FAX', '122');
INSERT INTO FIDE_TELEFONO_TB (TELEFONO_ID, NUMERO, TIPO, EXT) VALUES (18, 600100023, 'CELULAR', '123');
INSERT INTO FIDE_TELEFONO_TB (TELEFONO_ID, NUMERO, TIPO, EXT) VALUES (19, 600100024, 'OFICINA', '124');
INSERT INTO FIDE_TELEFONO_TB (TELEFONO_ID, NUMERO, TIPO, EXT) VALUES (20, 600100025, 'DOMICILIO', '125');
INSERT INTO FIDE_TELEFONO_TB (TELEFONO_ID, NUMERO, TIPO, EXT) VALUES (21, 600100026, 'FAX', '126');
INSERT INTO FIDE_TELEFONO_TB (TELEFONO_ID, NUMERO, TIPO, EXT) VALUES (22, 600100027, 'CELULAR', '127');
INSERT INTO FIDE_TELEFONO_TB (TELEFONO_ID, NUMERO, TIPO, EXT) VALUES (23, 600100028, 'OFICINA', '128');
INSERT INTO FIDE_TELEFONO_TB (TELEFONO_ID, NUMERO, TIPO, EXT) VALUES (24, 600100029, 'DOMICILIO', '129');
INSERT INTO FIDE_TELEFONO_TB (TELEFONO_ID, NUMERO, TIPO, EXT) VALUES (25, 600100030, 'FAX', '130');

INSERT INTO FIDE_TELEFONO_TB (TELEFONO_ID, NUMERO, TIPO, EXT) VALUES (26, 600100031, 'CELULAR', '131');
INSERT INTO FIDE_TELEFONO_TB (TELEFONO_ID, NUMERO, TIPO, EXT) VALUES (27, 600100032, 'OFICINA', '132');
INSERT INTO FIDE_TELEFONO_TB (TELEFONO_ID, NUMERO, TIPO, EXT) VALUES (28, 600100033, 'DOMICILIO', '133');
INSERT INTO FIDE_TELEFONO_TB (TELEFONO_ID, NUMERO, TIPO, EXT) VALUES (29, 600100034, 'FAX', '134');
INSERT INTO FIDE_TELEFONO_TB (TELEFONO_ID, NUMERO, TIPO, EXT) VALUES (30, 600100035, 'CELULAR', '135');
INSERT INTO FIDE_TELEFONO_TB (TELEFONO_ID, NUMERO, TIPO, EXT) VALUES (31, 600100036, 'OFICINA', '136');
INSERT INTO FIDE_TELEFONO_TB (TELEFONO_ID, NUMERO, TIPO, EXT) VALUES (32, 600100037, 'DOMICILIO', '137');
INSERT INTO FIDE_TELEFONO_TB (TELEFONO_ID, NUMERO, TIPO, EXT) VALUES (33, 600100038, 'FAX', '138');
INSERT INTO FIDE_TELEFONO_TB (TELEFONO_ID, NUMERO, TIPO, EXT) VALUES (34, 600100039, 'CELULAR', '139');
INSERT INTO FIDE_TELEFONO_TB (TELEFONO_ID, NUMERO, TIPO, EXT) VALUES (35, 600100040, 'OFICINA', '140');

INSERT INTO FIDE_TELEFONO_TB (TELEFONO_ID, NUMERO, TIPO, EXT) VALUES (36, 600100041, 'DOMICILIO', '141');
INSERT INTO FIDE_TELEFONO_TB (TELEFONO_ID, NUMERO, TIPO, EXT) VALUES (37, 600100042, 'FAX', '142');
INSERT INTO FIDE_TELEFONO_TB (TELEFONO_ID, NUMERO, TIPO, EXT) VALUES (38, 600100043, 'CELULAR', '143');
INSERT INTO FIDE_TELEFONO_TB (TELEFONO_ID, NUMERO, TIPO, EXT) VALUES (39, 600100044, 'OFICINA', '144');
INSERT INTO FIDE_TELEFONO_TB (TELEFONO_ID, NUMERO, TIPO, EXT) VALUES (40, 600100045, 'DOMICILIO', '145');
INSERT INTO FIDE_TELEFONO_TB (TELEFONO_ID, NUMERO, TIPO, EXT) VALUES (41, 600100046, 'FAX', '146');
INSERT INTO FIDE_TELEFONO_TB (TELEFONO_ID, NUMERO, TIPO, EXT) VALUES (42, 600100047, 'CELULAR', '147');
INSERT INTO FIDE_TELEFONO_TB (TELEFONO_ID, NUMERO, TIPO, EXT) VALUES (43, 600100048, 'OFICINA', '148');
INSERT INTO FIDE_TELEFONO_TB (TELEFONO_ID, NUMERO, TIPO, EXT) VALUES (44, 600100049, 'DOMICILIO', '149');
INSERT INTO FIDE_TELEFONO_TB (TELEFONO_ID, NUMERO, TIPO, EXT) VALUES (45, 600100050, 'FAX', '150');

INSERT INTO FIDE_TELEFONO_TB (TELEFONO_ID, NUMERO, TIPO, EXT) VALUES (46, 600100051, 'CELULAR', '151');
INSERT INTO FIDE_TELEFONO_TB (TELEFONO_ID, NUMERO, TIPO, EXT) VALUES (47, 600100052, 'OFICINA', '152');
INSERT INTO FIDE_TELEFONO_TB (TELEFONO_ID, NUMERO, TIPO, EXT) VALUES (48, 600100053, 'DOMICILIO', '153');
INSERT INTO FIDE_TELEFONO_TB (TELEFONO_ID, NUMERO, TIPO, EXT) VALUES (49, 600100054, 'FAX', '154');
INSERT INTO FIDE_TELEFONO_TB (TELEFONO_ID, NUMERO, TIPO, EXT) VALUES (50, 600100055, 'CELULAR', '155');
INSERT INTO FIDE_TELEFONO_TB (TELEFONO_ID, NUMERO, TIPO, EXT) VALUES (51, 600100056, 'OFICINA', '156');
INSERT INTO FIDE_TELEFONO_TB (TELEFONO_ID, NUMERO, TIPO, EXT) VALUES (52, 600100057, 'DOMICILIO', '157');
INSERT INTO FIDE_TELEFONO_TB (TELEFONO_ID, NUMERO, TIPO, EXT) VALUES (53, 600100058, 'FAX', '158');
INSERT INTO FIDE_TELEFONO_TB (TELEFONO_ID, NUMERO, TIPO, EXT) VALUES (54, 600100059, 'CELULAR', '159');
INSERT INTO FIDE_TELEFONO_TB (TELEFONO_ID, NUMERO, TIPO, EXT) VALUES (55, 600100060, 'OFICINA', '160');

INSERT INTO FIDE_TELEFONO_TB (TELEFONO_ID, NUMERO, TIPO, EXT) VALUES (56, 600100061, 'DOMICILIO', '161');
INSERT INTO FIDE_TELEFONO_TB (TELEFONO_ID, NUMERO, TIPO, EXT) VALUES (57, 600100062, 'FAX', '162');
INSERT INTO FIDE_TELEFONO_TB (TELEFONO_ID, NUMERO, TIPO, EXT) VALUES (58, 600100063, 'CELULAR', '163');
INSERT INTO FIDE_TELEFONO_TB (TELEFONO_ID, NUMERO, TIPO, EXT) VALUES (59, 600100064, 'OFICINA', '164');
INSERT INTO FIDE_TELEFONO_TB (TELEFONO_ID, NUMERO, TIPO, EXT) VALUES (60, 600100065, 'DOMICILIO', '165');
INSERT INTO FIDE_TELEFONO_TB (TELEFONO_ID, NUMERO, TIPO, EXT) VALUES (61, 600100066, 'FAX', '166');
INSERT INTO FIDE_TELEFONO_TB (TELEFONO_ID, NUMERO, TIPO, EXT) VALUES (62, 600100067, 'CELULAR', '167');
INSERT INTO FIDE_TELEFONO_TB (TELEFONO_ID, NUMERO, TIPO, EXT) VALUES (63, 600100068, 'OFICINA', '168');
INSERT INTO FIDE_TELEFONO_TB (TELEFONO_ID, NUMERO, TIPO, EXT) VALUES (64, 600100069, 'DOMICILIO', '169');
INSERT INTO FIDE_TELEFONO_TB (TELEFONO_ID, NUMERO, TIPO, EXT) VALUES (65, 600100070, 'FAX', '170');

INSERT INTO FIDE_TELEFONO_TB (TELEFONO_ID, NUMERO, TIPO, EXT) VALUES (66, 600100071, 'CELULAR', '171');
INSERT INTO FIDE_TELEFONO_TB (TELEFONO_ID, NUMERO, TIPO, EXT) VALUES (67, 600100072, 'OFICINA', '172');
INSERT INTO FIDE_TELEFONO_TB (TELEFONO_ID, NUMERO, TIPO, EXT) VALUES (68, 600100073, 'DOMICILIO', '173');
INSERT INTO FIDE_TELEFONO_TB (TELEFONO_ID, NUMERO, TIPO, EXT) VALUES (69, 600100074, 'FAX', '174');
INSERT INTO FIDE_TELEFONO_TB (TELEFONO_ID, NUMERO, TIPO, EXT) VALUES (70, 600100075, 'CELULAR', '175');
INSERT INTO FIDE_TELEFONO_TB (TELEFONO_ID, NUMERO, TIPO, EXT) VALUES (71, 600100076, 'OFICINA', '176');
INSERT INTO FIDE_TELEFONO_TB (TELEFONO_ID, NUMERO, TIPO, EXT) VALUES (72, 600100077, 'DOMICILIO', '177');
INSERT INTO FIDE_TELEFONO_TB (TELEFONO_ID, NUMERO, TIPO, EXT) VALUES (73, 600100078, 'FAX', '178');
INSERT INTO FIDE_TELEFONO_TB (TELEFONO_ID, NUMERO, TIPO, EXT) VALUES (74, 600100079, 'CELULAR', '179');
INSERT INTO FIDE_TELEFONO_TB (TELEFONO_ID, NUMERO, TIPO, EXT) VALUES (75, 600100080, 'OFICINA', '180');

INSERT INTO FIDE_TELEFONO_TB (TELEFONO_ID, NUMERO, TIPO, EXT) VALUES (76, 600100081, 'DOMICILIO', '181');
INSERT INTO FIDE_TELEFONO_TB (TELEFONO_ID, NUMERO, TIPO, EXT) VALUES (77, 600100082, 'FAX', '182');
INSERT INTO FIDE_TELEFONO_TB (TELEFONO_ID, NUMERO, TIPO, EXT) VALUES (78, 600100083, 'CELULAR', '183');
INSERT INTO FIDE_TELEFONO_TB (TELEFONO_ID, NUMERO, TIPO, EXT) VALUES (79, 600100084, 'OFICINA', '184');
INSERT INTO FIDE_TELEFONO_TB (TELEFONO_ID, NUMERO, TIPO, EXT) VALUES (80, 600100085, 'DOMICILIO', '185');
INSERT INTO FIDE_TELEFONO_TB (TELEFONO_ID, NUMERO, TIPO, EXT) VALUES (81, 600100086, 'FAX', '186');
INSERT INTO FIDE_TELEFONO_TB (TELEFONO_ID, NUMERO, TIPO, EXT) VALUES (82, 600100087, 'CELULAR', '187');
INSERT INTO FIDE_TELEFONO_TB (TELEFONO_ID, NUMERO, TIPO, EXT) VALUES (83, 600100088, 'OFICINA', '188');
INSERT INTO FIDE_TELEFONO_TB (TELEFONO_ID, NUMERO, TIPO, EXT) VALUES (84, 600100089, 'DOMICILIO', '189');
INSERT INTO FIDE_TELEFONO_TB (TELEFONO_ID, NUMERO, TIPO, EXT) VALUES (85, 600100090, 'FAX', '190');

INSERT INTO FIDE_TELEFONO_TB (TELEFONO_ID, NUMERO, TIPO, EXT) VALUES (86, 600100091, 'CELULAR', '191');
INSERT INTO FIDE_TELEFONO_TB (TELEFONO_ID, NUMERO, TIPO, EXT) VALUES (87, 600100092, 'OFICINA', '192');
INSERT INTO FIDE_TELEFONO_TB (TELEFONO_ID, NUMERO, TIPO, EXT) VALUES (88, 600100093, 'DOMICILIO', '193');
INSERT INTO FIDE_TELEFONO_TB (TELEFONO_ID, NUMERO, TIPO, EXT) VALUES (89, 600100094, 'FAX', '194');
INSERT INTO FIDE_TELEFONO_TB (TELEFONO_ID, NUMERO, TIPO, EXT) VALUES (90, 600100095, 'CELULAR', '195');
INSERT INTO FIDE_TELEFONO_TB (TELEFONO_ID, NUMERO, TIPO, EXT) VALUES (91, 600100096, 'OFICINA', '196');
INSERT INTO FIDE_TELEFONO_TB (TELEFONO_ID, NUMERO, TIPO, EXT) VALUES (92, 600100097, 'DOMICILIO', '197');
INSERT INTO FIDE_TELEFONO_TB (TELEFONO_ID, NUMERO, TIPO, EXT) VALUES (93, 600100098, 'FAX', '198');
INSERT INTO FIDE_TELEFONO_TB (TELEFONO_ID, NUMERO, TIPO, EXT) VALUES (94, 600100099, 'CELULAR', '199');
INSERT INTO FIDE_TELEFONO_TB (TELEFONO_ID, NUMERO, TIPO, EXT) VALUES (95, 600100100, 'OFICINA', '200');

INSERT INTO FIDE_TELEFONO_TB (TELEFONO_ID, NUMERO, TIPO, EXT) VALUES (96, 600100101, 'DOMICILIO', '201');
INSERT INTO FIDE_TELEFONO_TB (TELEFONO_ID, NUMERO, TIPO, EXT) VALUES (97, 600100102, 'FAX', '202');
INSERT INTO FIDE_TELEFONO_TB (TELEFONO_ID, NUMERO, TIPO, EXT) VALUES (98, 600100103, 'CELULAR', '203');
INSERT INTO FIDE_TELEFONO_TB (TELEFONO_ID, NUMERO, TIPO, EXT) VALUES (99, 600100104, 'OFICINA', '204');
INSERT INTO FIDE_TELEFONO_TB (TELEFONO_ID, NUMERO, TIPO, EXT) VALUES (100, 600100105, 'DOMICILIO', '205');
INSERT INTO FIDE_TELEFONO_TB (TELEFONO_ID, NUMERO, TIPO, EXT) VALUES (101, 600100106, 'FAX', '206');
INSERT INTO FIDE_TELEFONO_TB (TELEFONO_ID, NUMERO, TIPO, EXT) VALUES (102, 600100107, 'CELULAR', '207');
INSERT INTO FIDE_TELEFONO_TB (TELEFONO_ID, NUMERO, TIPO, EXT) VALUES (103, 600100108, 'OFICINA', '208');
INSERT INTO FIDE_TELEFONO_TB (TELEFONO_ID, NUMERO, TIPO, EXT) VALUES (104, 600100109, 'DOMICILIO', '209');
INSERT INTO FIDE_TELEFONO_TB (TELEFONO_ID, NUMERO, TIPO, EXT) VALUES (105, 600100110, 'FAX', '210');

INSERT INTO FIDE_TELEFONO_TB (TELEFONO_ID, NUMERO, TIPO, EXT) VALUES (106, 600100111, 'CELULAR', '211');
INSERT INTO FIDE_TELEFONO_TB (TELEFONO_ID, NUMERO, TIPO, EXT) VALUES (107, 600100112, 'OFICINA', '212');
INSERT INTO FIDE_TELEFONO_TB (TELEFONO_ID, NUMERO, TIPO, EXT) VALUES (108, 600100113, 'DOMICILIO', '213');
INSERT INTO FIDE_TELEFONO_TB (TELEFONO_ID, NUMERO, TIPO, EXT) VALUES (109, 600100114, 'FAX', '214');
INSERT INTO FIDE_TELEFONO_TB (TELEFONO_ID, NUMERO, TIPO, EXT) VALUES (110, 600100115, 'CELULAR', '215');
INSERT INTO FIDE_TELEFONO_TB (TELEFONO_ID, NUMERO, TIPO, EXT) VALUES (111, 600100116, 'OFICINA', '216');
INSERT INTO FIDE_TELEFONO_TB (TELEFONO_ID, NUMERO, TIPO, EXT) VALUES (112, 600100117, 'DOMICILIO', '217');
INSERT INTO FIDE_TELEFONO_TB (TELEFONO_ID, NUMERO, TIPO, EXT) VALUES (113, 600100118, 'FAX', '218');
INSERT INTO FIDE_TELEFONO_TB (TELEFONO_ID, NUMERO, TIPO, EXT) VALUES (114, 600100119, 'CELULAR', '219');
INSERT INTO FIDE_TELEFONO_TB (TELEFONO_ID, NUMERO, TIPO, EXT) VALUES (115, 600100120, 'OFICINA', '220');

INSERT INTO FIDE_TELEFONO_TB (TELEFONO_ID, NUMERO, TIPO, EXT) VALUES (116, 600100121, 'DOMICILIO', '221');
INSERT INTO FIDE_TELEFONO_TB (TELEFONO_ID, NUMERO, TIPO, EXT) VALUES (117, 600100122, 'FAX', '222');
INSERT INTO FIDE_TELEFONO_TB (TELEFONO_ID, NUMERO, TIPO, EXT) VALUES (118, 600100123, 'CELULAR', '223');
INSERT INTO FIDE_TELEFONO_TB (TELEFONO_ID, NUMERO, TIPO, EXT) VALUES (119, 600100124, 'OFICINA', '224');
INSERT INTO FIDE_TELEFONO_TB (TELEFONO_ID, NUMERO, TIPO, EXT) VALUES (120, 600100125, 'DOMICILIO', '225');
INSERT INTO FIDE_TELEFONO_TB (TELEFONO_ID, NUMERO, TIPO, EXT) VALUES (121, 600100126, 'FAX', '226');
INSERT INTO FIDE_TELEFONO_TB (TELEFONO_ID, NUMERO, TIPO, EXT) VALUES (122, 600100127, 'CELULAR', '227');
INSERT INTO FIDE_TELEFONO_TB (TELEFONO_ID, NUMERO, TIPO, EXT) VALUES (123, 600100128, 'OFICINA', '228');
INSERT INTO FIDE_TELEFONO_TB (TELEFONO_ID, NUMERO, TIPO, EXT) VALUES (124, 600100129, 'DOMICILIO', '229');
INSERT INTO FIDE_TELEFONO_TB (TELEFONO_ID, NUMERO, TIPO, EXT) VALUES (125, 600100130, 'FAX', '230');

INSERT INTO FIDE_TELEFONO_TB (TELEFONO_ID, NUMERO, TIPO, EXT) VALUES (126, 600100131, 'CELULAR', '231');
INSERT INTO FIDE_TELEFONO_TB (TELEFONO_ID, NUMERO, TIPO, EXT) VALUES (127, 600100132, 'OFICINA', '232');
INSERT INTO FIDE_TELEFONO_TB (TELEFONO_ID, NUMERO, TIPO, EXT) VALUES (128, 600100133, 'DOMICILIO', '233');
INSERT INTO FIDE_TELEFONO_TB (TELEFONO_ID, NUMERO, TIPO, EXT) VALUES (129, 600100134, 'FAX', '234');
INSERT INTO FIDE_TELEFONO_TB (TELEFONO_ID, NUMERO, TIPO, EXT) VALUES (130, 600100135, 'CELULAR', '235');
INSERT INTO FIDE_TELEFONO_TB (TELEFONO_ID, NUMERO, TIPO, EXT) VALUES (131, 600100136, 'OFICINA', '236');
INSERT INTO FIDE_TELEFONO_TB (TELEFONO_ID, NUMERO, TIPO, EXT) VALUES (132, 600100137, 'DOMICILIO', '237');
INSERT INTO FIDE_TELEFONO_TB (TELEFONO_ID, NUMERO, TIPO, EXT) VALUES (133, 600100138, 'FAX', '238');
INSERT INTO FIDE_TELEFONO_TB (TELEFONO_ID, NUMERO, TIPO, EXT) VALUES (134, 600100139, 'CELULAR', '239');
INSERT INTO FIDE_TELEFONO_TB (TELEFONO_ID, NUMERO, TIPO, EXT) VALUES (135, 600100140, 'OFICINA', '240');

INSERT INTO FIDE_TELEFONO_TB (TELEFONO_ID, NUMERO, TIPO, EXT) VALUES (136, 600100141, 'DOMICILIO', '241');
INSERT INTO FIDE_TELEFONO_TB (TELEFONO_ID, NUMERO, TIPO, EXT) VALUES (137, 600100142, 'FAX', '242');
INSERT INTO FIDE_TELEFONO_TB (TELEFONO_ID, NUMERO, TIPO, EXT) VALUES (138, 600100143, 'CELULAR', '243');
INSERT INTO FIDE_TELEFONO_TB (TELEFONO_ID, NUMERO, TIPO, EXT) VALUES (139, 600100144, 'OFICINA', '244');
INSERT INTO FIDE_TELEFONO_TB (TELEFONO_ID, NUMERO, TIPO, EXT) VALUES (140, 600100145, 'DOMICILIO', '245');
INSERT INTO FIDE_TELEFONO_TB (TELEFONO_ID, NUMERO, TIPO, EXT) VALUES (141, 600100146, 'FAX', '246');
INSERT INTO FIDE_TELEFONO_TB (TELEFONO_ID, NUMERO, TIPO, EXT) VALUES (142, 600100147, 'CELULAR', '247');
INSERT INTO FIDE_TELEFONO_TB (TELEFONO_ID, NUMERO, TIPO, EXT) VALUES (143, 600100148, 'OFICINA', '248');
INSERT INTO FIDE_TELEFONO_TB (TELEFONO_ID, NUMERO, TIPO, EXT) VALUES (144, 600100149, 'DOMICILIO', '249');
INSERT INTO FIDE_TELEFONO_TB (TELEFONO_ID, NUMERO, TIPO, EXT) VALUES (145, 600100150, 'FAX', '250');

INSERT INTO FIDE_TELEFONO_TB (TELEFONO_ID, NUMERO, TIPO, EXT) VALUES (146, 600100151, 'CELULAR', '251');
INSERT INTO FIDE_TELEFONO_TB (TELEFONO_ID, NUMERO, TIPO, EXT) VALUES (147, 600100152, 'OFICINA', '252');
INSERT INTO FIDE_TELEFONO_TB (TELEFONO_ID, NUMERO, TIPO, EXT) VALUES (148, 600100153, 'DOMICILIO', '253');
INSERT INTO FIDE_TELEFONO_TB (TELEFONO_ID, NUMERO, TIPO, EXT) VALUES (149, 600100154, 'FAX', '254');
INSERT INTO FIDE_TELEFONO_TB (TELEFONO_ID, NUMERO, TIPO, EXT) VALUES (150, 600100155, 'CELULAR', '255');
INSERT INTO FIDE_TELEFONO_TB (TELEFONO_ID, NUMERO, TIPO, EXT) VALUES (151, 600100156, 'OFICINA', '256');
INSERT INTO FIDE_TELEFONO_TB (TELEFONO_ID, NUMERO, TIPO, EXT) VALUES (152, 600100157, 'DOMICILIO', '257');
INSERT INTO FIDE_TELEFONO_TB (TELEFONO_ID, NUMERO, TIPO, EXT) VALUES (153, 600100158, 'FAX', '258');
INSERT INTO FIDE_TELEFONO_TB (TELEFONO_ID, NUMERO, TIPO, EXT) VALUES (154, 600100159, 'CELULAR', '259');
INSERT INTO FIDE_TELEFONO_TB (TELEFONO_ID, NUMERO, TIPO, EXT) VALUES (155, 600100160, 'OFICINA', '260');

INSERT INTO FIDE_TELEFONO_TB (TELEFONO_ID, NUMERO, TIPO, EXT) VALUES (156, 600100161, 'DOMICILIO', '261');
INSERT INTO FIDE_TELEFONO_TB (TELEFONO_ID, NUMERO, TIPO, EXT) VALUES (157, 600100162, 'FAX', '262');
INSERT INTO FIDE_TELEFONO_TB (TELEFONO_ID, NUMERO, TIPO, EXT) VALUES (158, 600100163, 'CELULAR', '263');
INSERT INTO FIDE_TELEFONO_TB (TELEFONO_ID, NUMERO, TIPO, EXT) VALUES (159, 600100164, 'OFICINA', '264');
INSERT INTO FIDE_TELEFONO_TB (TELEFONO_ID, NUMERO, TIPO, EXT) VALUES (160, 600100165, 'DOMICILIO', '265');
INSERT INTO FIDE_TELEFONO_TB (TELEFONO_ID, NUMERO, TIPO, EXT) VALUES (161, 600100166, 'FAX', '266');
INSERT INTO FIDE_TELEFONO_TB (TELEFONO_ID, NUMERO, TIPO, EXT) VALUES (162, 600100167, 'CELULAR', '267');
INSERT INTO FIDE_TELEFONO_TB (TELEFONO_ID, NUMERO, TIPO, EXT) VALUES (163, 600100168, 'OFICINA', '268');
INSERT INTO FIDE_TELEFONO_TB (TELEFONO_ID, NUMERO, TIPO, EXT) VALUES (164, 600100169, 'DOMICILIO', '269');
INSERT INTO FIDE_TELEFONO_TB (TELEFONO_ID, NUMERO, TIPO, EXT) VALUES (165, 600100170, 'FAX', '270');

INSERT INTO FIDE_TELEFONO_TB (TELEFONO_ID, NUMERO, TIPO, EXT) VALUES (166, 600100171, 'CELULAR', '271');
INSERT INTO FIDE_TELEFONO_TB (TELEFONO_ID, NUMERO, TIPO, EXT) VALUES (167, 600100172, 'OFICINA', '272');
INSERT INTO FIDE_TELEFONO_TB (TELEFONO_ID, NUMERO, TIPO, EXT) VALUES (168, 600100173, 'DOMICILIO', '273');
INSERT INTO FIDE_TELEFONO_TB (TELEFONO_ID, NUMERO, TIPO, EXT) VALUES (169, 600100174, 'FAX', '274');
INSERT INTO FIDE_TELEFONO_TB (TELEFONO_ID, NUMERO, TIPO, EXT) VALUES (170, 600100175, 'CELULAR', '275');
INSERT INTO FIDE_TELEFONO_TB (TELEFONO_ID, NUMERO, TIPO, EXT) VALUES (171, 600100176, 'OFICINA', '276');
INSERT INTO FIDE_TELEFONO_TB (TELEFONO_ID, NUMERO, TIPO, EXT) VALUES (172, 600100177, 'DOMICILIO', '277');
INSERT INTO FIDE_TELEFONO_TB (TELEFONO_ID, NUMERO, TIPO, EXT) VALUES (173, 600100178, 'FAX', '278');
INSERT INTO FIDE_TELEFONO_TB (TELEFONO_ID, NUMERO, TIPO, EXT) VALUES (174, 600100179, 'CELULAR', '279');
INSERT INTO FIDE_TELEFONO_TB (TELEFONO_ID, NUMERO, TIPO, EXT) VALUES (175, 600100180, 'OFICINA', '280');

INSERT INTO FIDE_TELEFONO_TB (TELEFONO_ID, NUMERO, TIPO, EXT) VALUES (176, 600100181, 'DOMICILIO', '281');
INSERT INTO FIDE_TELEFONO_TB (TELEFONO_ID, NUMERO, TIPO, EXT) VALUES (177, 600100182, 'FAX', '282');
INSERT INTO FIDE_TELEFONO_TB (TELEFONO_ID, NUMERO, TIPO, EXT) VALUES (178, 600100183, 'CELULAR', '283');
INSERT INTO FIDE_TELEFONO_TB (TELEFONO_ID, NUMERO, TIPO, EXT) VALUES (179, 600100184, 'OFICINA', '284');
INSERT INTO FIDE_TELEFONO_TB (TELEFONO_ID, NUMERO, TIPO, EXT) VALUES (180, 600100185, 'DOMICILIO', '285');
INSERT INTO FIDE_TELEFONO_TB (TELEFONO_ID, NUMERO, TIPO, EXT) VALUES (181, 600100186, 'FAX', '286');
INSERT INTO FIDE_TELEFONO_TB (TELEFONO_ID, NUMERO, TIPO, EXT) VALUES (182, 600100187, 'CELULAR', '287');
INSERT INTO FIDE_TELEFONO_TB (TELEFONO_ID, NUMERO, TIPO, EXT) VALUES (183, 600100188, 'OFICINA', '288');
INSERT INTO FIDE_TELEFONO_TB (TELEFONO_ID, NUMERO, TIPO, EXT) VALUES (184, 600100189, 'DOMICILIO', '289');
INSERT INTO FIDE_TELEFONO_TB (TELEFONO_ID, NUMERO, TIPO, EXT) VALUES (185, 600100190, 'FAX', '290');

INSERT INTO FIDE_TELEFONO_TB (TELEFONO_ID, NUMERO, TIPO, EXT) VALUES (186, 600100191, 'CELULAR', '291');
INSERT INTO FIDE_TELEFONO_TB (TELEFONO_ID, NUMERO, TIPO, EXT) VALUES (187, 600100192, 'OFICINA', '292');
INSERT INTO FIDE_TELEFONO_TB (TELEFONO_ID, NUMERO, TIPO, EXT) VALUES (188, 600100193, 'DOMICILIO', '293');
INSERT INTO FIDE_TELEFONO_TB (TELEFONO_ID, NUMERO, TIPO, EXT) VALUES (189, 600100194, 'FAX', '294');
INSERT INTO FIDE_TELEFONO_TB (TELEFONO_ID, NUMERO, TIPO, EXT) VALUES (190, 600100195, 'CELULAR', '295');
INSERT INTO FIDE_TELEFONO_TB (TELEFONO_ID, NUMERO, TIPO, EXT) VALUES (191, 600100196, 'OFICINA', '296');
INSERT INTO FIDE_TELEFONO_TB (TELEFONO_ID, NUMERO, TIPO, EXT) VALUES (192, 600100197, 'DOMICILIO', '297');
INSERT INTO FIDE_TELEFONO_TB (TELEFONO_ID, NUMERO, TIPO, EXT) VALUES (193, 600100198, 'FAX', '298');
INSERT INTO FIDE_TELEFONO_TB (TELEFONO_ID, NUMERO, TIPO, EXT) VALUES (194, 600100199, 'CELULAR', '299');
INSERT INTO FIDE_TELEFONO_TB (TELEFONO_ID, NUMERO, TIPO, EXT) VALUES (195, 600100200, 'OFICINA', '300');

INSERT INTO FIDE_TELEFONO_TB (TELEFONO_ID, NUMERO, TIPO, EXT) VALUES (196, 600100201, 'DOMICILIO', '301');
INSERT INTO FIDE_TELEFONO_TB (TELEFONO_ID, NUMERO, TIPO, EXT) VALUES (197, 600100202, 'FAX', '302');
INSERT INTO FIDE_TELEFONO_TB (TELEFONO_ID, NUMERO, TIPO, EXT) VALUES (198, 600100203, 'CELULAR', '303');
INSERT INTO FIDE_TELEFONO_TB (TELEFONO_ID, NUMERO, TIPO, EXT) VALUES (199, 600100204, 'OFICINA', '304');
INSERT INTO FIDE_TELEFONO_TB (TELEFONO_ID, NUMERO, TIPO, EXT) VALUES (200, 600100205, 'DOMICILIO', '305');


--INSERTS TABLA PROVEEDOR
INSERT INTO FIDE_PROVEEDOR_TB (PROVEEDOR_ID, TELEFONO_ID, NOMBRE, CONTACTO, DIRECCION, EMAIL) 
VALUES (1, 126, 'Saba', '80009000', 'Av. Principal, #123', 'contacto@saba.com');

INSERT INTO FIDE_PROVEEDOR_TB (PROVEEDOR_ID, TELEFONO_ID, NOMBRE, CONTACTO, DIRECCION, EMAIL) 
VALUES (2, 127, 'Tío Pelón', '80009001', 'Calle Secundaria, #45', 'contacto@tiopelon.com');

INSERT INTO FIDE_PROVEEDOR_TB (PROVEEDOR_ID, TELEFONO_ID, NOMBRE, CONTACTO, DIRECCION, EMAIL) 
VALUES (3, 128, 'Kimberly-Clark', '80009002', 'Zona Industrial, #7', 'info@kimberly-clark.com');

INSERT INTO FIDE_PROVEEDOR_TB (PROVEEDOR_ID, TELEFONO_ID, NOMBRE, CONTACTO, DIRECCION, EMAIL) 
VALUES (4, 129, 'Procter & Gamble', '80009003', 'Sector Comercial, #19', 'ventas@pg.com');

INSERT INTO FIDE_PROVEEDOR_TB (PROVEEDOR_ID, TELEFONO_ID, NOMBRE, CONTACTO, DIRECCION, EMAIL) 
VALUES (5, 130, 'Colgate', '80009004', 'Parque Empresarial, #56', 'soporte@colgate.com');

INSERT INTO FIDE_PROVEEDOR_TB (PROVEEDOR_ID, TELEFONO_ID, NOMBRE, CONTACTO, DIRECCION, EMAIL) 
VALUES (6, 131, 'Nestlé', '80009005', 'Centro Logístico, #2', 'atencion@nestle.com');

INSERT INTO FIDE_PROVEEDOR_TB (PROVEEDOR_ID, TELEFONO_ID, NOMBRE, CONTACTO, DIRECCION, EMAIL) 
VALUES (7, 132, 'Unilever', '80009006', 'Plaza Central, #10', 'contacto@unilever.com');

INSERT INTO FIDE_PROVEEDOR_TB (PROVEEDOR_ID, TELEFONO_ID, NOMBRE, CONTACTO, DIRECCION, EMAIL) 
VALUES (8, 133, 'Diversey', '80009007', 'Edificio Torreón, #5', 'ventas@diversey.com');

INSERT INTO FIDE_PROVEEDOR_TB (PROVEEDOR_ID, TELEFONO_ID, NOMBRE, CONTACTO, DIRECCION, EMAIL) 
VALUES (9, 134, '3M', '80009008', 'Condominio Comercial, #15', 'soporte@3m.com');

INSERT INTO FIDE_PROVEEDOR_TB (PROVEEDOR_ID, TELEFONO_ID, NOMBRE, CONTACTO, DIRECCION, EMAIL) 
VALUES (10, 135, 'Clorox', '80009009', 'Zona Franca, #8', 'atencion@clorox.com');

INSERT INTO FIDE_PROVEEDOR_TB (PROVEEDOR_ID, TELEFONO_ID, NOMBRE, CONTACTO, DIRECCION, EMAIL) 
VALUES (11, 136, 'Johnson & Johnson', '80009010', 'Sector Residencial, #12', 'info@jnj.com');

INSERT INTO FIDE_PROVEEDOR_TB (PROVEEDOR_ID, TELEFONO_ID, NOMBRE, CONTACTO, DIRECCION, EMAIL) 
VALUES (12, 137, 'SC Johnson', '80009011', 'Centro Comercial, #3', 'ventas@scjohnson.com');

INSERT INTO FIDE_PROVEEDOR_TB (PROVEEDOR_ID, TELEFONO_ID, NOMBRE, CONTACTO, DIRECCION, EMAIL) 
VALUES (13, 138, 'Essity', '80009012', 'Paseo Empresarial, #23', 'contacto@essity.com');

INSERT INTO FIDE_PROVEEDOR_TB (PROVEEDOR_ID, TELEFONO_ID, NOMBRE, CONTACTO, DIRECCION, EMAIL) 
VALUES (14, 139, 'Ecolab', '80009013', 'Zona Norte, #18', 'soporte@ecolab.com');

INSERT INTO FIDE_PROVEEDOR_TB (PROVEEDOR_ID, TELEFONO_ID, NOMBRE, CONTACTO, DIRECCION, EMAIL) 
VALUES (15, 140, 'P&G Professional', '80009014', 'Torre Central, #9', 'profesional@pg.com');

INSERT INTO FIDE_PROVEEDOR_TB (PROVEEDOR_ID, TELEFONO_ID, NOMBRE, CONTACTO, DIRECCION, EMAIL) 
VALUES (16, 141, 'GOJO Industries', '80009015', 'Sector Industrial, #14', 'ventas@gojo.com');

INSERT INTO FIDE_PROVEEDOR_TB (PROVEEDOR_ID, TELEFONO_ID, NOMBRE, CONTACTO, DIRECCION, EMAIL) 
VALUES (17, 142, 'Tork', '80009016', 'Edificio Prisma, #11', 'atencion@tork.com');

INSERT INTO FIDE_PROVEEDOR_TB (PROVEEDOR_ID, TELEFONO_ID, NOMBRE, CONTACTO, DIRECCION, EMAIL) 
VALUES (18, 143, 'Vileda Professional', '80009017', 'Zona Sur, #7', 'soporte@vileda.com');

INSERT INTO FIDE_PROVEEDOR_TB (PROVEEDOR_ID, TELEFONO_ID, NOMBRE, CONTACTO, DIRECCION, EMAIL) 
VALUES (19, 144, 'Hygiene Systems', '80009018', 'Plaza Ejecutiva, #4', 'info@hygiene.com');

INSERT INTO FIDE_PROVEEDOR_TB (PROVEEDOR_ID, TELEFONO_ID, NOMBRE, CONTACTO, DIRECCION, EMAIL) 
VALUES (20, 145, 'Sodexo', '80009019', 'Residencial Oeste, #2', 'contacto@sodexo.com');

INSERT INTO FIDE_PROVEEDOR_TB (PROVEEDOR_ID, TELEFONO_ID, NOMBRE, CONTACTO, DIRECCION, EMAIL) 
VALUES (21, 146, 'Bimbo', '80009100', 'Av. Panamericana, #5', 'ventas@bimbo.com');

INSERT INTO FIDE_PROVEEDOR_TB (PROVEEDOR_ID, TELEFONO_ID, NOMBRE, CONTACTO, DIRECCION, EMAIL) 
VALUES (22, 147, 'PepsiCo', '80009101', 'Zona Industrial Norte, #8', 'info@pepsico.com');

INSERT INTO FIDE_PROVEEDOR_TB (PROVEEDOR_ID, TELEFONO_ID, NOMBRE, CONTACTO, DIRECCION, EMAIL) 
VALUES (23, 148, 'Coca-Cola', '80009102', 'Calle Central, #12', 'contacto@coca-cola.com');

INSERT INTO FIDE_PROVEEDOR_TB (PROVEEDOR_ID, TELEFONO_ID, NOMBRE, CONTACTO, DIRECCION, EMAIL) 
VALUES (24, 149, 'Nestlé Professional', '80009103', 'Sector Logístico, #3', 'atencion@nestle-prof.com');

INSERT INTO FIDE_PROVEEDOR_TB (PROVEEDOR_ID, TELEFONO_ID, NOMBRE, CONTACTO, DIRECCION, EMAIL) 
VALUES (25, 150, 'Aramark', '80009104', 'Plaza Comercial, #9', 'ventas@aramark.com');

INSERT INTO FIDE_PROVEEDOR_TB (PROVEEDOR_ID, TELEFONO_ID, NOMBRE, CONTACTO, DIRECCION, EMAIL) 
VALUES (26, 151, 'Heineken', '80009105', 'Edificio Verde, #22', 'info@heineken.com');

INSERT INTO FIDE_PROVEEDOR_TB (PROVEEDOR_ID, TELEFONO_ID, NOMBRE, CONTACTO, DIRECCION, EMAIL) 
VALUES (27, 152, 'DHL', '80009106', 'Parque Empresarial, #18', 'logistica@dhl.com');

INSERT INTO FIDE_PROVEEDOR_TB (PROVEEDOR_ID, TELEFONO_ID, NOMBRE, CONTACTO, DIRECCION, EMAIL) 
VALUES (28, 153, 'FedEx', '80009107', 'Sector Centro, #7', 'contacto@fedex.com');

INSERT INTO FIDE_PROVEEDOR_TB (PROVEEDOR_ID, TELEFONO_ID, NOMBRE, CONTACTO, DIRECCION, EMAIL) 
VALUES (29, 154, 'Kimberly Hotel Supplies', '80009108', 'Zona Hotelera, #19', 'ventas@kimberlyhotels.com');

INSERT INTO FIDE_PROVEEDOR_TB (PROVEEDOR_ID, TELEFONO_ID, NOMBRE, CONTACTO, DIRECCION, EMAIL) 
VALUES (30, 155, 'Cisco', '80009109', 'Av. Tecnológica, #25', 'atencion@cisco.com');

INSERT INTO FIDE_PROVEEDOR_TB (PROVEEDOR_ID, TELEFONO_ID, NOMBRE, CONTACTO, DIRECCION, EMAIL) 
VALUES (31, 156, 'HP Hospitality', '80009110', 'Parque Tecnológico, #4', 'contacto@hphospitality.com');

INSERT INTO FIDE_PROVEEDOR_TB (PROVEEDOR_ID, TELEFONO_ID, NOMBRE, CONTACTO, DIRECCION, EMAIL) 
VALUES (32, 157, 'Sony Electronics', '80009111', 'Zona de Tecnología, #15', 'info@sony.com');

INSERT INTO FIDE_PROVEEDOR_TB (PROVEEDOR_ID, TELEFONO_ID, NOMBRE, CONTACTO, DIRECCION, EMAIL) 
VALUES (33, 158, 'LG Hospitality', '80009112', 'Centro Comercial, #11', 'ventas@lghospitality.com');

INSERT INTO FIDE_PROVEEDOR_TB (PROVEEDOR_ID, TELEFONO_ID, NOMBRE, CONTACTO, DIRECCION, EMAIL) 
VALUES (34, 159, 'Philips', '80009113', 'Calle Norte, #8', 'info@philips.com');

INSERT INTO FIDE_PROVEEDOR_TB (PROVEEDOR_ID, TELEFONO_ID, NOMBRE, CONTACTO, DIRECCION, EMAIL) 
VALUES (35, 160, 'Whirlpool', '80009114', 'Zona Este, #3', 'atencion@whirlpool.com');

INSERT INTO FIDE_PROVEEDOR_TB (PROVEEDOR_ID, TELEFONO_ID, NOMBRE, CONTACTO, DIRECCION, EMAIL) 
VALUES (36, 161, 'Dometic', '80009115', 'Sector Industrial, #14', 'contacto@dometic.com');

INSERT INTO FIDE_PROVEEDOR_TB (PROVEEDOR_ID, TELEFONO_ID, NOMBRE, CONTACTO, DIRECCION, EMAIL) 
VALUES (37, 162, 'Panasonic', '80009116', 'Edificio Torre, #21', 'ventas@panasonic.com');

INSERT INTO FIDE_PROVEEDOR_TB (PROVEEDOR_ID, TELEFONO_ID, NOMBRE, CONTACTO, DIRECCION, EMAIL) 
VALUES (38, 163, 'Electrolux', '80009117', 'Zona Central, #17', 'info@electrolux.com');

INSERT INTO FIDE_PROVEEDOR_TB (PROVEEDOR_ID, TELEFONO_ID, NOMBRE, CONTACTO, DIRECCION, EMAIL) 
VALUES (39, 164, 'Samsung', '80009118', 'Av. Sur, #13', 'soporte@samsung.com');

INSERT INTO FIDE_PROVEEDOR_TB (PROVEEDOR_ID, TELEFONO_ID, NOMBRE, CONTACTO, DIRECCION, EMAIL) 
VALUES (40, 165, 'Tupperware', '80009119', 'Calle Este, #6', 'ventas@tupperware.com');

INSERT INTO FIDE_PROVEEDOR_TB (PROVEEDOR_ID, TELEFONO_ID, NOMBRE, CONTACTO, DIRECCION, EMAIL) 
VALUES (41, 166, 'Hilton Supplies', '80009120', 'Av. Hotelera, #10', 'ventas@hiltonsupplies.com');

INSERT INTO FIDE_PROVEEDOR_TB (PROVEEDOR_ID, TELEFONO_ID, NOMBRE, CONTACTO, DIRECCION, EMAIL) 
VALUES (42, 167, 'Marriott Essentials', '80009121', 'Zona Empresarial, #7', 'info@marriottessentials.com');

INSERT INTO FIDE_PROVEEDOR_TB (PROVEEDOR_ID, TELEFONO_ID, NOMBRE, CONTACTO, DIRECCION, EMAIL) 
VALUES (43, 168, 'Sheraton Goods', '80009122', 'Sector Central, #15', 'contacto@sheratongoods.com');

INSERT INTO FIDE_PROVEEDOR_TB (PROVEEDOR_ID, TELEFONO_ID, NOMBRE, CONTACTO, DIRECCION, EMAIL) 
VALUES (44, 169, 'Hyatt Services', '80009123', 'Calle de Servicios, #3', 'soporte@hyattservices.com');

INSERT INTO FIDE_PROVEEDOR_TB (PROVEEDOR_ID, TELEFONO_ID, NOMBRE, CONTACTO, DIRECCION, EMAIL) 
VALUES (45, 170, 'Accor Supplies', '80009124', 'Av. Comercio, #18', 'ventas@accorsupplies.com');

INSERT INTO FIDE_PROVEEDOR_TB (PROVEEDOR_ID, TELEFONO_ID, NOMBRE, CONTACTO, DIRECCION, EMAIL) 
VALUES (46, 171, 'InterContinental Goods', '80009125', 'Zona Franca, #9', 'info@intercontinentalgoods.com');

INSERT INTO FIDE_PROVEEDOR_TB (PROVEEDOR_ID, TELEFONO_ID, NOMBRE, CONTACTO, DIRECCION, EMAIL) 
VALUES (47, 172, 'Wyndham Logistics', '80009126', 'Plaza Logística, #11', 'logistica@wyndham.com');

INSERT INTO FIDE_PROVEEDOR_TB (PROVEEDOR_ID, TELEFONO_ID, NOMBRE, CONTACTO, DIRECCION, EMAIL) 
VALUES (48, 173, 'Best Western Supplies', '80009127', 'Sector Comercial, #5', 'ventas@bestwesternsupplies.com');

INSERT INTO FIDE_PROVEEDOR_TB (PROVEEDOR_ID, TELEFONO_ID, NOMBRE, CONTACTO, DIRECCION, EMAIL) 
VALUES (49, 174, 'Radisson Essentials', '80009128', 'Edificio Corporativo, #8', 'info@radissonessentials.com');

INSERT INTO FIDE_PROVEEDOR_TB (PROVEEDOR_ID, TELEFONO_ID, NOMBRE, CONTACTO, DIRECCION, EMAIL) 
VALUES (50, 175, 'Four Seasons Logistics', '80009129', 'Av. Hotelera Norte, #12', 'logistica@fourseasons.com');

--INSERTS TABLA HOTEL
INSERT INTO FIDE_HOTEL_TB (HOTEL_ID, TELEFONO_ID, EMAIL, NOMBRE, UBICACION) 
VALUES (1, 126, 'info@hilton.com', 'Hilton Hotel', 'Av. Principal, #123, San José');

INSERT INTO FIDE_HOTEL_TB (HOTEL_ID, TELEFONO_ID, EMAIL, NOMBRE, UBICACION) 
VALUES (2, 127, 'contact@marriott.com', 'Marriott Hotel', 'Zona Empresarial, #45, Alajuela');

INSERT INTO FIDE_HOTEL_TB (HOTEL_ID, TELEFONO_ID, EMAIL, NOMBRE, UBICACION) 
VALUES (3, 128, 'reservations@sheraton.com', 'Sheraton Hotel', 'Centro Comercial, #12, Heredia');

INSERT INTO FIDE_HOTEL_TB (HOTEL_ID, TELEFONO_ID, EMAIL, NOMBRE, UBICACION) 
VALUES (4, 129, 'info@hyatt.com', 'Hyatt Regency', 'Sector Comercial, #7, Liberia');

INSERT INTO FIDE_HOTEL_TB (HOTEL_ID, TELEFONO_ID, EMAIL, NOMBRE, UBICACION) 
VALUES (5, 130, 'support@accor.com', 'Accor Hotels', 'Zona Industrial, #5, Puntarenas');

INSERT INTO FIDE_HOTEL_TB (HOTEL_ID, TELEFONO_ID, EMAIL, NOMBRE, UBICACION) 
VALUES (6, 131, 'contact@intercontinental.com', 'InterContinental Hotel', 'Av. Central, #20, Cartago');

INSERT INTO FIDE_HOTEL_TB (HOTEL_ID, TELEFONO_ID, EMAIL, NOMBRE, UBICACION) 
VALUES (7, 132, 'info@wyndham.com', 'Wyndham Resort', 'Plaza del Sol, #9, Limón');

INSERT INTO FIDE_HOTEL_TB (HOTEL_ID, TELEFONO_ID, EMAIL, NOMBRE, UBICACION) 
VALUES (8, 133, 'reservations@bestwestern.com', 'Best Western', 'Av. Hotelera, #14, Guanacaste');

INSERT INTO FIDE_HOTEL_TB (HOTEL_ID, TELEFONO_ID, EMAIL, NOMBRE, UBICACION) 
VALUES (9, 134, 'info@radisson.com', 'Radisson Blu', 'Zona Residencial, #8, Quepos');

INSERT INTO FIDE_HOTEL_TB (HOTEL_ID, TELEFONO_ID, EMAIL, NOMBRE, UBICACION) 
VALUES (10, 135, 'support@fourseasons.com', 'Four Seasons', 'Sector Norte, #11, Tamarindo');

INSERT INTO FIDE_HOTEL_TB (HOTEL_ID, TELEFONO_ID, EMAIL, NOMBRE, UBICACION) 
VALUES (11, 136, 'info@ritzcarlton.com', 'Ritz-Carlton Hotel', 'Zona Exclusiva, #23, Escazú');

INSERT INTO FIDE_HOTEL_TB (HOTEL_ID, TELEFONO_ID, EMAIL, NOMBRE, UBICACION) 
VALUES (12, 137, 'reservations@fairmont.com', 'Fairmont Hotel', 'Paseo Colón, #10, San José');

INSERT INTO FIDE_HOTEL_TB (HOTEL_ID, TELEFONO_ID, EMAIL, NOMBRE, UBICACION) 
VALUES (13, 138, 'contact@barcelo.com', 'Barceló Hotel', 'Zona Costera, #5, Jacó');

INSERT INTO FIDE_HOTEL_TB (HOTEL_ID, TELEFONO_ID, EMAIL, NOMBRE, UBICACION) 
VALUES (14, 139, 'info@melia.com', 'Meliá Hotel', 'Av. Central, #12, Manuel Antonio');

INSERT INTO FIDE_HOTEL_TB (HOTEL_ID, TELEFONO_ID, EMAIL, NOMBRE, UBICACION) 
VALUES (15, 140, 'reservations@ihg.com', 'Holiday Inn Express', 'Calle Norte, #7, Liberia');

INSERT INTO FIDE_HOTEL_TB (HOTEL_ID, TELEFONO_ID, EMAIL, NOMBRE, UBICACION) 
VALUES (16, 141, 'contact@novotel.com', 'Novotel Hotel', 'Plaza Comercial, #3, Alajuela');

INSERT INTO FIDE_HOTEL_TB (HOTEL_ID, TELEFONO_ID, EMAIL, NOMBRE, UBICACION) 
VALUES (17, 142, 'support@mandarinoriental.com', 'Mandarin Oriental', 'Zona Exclusiva, #19, Tamarindo');

INSERT INTO FIDE_HOTEL_TB (HOTEL_ID, TELEFONO_ID, EMAIL, NOMBRE, UBICACION) 
VALUES (18, 143, 'reservations@tryp.com', 'Tryp by Wyndham', 'Sector Empresarial, #8, Heredia');

INSERT INTO FIDE_HOTEL_TB (HOTEL_ID, TELEFONO_ID, EMAIL, NOMBRE, UBICACION) 
VALUES (19, 144, 'info@alofthotels.com', 'Aloft Hotel', 'Zona Universitaria, #4, San Pedro');

INSERT INTO FIDE_HOTEL_TB (HOTEL_ID, TELEFONO_ID, EMAIL, NOMBRE, UBICACION) 
VALUES (20, 145, 'reservations@jwmarriott.com', 'JW Marriott', 'Av. Costanera, #6, Uvita');

INSERT INTO FIDE_HOTEL_TB (HOTEL_ID, TELEFONO_ID, EMAIL, NOMBRE, UBICACION) 
VALUES (21, 146, 'info@doubletree.com', 'DoubleTree by Hilton', 'Zona Industrial, #18, San Carlos');

INSERT INTO FIDE_HOTEL_TB (HOTEL_ID, TELEFONO_ID, EMAIL, NOMBRE, UBICACION) 
VALUES (22, 147, 'reservations@belmond.com', 'Belmond Hotel', 'Sector Central, #5, Puntarenas');

INSERT INTO FIDE_HOTEL_TB (HOTEL_ID, TELEFONO_ID, EMAIL, NOMBRE, UBICACION) 
VALUES (23, 148, 'contact@lq.com', 'La Quinta Inn', 'Plaza del Este, #9, Limón');

INSERT INTO FIDE_HOTEL_TB (HOTEL_ID, TELEFONO_ID, EMAIL, NOMBRE, UBICACION) 
VALUES (24, 149, 'info@lemeridien.com', 'Le Meridien Hotel', 'Sector Hotelero, #11, Monteverde');

INSERT INTO FIDE_HOTEL_TB (HOTEL_ID, TELEFONO_ID, EMAIL, NOMBRE, UBICACION) 
VALUES (25, 150, 'reservations@omnihotels.com', 'Omni Hotel', 'Zona Norte, #17, Santa Teresa');

INSERT INTO FIDE_HOTEL_TB (HOTEL_ID, TELEFONO_ID, EMAIL, NOMBRE, UBICACION) 
VALUES (26, 151, 'support@shangri-la.com', 'Shangri-La Hotel', 'Calle del Sol, #15, Malpaís');

INSERT INTO FIDE_HOTEL_TB (HOTEL_ID, TELEFONO_ID, EMAIL, NOMBRE, UBICACION) 
VALUES (27, 152, 'contact@kempinski.com', 'Kempinski Hotel', 'Zona Comercial, #13, Nosara');

INSERT INTO FIDE_HOTEL_TB (HOTEL_ID, TELEFONO_ID, EMAIL, NOMBRE, UBICACION) 
VALUES (28, 153, 'reservations@anantara.com', 'Anantara Hotel', 'Sector Exclusivo, #9, Manuel Antonio');

INSERT INTO FIDE_HOTEL_TB (HOTEL_ID, TELEFONO_ID, EMAIL, NOMBRE, UBICACION) 
VALUES (29, 154, 'info@parkhyatt.com', 'Park Hyatt', 'Plaza Central, #10, Tamarindo');

INSERT INTO FIDE_HOTEL_TB (HOTEL_ID, TELEFONO_ID, EMAIL, NOMBRE, UBICACION) 
VALUES (30, 155, 'reservations@waldorfastoria.com', 'Waldorf Astoria', 'Av. Norte, #14, Flamingo');

INSERT INTO FIDE_HOTEL_TB (HOTEL_ID, TELEFONO_ID, EMAIL, NOMBRE, UBICACION) 
VALUES (31, 156, 'info@ritzcarltonguanacaste.com', 'The Ritz-Carlton', 'Playa Conchal, Guanacaste');

INSERT INTO FIDE_HOTEL_TB (HOTEL_ID, TELEFONO_ID, EMAIL, NOMBRE, UBICACION) 
VALUES (32, 157, 'reservations@marriott.com', 'JW Marriott Guanacaste', 'Hacienda Pinilla, Tamarindo');

INSERT INTO FIDE_HOTEL_TB (HOTEL_ID, TELEFONO_ID, EMAIL, NOMBRE, UBICACION) 
VALUES (33, 158, 'contact@fourseasons.com', 'Four Seasons', 'Papagayo Peninsula, Guanacaste');

INSERT INTO FIDE_HOTEL_TB (HOTEL_ID, TELEFONO_ID, EMAIL, NOMBRE, UBICACION) 
VALUES (34, 159, 'stay@andaz.com', 'Andaz Costa Rica Resort', 'Peninsula Papagayo, Guanacaste');

INSERT INTO FIDE_HOTEL_TB (HOTEL_ID, TELEFONO_ID, EMAIL, NOMBRE, UBICACION) 
VALUES (35, 160, 'info@tamarindodiria.com', 'Tamarindo Diria', 'Main Street, Tamarindo');

INSERT INTO FIDE_HOTEL_TB (HOTEL_ID, TELEFONO_ID, EMAIL, NOMBRE, UBICACION) 
VALUES (36, 161, 'reservas@hotelcapitan.com', 'Capitán Suizo Hotel', 'Playa Tamarindo, Guanacaste');

INSERT INTO FIDE_HOTEL_TB (HOTEL_ID, TELEFONO_ID, EMAIL, NOMBRE, UBICACION) 
VALUES (37, 162, 'bookings@aqualodge.com', 'Aqua Wellness Resort', 'Playa Gigante, Guanacaste');

INSERT INTO FIDE_HOTEL_TB (HOTEL_ID, TELEFONO_ID, EMAIL, NOMBRE, UBICACION) 
VALUES (38, 163, 'sales@hotelbuenavista.com', 'Buena Vista Lodge', 'Rincón de la Vieja, Guanacaste');

INSERT INTO FIDE_HOTEL_TB (HOTEL_ID, TELEFONO_ID, EMAIL, NOMBRE, UBICACION) 
VALUES (39, 164, 'info@planetahotel.com', 'Planet Hollywood', 'Playa Manzanillo, Guanacaste');

INSERT INTO FIDE_HOTEL_TB (HOTEL_ID, TELEFONO_ID, EMAIL, NOMBRE, UBICACION) 
VALUES (40, 165, 'reservations@hyattplace.com', 'Hyatt Place Liberia', 'Aeropuerto Liberia, Guanacaste');

INSERT INTO FIDE_HOTEL_TB (HOTEL_ID, TELEFONO_ID, EMAIL, NOMBRE, UBICACION) 
VALUES (41, 166, 'info@bluebayresorts.com', 'Blue Bay Papagayo', 'Papagayo Gulf, Guanacaste');

INSERT INTO FIDE_HOTEL_TB (HOTEL_ID, TELEFONO_ID, EMAIL, NOMBRE, UBICACION) 
VALUES (42, 167, 'contacto@flamingobeachresort.com', 'Flamingo Beach Resort', 'Playa Flamingo, Guanacaste');

INSERT INTO FIDE_HOTEL_TB (HOTEL_ID, TELEFONO_ID, EMAIL, NOMBRE, UBICACION) 
VALUES (43, 168, 'info@lapaloma.com', 'La Paloma Lodge', 'Osa Peninsula, Puntarenas');

INSERT INTO FIDE_HOTEL_TB (HOTEL_ID, TELEFONO_ID, EMAIL, NOMBRE, UBICACION) 
VALUES (44, 169, 'bookings@hotelvillasol.com', 'Villas Sol', 'Playa Hermosa, Guanacaste');

INSERT INTO FIDE_HOTEL_TB (HOTEL_ID, TELEFONO_ID, EMAIL, NOMBRE, UBICACION) 
VALUES (45, 170, 'contact@casachameleon.com', 'Casa Chameleon', 'Las Catalinas, Guanacaste');

INSERT INTO FIDE_HOTEL_TB (HOTEL_ID, TELEFONO_ID, EMAIL, NOMBRE, UBICACION) 
VALUES (46, 171, 'info@pranamarvillas.com', 'Pranamar Villas', 'Santa Teresa, Puntarenas');

INSERT INTO FIDE_HOTEL_TB (HOTEL_ID, TELEFONO_ID, EMAIL, NOMBRE, UBICACION) 
VALUES (47, 172, 'reservations@luxuryvillas.com', 'Luxury Villas', 'Playa Ocotal, Guanacaste');

INSERT INTO FIDE_HOTEL_TB (HOTEL_ID, TELEFONO_ID, EMAIL, NOMBRE, UBICACION) 
VALUES (48, 173, 'info@essencearenal.com', 'Essence Arenal', 'Nuevo Arenal, Guanacaste');

INSERT INTO FIDE_HOTEL_TB (HOTEL_ID, TELEFONO_ID, EMAIL, NOMBRE, UBICACION) 
VALUES (49, 174, 'reservations@villablanca.com', 'Villa Blanca Cloud Forest', 'San Ramón, Alajuela');

INSERT INTO FIDE_HOTEL_TB (HOTEL_ID, TELEFONO_ID, EMAIL, NOMBRE, UBICACION) 
VALUES (50, 175, 'info@arenalkioro.com', 'Arenal Kioro Suites & Spa', 'La Fortuna, San Carlos');

INSERT INTO FIDE_HOTEL_TB (HOTEL_ID, TELEFONO_ID, EMAIL, NOMBRE, UBICACION) 
VALUES (51, 176, 'reservas@arenalobservatory.com', 'Arenal Observatory Lodge', 'La Fortuna, Alajuela');

INSERT INTO FIDE_HOTEL_TB (HOTEL_ID, TELEFONO_ID, EMAIL, NOMBRE, UBICACION) 
VALUES (52, 177, 'contact@paradisehotels.com', 'Paradise Hot Springs', 'La Fortuna, Alajuela');

INSERT INTO FIDE_HOTEL_TB (HOTEL_ID, TELEFONO_ID, EMAIL, NOMBRE, UBICACION) 
VALUES (53, 178, 'info@kokibeach.com', 'Koki Beach', 'Puerto Viejo, Limón');

INSERT INTO FIDE_HOTEL_TB (HOTEL_ID, TELEFONO_ID, EMAIL, NOMBRE, UBICACION) 
VALUES (54, 179, 'reservations@lecamille.com', 'Le Caméléon Boutique Hotel', 'Puerto Viejo, Limón');

INSERT INTO FIDE_HOTEL_TB (HOTEL_ID, TELEFONO_ID, EMAIL, NOMBRE, UBICACION) 
VALUES (55, 180, 'info@manatushotel.com', 'Manatus Hotel', 'Tortuguero, Limón');

INSERT INTO FIDE_HOTEL_TB (HOTEL_ID, TELEFONO_ID, EMAIL, NOMBRE, UBICACION) 
VALUES (56, 181, 'reservations@gaiahotel.com', 'Gaia Hotel & Reserve', 'Quepos, Puntarenas');

INSERT INTO FIDE_HOTEL_TB (HOTEL_ID, TELEFONO_ID, EMAIL, NOMBRE, UBICACION) 
VALUES (57, 182, 'contacto@arenalparaiso.com', 'Arenal Paraíso Resort', 'La Fortuna, Alajuela');

INSERT INTO FIDE_HOTEL_TB (HOTEL_ID, TELEFONO_ID, EMAIL, NOMBRE, UBICACION) 
VALUES (58, 183, 'info@losaltos.com', 'Los Altos Resort', 'Manuel Antonio, Puntarenas');

INSERT INTO FIDE_HOTEL_TB (HOTEL_ID, TELEFONO_ID, EMAIL, NOMBRE, UBICACION) 
VALUES (59, 184, 'reservas@tulemar.com', 'Tulemar Resort', 'Manuel Antonio, Puntarenas');

INSERT INTO FIDE_HOTEL_TB (HOTEL_ID, TELEFONO_ID, EMAIL, NOMBRE, UBICACION) 
VALUES (60, 185, 'contact@fincaexotica.com', 'Finca Exótica Ecolodge', 'Corcovado, Puntarenas');

INSERT INTO FIDE_HOTEL_TB (HOTEL_ID, TELEFONO_ID, EMAIL, NOMBRE, UBICACION) 
VALUES (61, 186, 'info@casaamorosa.com', 'Casa Amorosa Boutique', 'San Isidro, Puntarenas');

INSERT INTO FIDE_HOTEL_TB (HOTEL_ID, TELEFONO_ID, EMAIL, NOMBRE, UBICACION) 
VALUES (62, 187, 'reservations@villaexperiences.com', 'Villa Experiences', 'Nosara, Guanacaste');

INSERT INTO FIDE_HOTEL_TB (HOTEL_ID, TELEFONO_ID, EMAIL, NOMBRE, UBICACION) 
VALUES (63, 188, 'contacto@laposada.com', 'La Posada Jungle Hotel', 'Manuel Antonio, Puntarenas');

INSERT INTO FIDE_HOTEL_TB (HOTEL_ID, TELEFONO_ID, EMAIL, NOMBRE, UBICACION) 
VALUES (64, 189, 'info@arenalvolcano.com', 'Arenal Volcano Lodge', 'La Fortuna, Alajuela');

INSERT INTO FIDE_HOTEL_TB (HOTEL_ID, TELEFONO_ID, EMAIL, NOMBRE, UBICACION) 
VALUES (65, 190, 'reservas@islamujeres.com', 'Isla Mujeres Eco Lodge', 'Cahuita, Limón');

INSERT INTO FIDE_HOTEL_TB (HOTEL_ID, TELEFONO_ID, EMAIL, NOMBRE, UBICACION) 
VALUES (66, 191, 'info@hoteljaco.com', 'Hotel Jacó Beach', 'Jacó, Puntarenas');

INSERT INTO FIDE_HOTEL_TB (HOTEL_ID, TELEFONO_ID, EMAIL, NOMBRE, UBICACION) 
VALUES (67, 192, 'reservas@palaciodelsol.com', 'Palacio del Sol', 'San José, San José');

INSERT INTO FIDE_HOTEL_TB (HOTEL_ID, TELEFONO_ID, EMAIL, NOMBRE, UBICACION) 
VALUES (68, 193, 'contacto@miradorescape.com', 'Mirador Escape', 'Monteverde, Puntarenas');

INSERT INTO FIDE_HOTEL_TB (HOTEL_ID, TELEFONO_ID, EMAIL, NOMBRE, UBICACION) 
VALUES (69, 194, 'info@monteverdeinn.com', 'Monteverde Inn', 'Monteverde, Puntarenas');

INSERT INTO FIDE_HOTEL_TB (HOTEL_ID, TELEFONO_ID, EMAIL, NOMBRE, UBICACION) 
VALUES (70, 195, 'reservas@arenalgreen.com', 'Arenal Green', 'La Fortuna, Alajuela');

INSERT INTO FIDE_HOTEL_TB (HOTEL_ID, TELEFONO_ID, EMAIL, NOMBRE, UBICACION) 
VALUES (71, 196, 'contacto@hotelpuntaislita.com', 'Punta Islita Hotel', 'Punta Islita, Guanacaste');

INSERT INTO FIDE_HOTEL_TB (HOTEL_ID, TELEFONO_ID, EMAIL, NOMBRE, UBICACION) 
VALUES (72, 197, 'info@langostabeach.com', 'Langosta Beach Club', 'Playa Langosta, Guanacaste');

INSERT INTO FIDE_HOTEL_TB (HOTEL_ID, TELEFONO_ID, EMAIL, NOMBRE, UBICACION) 
VALUES (73, 198, 'reservas@papayagolodge.com', 'Papaya Gold Lodge', 'Coco Beach, Guanacaste');

INSERT INTO FIDE_HOTEL_TB (HOTEL_ID, TELEFONO_ID, EMAIL, NOMBRE, UBICACION) 
VALUES (74, 199, 'contact@corcovadolodge.com', 'Corcovado Lodge', 'Drake Bay, Puntarenas');

INSERT INTO FIDE_HOTEL_TB (HOTEL_ID, TELEFONO_ID, EMAIL, NOMBRE, UBICACION) 
VALUES (75, 200, 'info@silvaniaclub.com', 'Silvania Mountain Club', 'San Ramón, Alajuela');

INSERT INTO FIDE_HOTEL_TB (HOTEL_ID, TELEFONO_ID, EMAIL, NOMBRE, UBICACION) 
VALUES (76, 201, 'reservas@bosquelodge.com', 'Bosque Lodge', 'Monteverde, Puntarenas');

INSERT INTO FIDE_HOTEL_TB (HOTEL_ID, TELEFONO_ID, EMAIL, NOMBRE, UBICACION) 
VALUES (77, 202, 'contacto@cabinaselcaribe.com', 'Cabinas El Caribe', 'Puerto Viejo, Limón');

INSERT INTO FIDE_HOTEL_TB (HOTEL_ID, TELEFONO_ID, EMAIL, NOMBRE, UBICACION) 
VALUES (78, 203, 'info@tortuguerolodge.com', 'Tortuguero Lodge', 'Tortuguero, Limón');

INSERT INTO FIDE_HOTEL_TB (HOTEL_ID, TELEFONO_ID, EMAIL, NOMBRE, UBICACION) 
VALUES (79, 204, 'reservas@playacasita.com', 'Playa Casita', 'Samara, Guanacaste');

INSERT INTO FIDE_HOTEL_TB (HOTEL_ID, TELEFONO_ID, EMAIL, NOMBRE, UBICACION) 
VALUES (80, 205, 'info@arenalpalace.com', 'Arenal Palace', 'La Fortuna, Alajuela');

INSERT INTO FIDE_HOTEL_TB (HOTEL_ID, TELEFONO_ID, EMAIL, NOMBRE, UBICACION) 
VALUES (81, 206, 'contact@laposadaverde.com', 'La Posada Verde', 'Heredia, Heredia');

INSERT INTO FIDE_HOTEL_TB (HOTEL_ID, TELEFONO_ID, EMAIL, NOMBRE, UBICACION) 
VALUES (82, 207, 'info@oceanparadisecostarica.com', 'Ocean Paradise Resort', 'Playa Hermosa, Guanacaste');

INSERT INTO FIDE_HOTEL_TB (HOTEL_ID, TELEFONO_ID, EMAIL, NOMBRE, UBICACION) 
VALUES (83, 208, 'reservations@blackbeachresort.com', 'Black Beach Resort', 'Playa Negra, Guanacaste');

INSERT INTO FIDE_HOTEL_TB (HOTEL_ID, TELEFONO_ID, EMAIL, NOMBRE, UBICACION) 
VALUES (84, 209, 'contacto@luxuryhill.com', 'Luxury Hill Hotel', 'Escazú, San José');

INSERT INTO FIDE_HOTEL_TB (HOTEL_ID, TELEFONO_ID, EMAIL, NOMBRE, UBICACION) 
VALUES (85, 210, 'reservas@paraisotropical.com', 'Paraiso Tropical', 'Puntarenas, Puntarenas');

INSERT INTO FIDE_HOTEL_TB (HOTEL_ID, TELEFONO_ID, EMAIL, NOMBRE, UBICACION) 
VALUES (86, 211, 'info@sunsetinn.com', 'Sunset Inn', 'Santa Teresa, Puntarenas');

INSERT INTO FIDE_HOTEL_TB (HOTEL_ID, TELEFONO_ID, EMAIL, NOMBRE, UBICACION) 
VALUES (87, 212, 'contact@naturelodge.com', 'Nature Lodge', 'Monteverde, Puntarenas');

INSERT INTO FIDE_HOTEL_TB (HOTEL_ID, TELEFONO_ID, EMAIL, NOMBRE, UBICACION) 
VALUES (88, 213, 'reservations@whitebeachhotel.com', 'White Beach Hotel', 'Playa Blanca, Guanacaste');

INSERT INTO FIDE_HOTEL_TB (HOTEL_ID, TELEFONO_ID, EMAIL, NOMBRE, UBICACION) 
VALUES (89, 214, 'contact@playadeluxe.com', 'Playa Deluxe Resort', 'Uvita, Puntarenas');

INSERT INTO FIDE_HOTEL_TB (HOTEL_ID, TELEFONO_ID, EMAIL, NOMBRE, UBICACION) 
VALUES (90, 215, 'info@lagunaazul.com', 'Laguna Azul', 'Pococí, Limón');

INSERT INTO FIDE_HOTEL_TB (HOTEL_ID, TELEFONO_ID, EMAIL, NOMBRE, UBICACION) 
VALUES (91, 216, 'reservations@aluxlodge.com', 'Alux Mountain Lodge', 'San Gerardo, Pérez Zeledón');

INSERT INTO FIDE_HOTEL_TB (HOTEL_ID, TELEFONO_ID, EMAIL, NOMBRE, UBICACION) 
VALUES (92, 217, 'contact@beachclub.com', 'Beach Club Hotel', 'Playa Hermosa, Puntarenas');

INSERT INTO FIDE_HOTEL_TB (HOTEL_ID, TELEFONO_ID, EMAIL, NOMBRE, UBICACION) 
VALUES (93, 218, 'info@rainforestinn.com', 'Rainforest Inn', 'Sarapiquí, Heredia');

INSERT INTO FIDE_HOTEL_TB (HOTEL_ID, TELEFONO_ID, EMAIL, NOMBRE, UBICACION) 
VALUES (94, 219, 'reservas@lagoturquesa.com', 'Lago Turquesa Lodge', 'Nuevo Arenal, Guanacaste');

INSERT INTO FIDE_HOTEL_TB (HOTEL_ID, TELEFONO_ID, EMAIL, NOMBRE, UBICACION) 
VALUES (95, 220, 'contact@cabinasmanagua.com', 'Cabinas Managua', 'Managua, Nicaragua');

INSERT INTO FIDE_HOTEL_TB (HOTEL_ID, TELEFONO_ID, EMAIL, NOMBRE, UBICACION) 
VALUES (96, 221, 'reservations@blueparadise.com', 'Blue Paradise Resort', 'Punta Leona, Puntarenas');

INSERT INTO FIDE_HOTEL_TB (HOTEL_ID, TELEFONO_ID, EMAIL, NOMBRE, UBICACION) 
VALUES (97, 222, 'info@tropicaldelight.com', 'Tropical Delight Inn', 'Cahuita, Limón');

INSERT INTO FIDE_HOTEL_TB (HOTEL_ID, TELEFONO_ID, EMAIL, NOMBRE, UBICACION) 
VALUES (98, 223, 'reservas@greenhilllodge.com', 'Green Hill Lodge', 'San Carlos, Alajuela');

INSERT INTO FIDE_HOTEL_TB (HOTEL_ID, TELEFONO_ID, EMAIL, NOMBRE, UBICACION) 
VALUES (99, 224, 'contact@casablancalodge.com', 'Casa Blanca Lodge', 'Orotina, Alajuela');

INSERT INTO FIDE_HOTEL_TB (HOTEL_ID, TELEFONO_ID, EMAIL, NOMBRE, UBICACION) 
VALUES (100, 225, 'reservas@playalunaresort.com', 'Playa Luna Resort', 'Playa Dominical, Puntarenas');

INSERT INTO FIDE_HOTEL_TB (HOTEL_ID, TELEFONO_ID, EMAIL, NOMBRE, UBICACION) 
VALUES (101, 226, 'info@hiddenspringresort.com', 'Hidden Spring Resort', 'Bijagua, Alajuela');

INSERT INTO FIDE_HOTEL_TB (HOTEL_ID, TELEFONO_ID, EMAIL, NOMBRE, UBICACION) 
VALUES (102, 227, 'reservas@sunshineinn.com', 'Sunshine Inn', 'Santa Ana, San José');

INSERT INTO FIDE_HOTEL_TB (HOTEL_ID, TELEFONO_ID, EMAIL, NOMBRE, UBICACION) 
VALUES (103, 228, 'info@tropicalbreezehotel.com', 'Tropical Breeze Hotel', 'Sámara, Guanacaste');

INSERT INTO FIDE_HOTEL_TB (HOTEL_ID, TELEFONO_ID, EMAIL, NOMBRE, UBICACION) 
VALUES (104, 229, 'reservations@lagunaclara.com', 'Laguna Clara Lodge', 'Río Celeste, Alajuela');

INSERT INTO FIDE_HOTEL_TB (HOTEL_ID, TELEFONO_ID, EMAIL, NOMBRE, UBICACION) 
VALUES (105, 230, 'contacto@lospajaroshotel.com', 'Hotel Los Pájaros', 'La Paz, San José');

INSERT INTO FIDE_HOTEL_TB (HOTEL_ID, TELEFONO_ID, EMAIL, NOMBRE, UBICACION) 
VALUES (106, 231, 'reservas@bluelagoon.com', 'Blue Lagoon Resort', 'Manzanillo, Limón');

INSERT INTO FIDE_HOTEL_TB (HOTEL_ID, TELEFONO_ID, EMAIL, NOMBRE, UBICACION) 
VALUES (107, 232, 'info@montanaverde.com', 'Montaña Verde', 'Zarcero, Alajuela');

INSERT INTO FIDE_HOTEL_TB (HOTEL_ID, TELEFONO_ID, EMAIL, NOMBRE, UBICACION) 
VALUES (108, 233, 'reservas@arenaleco.com', 'Arenal Eco Resort', 'La Fortuna, Alajuela');

INSERT INTO FIDE_HOTEL_TB (HOTEL_ID, TELEFONO_ID, EMAIL, NOMBRE, UBICACION) 
VALUES (109, 234, 'info@costalindo.com', 'Costa Lindo', 'Coco Beach, Guanacaste');

INSERT INTO FIDE_HOTEL_TB (HOTEL_ID, TELEFONO_ID, EMAIL, NOMBRE, UBICACION) 
VALUES (110, 235, 'reservations@greenoasis.com', 'Green Oasis', 'Monteverde, Puntarenas');

INSERT INTO FIDE_HOTEL_TB (HOTEL_ID, TELEFONO_ID, EMAIL, NOMBRE, UBICACION) 
VALUES (111, 236, 'info@paradisohotel.com', 'Paradiso Hotel', 'Playa del Coco, Guanacaste');

INSERT INTO FIDE_HOTEL_TB (HOTEL_ID, TELEFONO_ID, EMAIL, NOMBRE, UBICACION) 
VALUES (112, 237, 'reservas@palmahills.com', 'Palma Hills Resort', 'Santa Teresa, Puntarenas');

INSERT INTO FIDE_HOTEL_TB (HOTEL_ID, TELEFONO_ID, EMAIL, NOMBRE, UBICACION) 
VALUES (113, 238, 'contact@lagunarosa.com', 'Laguna Rosa Inn', 'Monteverde, Puntarenas');

INSERT INTO FIDE_HOTEL_TB (HOTEL_ID, TELEFONO_ID, EMAIL, NOMBRE, UBICACION) 
VALUES (114, 239, 'info@tortugahaven.com', 'Tortuga Haven', 'Punta Uva, Limón');

INSERT INTO FIDE_HOTEL_TB (HOTEL_ID, TELEFONO_ID, EMAIL, NOMBRE, UBICACION) 
VALUES (115, 240, 'reservations@arenalparadise.com', 'Arenal Paradise Lodge', 'La Fortuna, Alajuela');

INSERT INTO FIDE_HOTEL_TB (HOTEL_ID, TELEFONO_ID, EMAIL, NOMBRE, UBICACION) 
VALUES (116, 241, 'info@villaverde.com', 'Villa Verde', 'Playa Flamingo, Guanacaste');

INSERT INTO FIDE_HOTEL_TB (HOTEL_ID, TELEFONO_ID, EMAIL, NOMBRE, UBICACION) 
VALUES (117, 242, 'contacto@pacificocoral.com', 'Pacífico Coral Resort', 'Playa Tamarindo, Guanacaste');

INSERT INTO FIDE_HOTEL_TB (HOTEL_ID, TELEFONO_ID, EMAIL, NOMBRE, UBICACION) 
VALUES (118, 243, 'reservas@costaverde.com', 'Costa Verde Lodge', 'Monteverde, Puntarenas');

INSERT INTO FIDE_HOTEL_TB (HOTEL_ID, TELEFONO_ID, EMAIL, NOMBRE, UBICACION) 
VALUES (119, 244, 'info@serenitybeach.com', 'Serenity Beach Resort', 'Playa Hermosa, Guanacaste');

INSERT INTO FIDE_HOTEL_TB (HOTEL_ID, TELEFONO_ID, EMAIL, NOMBRE, UBICACION) 
VALUES (120, 245, 'reservas@puntaesmeralda.com', 'Punta Esmeralda', 'Playa Grande, Guanacaste');

INSERT INTO FIDE_HOTEL_TB (HOTEL_ID, TELEFONO_ID, EMAIL, NOMBRE, UBICACION) 
VALUES (121, 246, 'info@sunsetparadise.com', 'Sunset Paradise', 'Nosara, Guanacaste');

INSERT INTO FIDE_HOTEL_TB (HOTEL_ID, TELEFONO_ID, EMAIL, NOMBRE, UBICACION) 
VALUES (122, 247, 'contacto@bluebayinn.com', 'Blue Bay Inn', 'Bahía Ballena, Puntarenas');

INSERT INTO FIDE_HOTEL_TB (HOTEL_ID, TELEFONO_ID, EMAIL, NOMBRE, UBICACION) 
VALUES (123, 248, 'reservas@paraisoverde.com', 'Paraíso Verde', 'Santa Cruz, Guanacaste');

INSERT INTO FIDE_HOTEL_TB (HOTEL_ID, TELEFONO_ID, EMAIL, NOMBRE, UBICACION) 
VALUES (124, 249, 'info@arenaldream.com', 'Arenal Dream Lodge', 'La Fortuna, Alajuela');

INSERT INTO FIDE_HOTEL_TB (HOTEL_ID, TELEFONO_ID, EMAIL, NOMBRE, UBICACION) 
VALUES (125, 250, 'reservations@greenvalley.com', 'Green Valley Lodge', 'San Carlos, Alajuela');

INSERT INTO FIDE_HOTEL_TB (HOTEL_ID, TELEFONO_ID, EMAIL, NOMBRE, UBICACION) 
VALUES (126, 251, 'info@tropicalhaven.com', 'Tropical Haven', 'Puerto Viejo, Limón');

INSERT INTO FIDE_HOTEL_TB (HOTEL_ID, TELEFONO_ID, EMAIL, NOMBRE, UBICACION) 
VALUES (127, 252, 'reservas@oceanside.com', 'Ocean Side Resort', 'Jacó, Puntarenas');

INSERT INTO FIDE_HOTEL_TB (HOTEL_ID, TELEFONO_ID, EMAIL, NOMBRE, UBICACION) 
VALUES (128, 253, 'info@elbosqueverde.com', 'El Bosque Verde', 'Monteverde, Puntarenas');

INSERT INTO FIDE_HOTEL_TB (HOTEL_ID, TELEFONO_ID, EMAIL, NOMBRE, UBICACION) 
VALUES (129, 254, 'reservations@whiteforest.com', 'White Forest Lodge', 'Sarapiquí, Heredia');

INSERT INTO FIDE_HOTEL_TB (HOTEL_ID, TELEFONO_ID, EMAIL, NOMBRE, UBICACION) 
VALUES (130, 255, 'contacto@arenalview.com', 'Arenal View Resort', 'La Fortuna, Alajuela');

INSERT INTO FIDE_HOTEL_TB (HOTEL_ID, TELEFONO_ID, EMAIL, NOMBRE, UBICACION) 
VALUES (131, 256, 'reservas@playasol.com', 'Playa Sol Hotel', 'Playa Tamarindo, Guanacaste');

INSERT INTO FIDE_HOTEL_TB (HOTEL_ID, TELEFONO_ID, EMAIL, NOMBRE, UBICACION) 
VALUES (132, 257, 'info@cloudforest.com', 'Cloud Forest Lodge', 'Monteverde, Puntarenas');

INSERT INTO FIDE_HOTEL_TB (HOTEL_ID, TELEFONO_ID, EMAIL, NOMBRE, UBICACION) 
VALUES (133, 258, 'reservations@sunshinebay.com', 'Sunshine Bay Resort', 'Punta Leona, Puntarenas');

INSERT INTO FIDE_HOTEL_TB (HOTEL_ID, TELEFONO_ID, EMAIL, NOMBRE, UBICACION) 
VALUES (134, 259, 'info@lagoonescape.com', 'Lagoon Escape Lodge', 'Nuevo Arenal, Guanacaste');

INSERT INTO FIDE_HOTEL_TB (HOTEL_ID, TELEFONO_ID, EMAIL, NOMBRE, UBICACION) 
VALUES (135, 260, 'reservas@tropicalparadise.com', 'Tropical Paradise', 'Manuel Antonio, Puntarenas');

INSERT INTO FIDE_HOTEL_TB (HOTEL_ID, TELEFONO_ID, EMAIL, NOMBRE, UBICACION) 
VALUES (136, 261, 'info@arenalviewpoint.com', 'Arenal Viewpoint', 'La Fortuna, Alajuela');

INSERT INTO FIDE_HOTEL_TB (HOTEL_ID, TELEFONO_ID, EMAIL, NOMBRE, UBICACION) 
VALUES (137, 262, 'reservas@caribbeanparadise.com', 'Caribbean Paradise', 'Cahuita, Limón');

INSERT INTO FIDE_HOTEL_TB (HOTEL_ID, TELEFONO_ID, EMAIL, NOMBRE, UBICACION) 
VALUES (138, 263, 'info@greenmountain.com', 'Green Mountain Lodge', 'Zarcero, Alajuela');

INSERT INTO FIDE_HOTEL_TB (HOTEL_ID, TELEFONO_ID, EMAIL, NOMBRE, UBICACION) 
VALUES (139, 264, 'reservas@lagunarica.com', 'Laguna Rica Resort', 'Sarapiquí, Heredia');

INSERT INTO FIDE_HOTEL_TB (HOTEL_ID, TELEFONO_ID, EMAIL, NOMBRE, UBICACION) 
VALUES (140, 265, 'info@luxurysky.com', 'Luxury Sky Inn', 'Santa Ana, San José');

INSERT INTO FIDE_HOTEL_TB (HOTEL_ID, TELEFONO_ID, EMAIL, NOMBRE, UBICACION) 
VALUES (141, 266, 'reservations@ecorainforest.com', 'Eco Rainforest Lodge', 'Sarapiquí, Heredia');

INSERT INTO FIDE_HOTEL_TB (HOTEL_ID, TELEFONO_ID, EMAIL, NOMBRE, UBICACION) 
VALUES (142, 267, 'info@pacificdreams.com', 'Pacific Dreams Resort', 'Playa Hermosa, Puntarenas');

INSERT INTO FIDE_HOTEL_TB (HOTEL_ID, TELEFONO_ID, EMAIL, NOMBRE, UBICACION) 
VALUES (143, 268, 'reservas@arenalvalley.com', 'Arenal Valley Lodge', 'La Fortuna, Alajuela');

INSERT INTO FIDE_HOTEL_TB (HOTEL_ID, TELEFONO_ID, EMAIL, NOMBRE, UBICACION) 
VALUES (144, 269, 'info@oceanbreeze.com', 'Ocean Breeze Resort', 'Manuel Antonio, Puntarenas');

INSERT INTO FIDE_HOTEL_TB (HOTEL_ID, TELEFONO_ID, EMAIL, NOMBRE, UBICACION) 
VALUES (145, 270, 'reservations@lagunaroyal.com', 'Laguna Royal Inn', 'Sarapiquí, Heredia');

INSERT INTO FIDE_HOTEL_TB (HOTEL_ID, TELEFONO_ID, EMAIL, NOMBRE, UBICACION) 
VALUES (146, 271, 'info@tropicalcasa.com', 'Tropical Casa Resort', 'Playa Flamingo, Guanacaste');

INSERT INTO FIDE_HOTEL_TB (HOTEL_ID, TELEFONO_ID, EMAIL, NOMBRE, UBICACION) 
VALUES (147, 272, 'reservas@arenalluxury.com', 'Arenal Luxury Inn', 'La Fortuna, Alajuela');

INSERT INTO FIDE_HOTEL_TB (HOTEL_ID, TELEFONO_ID, EMAIL, NOMBRE, UBICACION) 
VALUES (148, 273, 'info@sunsetescape.com', 'Sunset Escape Resort', 'Bahía Ballena, Puntarenas');

INSERT INTO FIDE_HOTEL_TB (HOTEL_ID, TELEFONO_ID, EMAIL, NOMBRE, UBICACION) 
VALUES (149, 274, 'reservas@pacificblue.com', 'Pacific Blue Hotel', 'Punta Uva, Limón');

INSERT INTO FIDE_HOTEL_TB (HOTEL_ID, TELEFONO_ID, EMAIL, NOMBRE, UBICACION) 
VALUES (150, 275, 'info@greenlakes.com', 'Green Lakes Resort', 'Nuevo Arenal, Guanacaste');

INSERT INTO FIDE_HOTEL_TB (HOTEL_ID, TELEFONO_ID, EMAIL, NOMBRE, UBICACION)
VALUES (151, 276, 'reservas@oasisverde.com', 'Oasis Verde Lodge', 'Monteverde, Puntarenas');

INSERT INTO FIDE_HOTEL_TB (HOTEL_ID, TELEFONO_ID, EMAIL, NOMBRE, UBICACION)
VALUES (152, 277, 'info@lagunanatural.com', 'Laguna Natural Inn', 'Sarapiquí, Heredia');

INSERT INTO FIDE_HOTEL_TB (HOTEL_ID, TELEFONO_ID, EMAIL, NOMBRE, UBICACION)
VALUES (153, 278, 'reservations@playahorizonte.com', 'Playa Horizonte Resort', 'Playa Hermosa, Guanacaste');

INSERT INTO FIDE_HOTEL_TB (HOTEL_ID, TELEFONO_ID, EMAIL, NOMBRE, UBICACION)
VALUES (154, 279, 'info@bosqueencantado.com', 'Bosque Encantado', 'San Carlos, Alajuela');

INSERT INTO FIDE_HOTEL_TB (HOTEL_ID, TELEFONO_ID, EMAIL, NOMBRE, UBICACION)
VALUES (155, 280, 'reservas@pacificavista.com', 'Pacífica Vista', 'Manuel Antonio, Puntarenas');

INSERT INTO FIDE_HOTEL_TB (HOTEL_ID, TELEFONO_ID, EMAIL, NOMBRE, UBICACION)
VALUES (156, 281, 'info@arenalpalms.com', 'Arenal Palms', 'La Fortuna, Alajuela');

INSERT INTO FIDE_HOTEL_TB (HOTEL_ID, TELEFONO_ID, EMAIL, NOMBRE, UBICACION)
VALUES (157, 282, 'reservas@bluehorizon.com', 'Blue Horizon', 'Playa Avellanas, Guanacaste');

INSERT INTO FIDE_HOTEL_TB (HOTEL_ID, TELEFONO_ID, EMAIL, NOMBRE, UBICACION)
VALUES (158, 283, 'info@lagunaazulresort.com', 'Laguna Azul Resort', 'Puerto Viejo, Limón');

INSERT INTO FIDE_HOTEL_TB (HOTEL_ID, TELEFONO_ID, EMAIL, NOMBRE, UBICACION)
VALUES (159, 284, 'reservations@greenhillinn.com', 'Green Hill Inn', 'Monteverde, Puntarenas');

INSERT INTO FIDE_HOTEL_TB (HOTEL_ID, TELEFONO_ID, EMAIL, NOMBRE, UBICACION)
VALUES (160, 285, 'info@tropicalview.com', 'Tropical View Lodge', 'San Carlos, Alajuela');

INSERT INTO FIDE_HOTEL_TB (HOTEL_ID, TELEFONO_ID, EMAIL, NOMBRE, UBICACION)
VALUES (161, 286, 'reservas@paraisoverdehotel.com', 'Paraíso Verde Hotel', 'Santa Teresa, Puntarenas');

INSERT INTO FIDE_HOTEL_TB (HOTEL_ID, TELEFONO_ID, EMAIL, NOMBRE, UBICACION)
VALUES (162, 287, 'info@playaluxury.com', 'Playa Luxury Inn', 'Playa Flamingo, Guanacaste');

INSERT INTO FIDE_HOTEL_TB (HOTEL_ID, TELEFONO_ID, EMAIL, NOMBRE, UBICACION)
VALUES (163, 288, 'reservations@bluewavesresort.com', 'Blue Waves Resort', 'Bahía Ballena, Puntarenas');

INSERT INTO FIDE_HOTEL_TB (HOTEL_ID, TELEFONO_ID, EMAIL, NOMBRE, UBICACION)
VALUES (164, 289, 'info@arenallaguna.com', 'Arenal Laguna Lodge', 'La Fortuna, Alajuela');

INSERT INTO FIDE_HOTEL_TB (HOTEL_ID, TELEFONO_ID, EMAIL, NOMBRE, UBICACION)
VALUES (165, 290, 'reservas@pacificsunset.com', 'Pacific Sunset', 'Manuel Antonio, Puntarenas');

INSERT INTO FIDE_HOTEL_TB (HOTEL_ID, TELEFONO_ID, EMAIL, NOMBRE, UBICACION)
VALUES (166, 291, 'info@greenmountainresort.com', 'Green Mountain Resort', 'Monteverde, Puntarenas');

INSERT INTO FIDE_HOTEL_TB (HOTEL_ID, TELEFONO_ID, EMAIL, NOMBRE, UBICACION)
VALUES (167, 292, 'reservations@caribbeandreams.com', 'Caribbean Dreams', 'Puerto Viejo, Limón');

INSERT INTO FIDE_HOTEL_TB (HOTEL_ID, TELEFONO_ID, EMAIL, NOMBRE, UBICACION)
VALUES (168, 293, 'info@arenaldreamresort.com', 'Arenal Dream Resort', 'San Carlos, Alajuela');

INSERT INTO FIDE_HOTEL_TB (HOTEL_ID, TELEFONO_ID, EMAIL, NOMBRE, UBICACION)
VALUES (169, 294, 'reservas@playaparadise.com', 'Playa Paradise', 'Santa Teresa, Puntarenas');

INSERT INTO FIDE_HOTEL_TB (HOTEL_ID, TELEFONO_ID, EMAIL, NOMBRE, UBICACION)
VALUES (170, 295, 'info@oceanviewlodge.com', 'Ocean View Lodge', 'Playa Grande, Guanacaste');

INSERT INTO FIDE_HOTEL_TB (HOTEL_ID, TELEFONO_ID, EMAIL, NOMBRE, UBICACION)
VALUES (171, 296, 'reservations@sunshineinn.com', 'Sunshine Inn', 'Bahía Ballena, Puntarenas');

INSERT INTO FIDE_HOTEL_TB (HOTEL_ID, TELEFONO_ID, EMAIL, NOMBRE, UBICACION)
VALUES (172, 297, 'info@lagunaserenity.com', 'Laguna Serenity', 'Río Celeste, Alajuela');

INSERT INTO FIDE_HOTEL_TB (HOTEL_ID, TELEFONO_ID, EMAIL, NOMBRE, UBICACION)
VALUES (173, 298, 'reservas@pacificcoast.com', 'Pacific Coast Resort', 'Jacó, Puntarenas');

INSERT INTO FIDE_HOTEL_TB (HOTEL_ID, TELEFONO_ID, EMAIL, NOMBRE, UBICACION)
VALUES (174, 299, 'info@greenlagoon.com', 'Green Lagoon Lodge', 'La Fortuna, Alajuela');

INSERT INTO FIDE_HOTEL_TB (HOTEL_ID, TELEFONO_ID, EMAIL, NOMBRE, UBICACION)
VALUES (175, 300, 'reservas@caribbeanjoy.com', 'Caribbean Joy', 'Punta Uva, Limón');

INSERT INTO FIDE_HOTEL_TB (HOTEL_ID, TELEFONO_ID, EMAIL, NOMBRE, UBICACION)
VALUES (176, 301, 'info@tropicalparadiseco.com', 'Tropical Paradise Co.', 'Playa Hermosa, Guanacaste');

INSERT INTO FIDE_HOTEL_TB (HOTEL_ID, TELEFONO_ID, EMAIL, NOMBRE, UBICACION)
VALUES (177, 302, 'reservations@cloudforestlodge.com', 'Cloud Forest Lodge', 'Monteverde, Puntarenas');

INSERT INTO FIDE_HOTEL_TB (HOTEL_ID, TELEFONO_ID, EMAIL, NOMBRE, UBICACION)
VALUES (178, 303, 'info@arenalserenity.com', 'Arenal Serenity Inn', 'San Carlos, Alajuela');

INSERT INTO FIDE_HOTEL_TB (HOTEL_ID, TELEFONO_ID, EMAIL, NOMBRE, UBICACION)
VALUES (179, 304, 'reservas@oceandream.com', 'Ocean Dream Resort', 'Manuel Antonio, Puntarenas');

INSERT INTO FIDE_HOTEL_TB (HOTEL_ID, TELEFONO_ID, EMAIL, NOMBRE, UBICACION)
VALUES (180, 305, 'info@greenfieldresort.com', 'Greenfield Resort', 'Santa Teresa, Puntarenas');

INSERT INTO FIDE_HOTEL_TB (HOTEL_ID, TELEFONO_ID, EMAIL, NOMBRE, UBICACION)
VALUES (181, 306, 'reservations@blueskyinn.com', 'Blue Sky Inn', 'Bahía Ballena, Puntarenas');

INSERT INTO FIDE_HOTEL_TB (HOTEL_ID, TELEFONO_ID, EMAIL, NOMBRE, UBICACION)
VALUES (182, 307, 'info@lagunatropical.com', 'Laguna Tropical', 'Río Celeste, Alajuela');

INSERT INTO FIDE_HOTEL_TB (HOTEL_ID, TELEFONO_ID, EMAIL, NOMBRE, UBICACION)
VALUES (183, 308, 'reservas@pacificwave.com', 'Pacific Wave Lodge', 'Jacó, Puntarenas');

INSERT INTO FIDE_HOTEL_TB (HOTEL_ID, TELEFONO_ID, EMAIL, NOMBRE, UBICACION)
VALUES (184, 309, 'info@greenvalleyinn.com', 'Green Valley Inn', 'Monteverde, Puntarenas');

INSERT INTO FIDE_HOTEL_TB (HOTEL_ID, TELEFONO_ID, EMAIL, NOMBRE, UBICACION)
VALUES (185, 310, 'reservas@cloudparadise.com', 'Cloud Paradise Resort', 'Santa Teresa, Puntarenas');

INSERT INTO FIDE_HOTEL_TB (HOTEL_ID, TELEFONO_ID, EMAIL, NOMBRE, UBICACION)
VALUES (186, 311, 'info@arenalblue.com', 'Arenal Blue Lodge', 'La Fortuna, Alajuela');

INSERT INTO FIDE_HOTEL_TB (HOTEL_ID, TELEFONO_ID, EMAIL, NOMBRE, UBICACION)
VALUES (187, 312, 'reservations@sunsetparadise.com', 'Sunset Paradise', 'Punta Leona, Puntarenas');

INSERT INTO FIDE_HOTEL_TB (HOTEL_ID, TELEFONO_ID, EMAIL, NOMBRE, UBICACION)
VALUES (188, 313, 'info@caribbeanluxury.com', 'Caribbean Luxury Inn', 'Puerto Viejo, Limón');

--INSERTS TABLA RESTAURANTE
INSERT INTO FIDE_RESTAURANTE_TB (RESTAURANTE_ID, HOTEL_ID, NOMBRE, CAPACIDAD, ESTILO)
VALUES (1, 101, 'Restaurante Las Delicias', 80, 'Internacional');
INSERT INTO FIDE_RESTAURANTE_TB (RESTAURANTE_ID, HOTEL_ID, NOMBRE, CAPACIDAD, ESTILO)
VALUES (2, 102, 'El Sabor Tico', 120, 'Costarricense');
INSERT INTO FIDE_RESTAURANTE_TB (RESTAURANTE_ID, HOTEL_ID, NOMBRE, CAPACIDAD, ESTILO)
VALUES (3, 103, 'Gourmet Paradise', 50, 'Francesa');
INSERT INTO FIDE_RESTAURANTE_TB (RESTAURANTE_ID, HOTEL_ID, NOMBRE)
VALUES (4, 101, 'Buffet Express');
INSERT INTO FIDE_RESTAURANTE_TB (RESTAURANTE_ID, HOTEL_ID, NOMBRE, CAPACIDAD, ESTILO)
VALUES (5, 104, 'La Trattoria', 90, 'Italiana');
INSERT INTO FIDE_RESTAURANTE_TB (RESTAURANTE_ID, HOTEL_ID, NOMBRE, CAPACIDAD, ESTILO)
VALUES (6, 105, 'Sushi & Sake', 40, 'Japonesa');
INSERT INTO FIDE_RESTAURANTE_TB (RESTAURANTE_ID, HOTEL_ID, NOMBRE, CAPACIDAD, ESTILO)
VALUES (7, 106, 'Steakhouse Grill', 120, 'Parrilla');
INSERT INTO FIDE_RESTAURANTE_TB (RESTAURANTE_ID, HOTEL_ID, NOMBRE, CAPACIDAD, ESTILO)
VALUES (8, 107, 'Ocean Breeze', 150, 'Mariscos');
INSERT INTO FIDE_RESTAURANTE_TB (RESTAURANTE_ID, HOTEL_ID, NOMBRE, CAPACIDAD, ESTILO)
VALUES (9, 108, 'The Vegan Haven', 60, 'Vegetariana');
INSERT INTO FIDE_RESTAURANTE_TB (RESTAURANTE_ID, HOTEL_ID, NOMBRE, CAPACIDAD, ESTILO)
VALUES (10, 109, 'Café & Croissant', 30, 'Cafetería');
INSERT INTO FIDE_RESTAURANTE_TB (RESTAURANTE_ID, HOTEL_ID, NOMBRE, CAPACIDAD, ESTILO)
VALUES (11, 110, 'La Terraza', 200, 'Fusión');
INSERT INTO FIDE_RESTAURANTE_TB (RESTAURANTE_ID, HOTEL_ID, NOMBRE, CAPACIDAD, ESTILO)
VALUES (12, 101, 'Bistro 101', 70, 'Francesa');
INSERT INTO FIDE_RESTAURANTE_TB (RESTAURANTE_ID, HOTEL_ID, NOMBRE, CAPACIDAD, ESTILO)
VALUES (13, 102, 'El Jardín de Sabores', 100, 'Mediterránea');
INSERT INTO FIDE_RESTAURANTE_TB (RESTAURANTE_ID, HOTEL_ID, NOMBRE, CAPACIDAD, ESTILO)
VALUES (14, 103, 'BBQ Ranch', 80, 'Parrilla');
INSERT INTO FIDE_RESTAURANTE_TB (RESTAURANTE_ID, HOTEL_ID, NOMBRE, CAPACIDAD, ESTILO)
VALUES (15, 104, 'Panadería Artesanal', 50, 'Panadería');
INSERT INTO FIDE_RESTAURANTE_TB (RESTAURANTE_ID, HOTEL_ID, NOMBRE, CAPACIDAD, ESTILO)
VALUES (16, 101, 'La Casa del Chocolate', 30, 'Postres');
INSERT INTO FIDE_RESTAURANTE_TB (RESTAURANTE_ID, HOTEL_ID, NOMBRE, CAPACIDAD, ESTILO)
VALUES (17, 105, 'Tacos & Tequila', 120, 'Mexicana');
INSERT INTO FIDE_RESTAURANTE_TB (RESTAURANTE_ID, HOTEL_ID, NOMBRE, CAPACIDAD, ESTILO)
VALUES (18, 106, 'Dim Sum Palace', 60, 'China');
INSERT INTO FIDE_RESTAURANTE_TB (RESTAURANTE_ID, HOTEL_ID, NOMBRE, CAPACIDAD, ESTILO)
VALUES (19, 107, 'Ristorante Roma', 90, 'Italiana');
INSERT INTO FIDE_RESTAURANTE_TB (RESTAURANTE_ID, HOTEL_ID, NOMBRE, CAPACIDAD, ESTILO)
VALUES (20, 108, 'Tapas y Vinos', 75, 'Española');
INSERT INTO FIDE_RESTAURANTE_TB (RESTAURANTE_ID, HOTEL_ID, NOMBRE, CAPACIDAD, ESTILO)
VALUES (21, 109, 'Burger Station', 50, 'Americana');
INSERT INTO FIDE_RESTAURANTE_TB (RESTAURANTE_ID, HOTEL_ID, NOMBRE, CAPACIDAD, ESTILO)
VALUES (22, 110, 'Sabores del Caribe', 100, 'Caribeña');
INSERT INTO FIDE_RESTAURANTE_TB (RESTAURANTE_ID, HOTEL_ID, NOMBRE, CAPACIDAD, ESTILO)
VALUES (23, 101, 'El Rincón Criollo', 80, 'Costarricense');
INSERT INTO FIDE_RESTAURANTE_TB (RESTAURANTE_ID, HOTEL_ID, NOMBRE, CAPACIDAD, ESTILO)
VALUES (24, 102, 'Veggie Delight', 40, 'Vegetariana');
INSERT INTO FIDE_RESTAURANTE_TB (RESTAURANTE_ID, HOTEL_ID, NOMBRE, CAPACIDAD, ESTILO)
VALUES (25, 103, 'Los Fogones de la Abuela', 90, 'Casera');
INSERT INTO FIDE_RESTAURANTE_TB (RESTAURANTE_ID, HOTEL_ID, NOMBRE, CAPACIDAD, ESTILO)
VALUES (26, 104, 'Fusion Delight', 110, 'Fusión');
INSERT INTO FIDE_RESTAURANTE_TB (RESTAURANTE_ID, HOTEL_ID, NOMBRE, CAPACIDAD, ESTILO)
VALUES (27, 105, 'El Pescador Feliz', 150, 'Mariscos');
INSERT INTO FIDE_RESTAURANTE_TB (RESTAURANTE_ID, HOTEL_ID, NOMBRE, CAPACIDAD, ESTILO)
VALUES (28, 106, 'Ramen House', 35, 'Japonesa');
INSERT INTO FIDE_RESTAURANTE_TB (RESTAURANTE_ID, HOTEL_ID, NOMBRE, CAPACIDAD, ESTILO)
VALUES (29, 107, 'Tropical Breeze', 120, 'Internacional');
INSERT INTO FIDE_RESTAURANTE_TB (RESTAURANTE_ID, HOTEL_ID, NOMBRE, CAPACIDAD, ESTILO)
VALUES (30, 108, 'Café Bohème', 45, 'Cafetería');
INSERT INTO FIDE_RESTAURANTE_TB (RESTAURANTE_ID, HOTEL_ID, NOMBRE, CAPACIDAD, ESTILO)
VALUES (31, 109, 'Urban Grill', 100, 'Americana');
INSERT INTO FIDE_RESTAURANTE_TB (RESTAURANTE_ID, HOTEL_ID, NOMBRE, CAPACIDAD, ESTILO)
VALUES (32, 101, 'Ceviche & Más', 80, 'Mariscos');
INSERT INTO FIDE_RESTAURANTE_TB (RESTAURANTE_ID, HOTEL_ID, NOMBRE, CAPACIDAD, ESTILO)
VALUES (33, 102, 'La Parrilla Latina', 120, 'Parrilla');
INSERT INTO FIDE_RESTAURANTE_TB (RESTAURANTE_ID, HOTEL_ID, NOMBRE, CAPACIDAD, ESTILO)
VALUES (34, 103, 'Delicias de Asia', 60, 'Asiática');
INSERT INTO FIDE_RESTAURANTE_TB (RESTAURANTE_ID, HOTEL_ID, NOMBRE, CAPACIDAD, ESTILO)
VALUES (35, 104, 'Restaurante Gourmet', 100, 'Gourmet');
INSERT INTO FIDE_RESTAURANTE_TB (RESTAURANTE_ID, HOTEL_ID, NOMBRE, CAPACIDAD, ESTILO)
VALUES (36, 105, 'Típico Tico', 90, 'Costarricense');
INSERT INTO FIDE_RESTAURANTE_TB (RESTAURANTE_ID, HOTEL_ID, NOMBRE, CAPACIDAD, ESTILO)
VALUES (37, 106, 'El Pollo Frito', 50, 'Rápida');
INSERT INTO FIDE_RESTAURANTE_TB (RESTAURANTE_ID, HOTEL_ID, NOMBRE, CAPACIDAD, ESTILO)
VALUES (38, 107, 'Buffet Central', 200, 'Internacional');
INSERT INTO FIDE_RESTAURANTE_TB (RESTAURANTE_ID, HOTEL_ID, NOMBRE, CAPACIDAD, ESTILO)
VALUES (39, 108, 'La Cocina Mexicana', 85, 'Mexicana');
INSERT INTO FIDE_RESTAURANTE_TB (RESTAURANTE_ID, HOTEL_ID, NOMBRE, CAPACIDAD, ESTILO)
VALUES (40, 109, 'Postres y Café', 40, 'Cafetería');
INSERT INTO FIDE_RESTAURANTE_TB (RESTAURANTE_ID, HOTEL_ID, NOMBRE, CAPACIDAD, ESTILO)
VALUES (41, 110, 'Sabores del Mundo', 140, 'Internacional');
INSERT INTO FIDE_RESTAURANTE_TB (RESTAURANTE_ID, HOTEL_ID, NOMBRE, CAPACIDAD, ESTILO)
VALUES (42, 101, 'Heladería Artesanal', 30, 'Postres');
INSERT INTO FIDE_RESTAURANTE_TB (RESTAURANTE_ID, HOTEL_ID, NOMBRE, CAPACIDAD, ESTILO)
VALUES (43, 102, 'Río Grande Grill', 120, 'Parrilla');
INSERT INTO FIDE_RESTAURANTE_TB (RESTAURANTE_ID, HOTEL_ID, NOMBRE, CAPACIDAD, ESTILO)
VALUES (44, 103, 'El Tenedor de Oro', 75, 'Gourmet');
INSERT INTO FIDE_RESTAURANTE_TB (RESTAURANTE_ID, HOTEL_ID, NOMBRE, CAPACIDAD, ESTILO)
VALUES (45, 104, 'Sabores Andinos', 80, 'Peruana');
INSERT INTO FIDE_RESTAURANTE_TB (RESTAURANTE_ID, HOTEL_ID, NOMBRE, CAPACIDAD, ESTILO)
VALUES (46, 105, 'Tapas y Más', 100, 'Española');
INSERT INTO FIDE_RESTAURANTE_TB (RESTAURANTE_ID, HOTEL_ID, NOMBRE, CAPACIDAD, ESTILO)
VALUES (47, 106, 'La Cocina del Chef', 110, 'Fusión');
INSERT INTO FIDE_RESTAURANTE_TB (RESTAURANTE_ID, HOTEL_ID, NOMBRE, CAPACIDAD, ESTILO)
VALUES (48, 107, 'Pizza Central', 95, 'Italiana');
INSERT INTO FIDE_RESTAURANTE_TB (RESTAURANTE_ID, HOTEL_ID, NOMBRE, CAPACIDAD, ESTILO)
VALUES (49, 108, 'Sabor Mediterráneo', 60, 'Mediterránea');
INSERT INTO FIDE_RESTAURANTE_TB (RESTAURANTE_ID, HOTEL_ID, NOMBRE, CAPACIDAD, ESTILO)
VALUES (50, 109, 'La Esquina Verde', 70, 'Vegetariana');
INSERT INTO FIDE_RESTAURANTE_TB (RESTAURANTE_ID, HOTEL_ID, NOMBRE, CAPACIDAD, ESTILO)
VALUES (51, 110, 'Café del Parque', 50, 'Cafetería');
INSERT INTO FIDE_RESTAURANTE_TB (RESTAURANTE_ID, HOTEL_ID, NOMBRE, CAPACIDAD, ESTILO)
VALUES (52, 101, 'El Gourmet Costero', 60, 'Mariscos');
INSERT INTO FIDE_RESTAURANTE_TB (RESTAURANTE_ID, HOTEL_ID, NOMBRE, CAPACIDAD, ESTILO)
VALUES (53, 102, 'Sabor Mexicano', 120, 'Mexicana');
INSERT INTO FIDE_RESTAURANTE_TB (RESTAURANTE_ID, HOTEL_ID, NOMBRE, CAPACIDAD, ESTILO)
VALUES (54, 103, 'Delicias del Campo', 90, 'Casera');
INSERT INTO FIDE_RESTAURANTE_TB (RESTAURANTE_ID, HOTEL_ID, NOMBRE, CAPACIDAD, ESTILO)
VALUES (55, 104, 'Parrilla Criolla', 130, 'Parrilla');
INSERT INTO FIDE_RESTAURANTE_TB (RESTAURANTE_ID, HOTEL_ID, NOMBRE, CAPACIDAD, ESTILO)
VALUES (56, 105, 'La Esquina de los Sabores', 80, 'Internacional');
INSERT INTO FIDE_RESTAURANTE_TB (RESTAURANTE_ID, HOTEL_ID, NOMBRE, CAPACIDAD, ESTILO)
VALUES (57, 106, 'La Terraza Bistro', 50, 'Gourmet');
INSERT INTO FIDE_RESTAURANTE_TB (RESTAURANTE_ID, HOTEL_ID, NOMBRE, CAPACIDAD, ESTILO)
VALUES (58, 107, 'Restaurante La Paz', 100, 'Vegetariana');
INSERT INTO FIDE_RESTAURANTE_TB (RESTAURANTE_ID, HOTEL_ID, NOMBRE, CAPACIDAD, ESTILO)
VALUES (59, 108, 'El Sazón del Chef', 90, 'Fusión');
INSERT INTO FIDE_RESTAURANTE_TB (RESTAURANTE_ID, HOTEL_ID, NOMBRE, CAPACIDAD, ESTILO)
VALUES (60, 109, 'Café Colonial', 40, 'Cafetería');
INSERT INTO FIDE_RESTAURANTE_TB (RESTAURANTE_ID, HOTEL_ID, NOMBRE, CAPACIDAD, ESTILO)
VALUES (61, 110, 'Mar y Tierra', 150, 'Mariscos');
INSERT INTO FIDE_RESTAURANTE_TB (RESTAURANTE_ID, HOTEL_ID, NOMBRE, CAPACIDAD, ESTILO)
VALUES (62, 101, 'La Cava del Chef', 70, 'Gourmet');
INSERT INTO FIDE_RESTAURANTE_TB (RESTAURANTE_ID, HOTEL_ID, NOMBRE, CAPACIDAD, ESTILO)
VALUES (63, 102, 'Pizza Lovers', 80, 'Italiana');
INSERT INTO FIDE_RESTAURANTE_TB (RESTAURANTE_ID, HOTEL_ID, NOMBRE, CAPACIDAD, ESTILO)
VALUES (64, 103, 'Barra del Río', 100, 'Costarricense');
INSERT INTO FIDE_RESTAURANTE_TB (RESTAURANTE_ID, HOTEL_ID, NOMBRE, CAPACIDAD, ESTILO)
VALUES (65, 104, 'Viva España', 85, 'Española');
INSERT INTO FIDE_RESTAURANTE_TB (RESTAURANTE_ID, HOTEL_ID, NOMBRE, CAPACIDAD, ESTILO)
VALUES (66, 105, 'Sabor Tropical', 110, 'Caribeña');
INSERT INTO FIDE_RESTAURANTE_TB (RESTAURANTE_ID, HOTEL_ID, NOMBRE, CAPACIDAD, ESTILO)
VALUES (67, 106, 'El Sushi Bar', 40, 'Japonesa');
INSERT INTO FIDE_RESTAURANTE_TB (RESTAURANTE_ID, HOTEL_ID, NOMBRE, CAPACIDAD, ESTILO)
VALUES (68, 107, 'Bar & Grill', 120, 'Parrilla');
INSERT INTO FIDE_RESTAURANTE_TB (RESTAURANTE_ID, HOTEL_ID, NOMBRE, CAPACIDAD, ESTILO)
VALUES (69, 108, 'Tacos al Gusto', 90, 'Mexicana');
INSERT INTO FIDE_RESTAURANTE_TB (RESTAURANTE_ID, HOTEL_ID, NOMBRE, CAPACIDAD, ESTILO)
VALUES (70, 109, 'Deli Fresh', 55, 'Casera');
INSERT INTO FIDE_RESTAURANTE_TB (RESTAURANTE_ID, HOTEL_ID, NOMBRE, CAPACIDAD, ESTILO)
VALUES (71, 110, 'Terrazas del Sol', 140, 'Internacional');
INSERT INTO FIDE_RESTAURANTE_TB (RESTAURANTE_ID, HOTEL_ID, NOMBRE, CAPACIDAD, ESTILO)
VALUES (72, 101, 'Postres & Café', 30, 'Postres');
INSERT INTO FIDE_RESTAURANTE_TB (RESTAURANTE_ID, HOTEL_ID, NOMBRE, CAPACIDAD, ESTILO)
VALUES (73, 102, 'Sabores de Asia', 70, 'Asiática');
INSERT INTO FIDE_RESTAURANTE_TB (RESTAURANTE_ID, HOTEL_ID, NOMBRE, CAPACIDAD, ESTILO)
VALUES (74, 103, 'El Sazón Criollo', 60, 'Costarricense');
INSERT INTO FIDE_RESTAURANTE_TB (RESTAURANTE_ID, HOTEL_ID, NOMBRE, CAPACIDAD, ESTILO)
VALUES (75, 104, 'El Pescador', 120, 'Mariscos');
INSERT INTO FIDE_RESTAURANTE_TB (RESTAURANTE_ID, HOTEL_ID, NOMBRE, CAPACIDAD, ESTILO)
VALUES (76, 105, 'Cocina del Norte', 100, 'Casera');
INSERT INTO FIDE_RESTAURANTE_TB (RESTAURANTE_ID, HOTEL_ID, NOMBRE, CAPACIDAD, ESTILO)
VALUES (77, 106, 'La Fonda Tica', 80, 'Costarricense');
INSERT INTO FIDE_RESTAURANTE_TB (RESTAURANTE_ID, HOTEL_ID, NOMBRE, CAPACIDAD, ESTILO)
VALUES (78, 107, 'Restaurante Primavera', 95, 'Vegetariana');
INSERT INTO FIDE_RESTAURANTE_TB (RESTAURANTE_ID, HOTEL_ID, NOMBRE, CAPACIDAD, ESTILO)
VALUES (79, 108, 'Sabores del Sur', 85, 'Parrilla');
INSERT INTO FIDE_RESTAURANTE_TB (RESTAURANTE_ID, HOTEL_ID, NOMBRE, CAPACIDAD, ESTILO)
VALUES (80, 109, 'Café Natural', 50, 'Cafetería');
INSERT INTO FIDE_RESTAURANTE_TB (RESTAURANTE_ID, HOTEL_ID, NOMBRE, CAPACIDAD, ESTILO)
VALUES (81, 110, 'Buffet del Valle', 150, 'Internacional');
INSERT INTO FIDE_RESTAURANTE_TB (RESTAURANTE_ID, HOTEL_ID, NOMBRE, CAPACIDAD, ESTILO)
VALUES (82, 101, 'La Pizza Artesanal', 70, 'Italiana');
INSERT INTO FIDE_RESTAURANTE_TB (RESTAURANTE_ID, HOTEL_ID, NOMBRE, CAPACIDAD, ESTILO)
VALUES (83, 102, 'Helados del Bosque', 40, 'Postres');
INSERT INTO FIDE_RESTAURANTE_TB (RESTAURANTE_ID, HOTEL_ID, NOMBRE, CAPACIDAD, ESTILO)
VALUES (84, 103, 'El Buen Gusto', 90, 'Casera');
INSERT INTO FIDE_RESTAURANTE_TB (RESTAURANTE_ID, HOTEL_ID, NOMBRE, CAPACIDAD, ESTILO)
VALUES (85, 104, 'Sabores Marinos', 120, 'Mariscos');
INSERT INTO FIDE_RESTAURANTE_TB (RESTAURANTE_ID, HOTEL_ID, NOMBRE, CAPACIDAD, ESTILO)
VALUES (86, 105, 'Barbacoa Express', 60, 'Parrilla');
INSERT INTO FIDE_RESTAURANTE_TB (RESTAURANTE_ID, HOTEL_ID, NOMBRE, CAPACIDAD, ESTILO)
VALUES (87, 106, 'Tropical Sunset', 100, 'Caribeña');
INSERT INTO FIDE_RESTAURANTE_TB (RESTAURANTE_ID, HOTEL_ID, NOMBRE, CAPACIDAD, ESTILO)
VALUES (88, 107, 'La Cocina del Mar', 90, 'Fusión');
INSERT INTO FIDE_RESTAURANTE_TB (RESTAURANTE_ID, HOTEL_ID, NOMBRE, CAPACIDAD, ESTILO)
VALUES (89, 108, 'Café y Postres', 45, 'Cafetería');
INSERT INTO FIDE_RESTAURANTE_TB (RESTAURANTE_ID, HOTEL_ID, NOMBRE, CAPACIDAD, ESTILO)
VALUES (90, 109, 'El Asador del Valle', 110, 'Parrilla');
INSERT INTO FIDE_RESTAURANTE_TB (RESTAURANTE_ID, HOTEL_ID, NOMBRE, CAPACIDAD, ESTILO)
VALUES (91, 110, 'El Jardín del Chef', 140, 'Vegetariana');
INSERT INTO FIDE_RESTAURANTE_TB (RESTAURANTE_ID, HOTEL_ID, NOMBRE, CAPACIDAD, ESTILO)
VALUES (92, 101, 'Café Mediterráneo', 55, 'Mediterránea');
INSERT INTO FIDE_RESTAURANTE_TB (RESTAURANTE_ID, HOTEL_ID, NOMBRE, CAPACIDAD, ESTILO)
VALUES (93, 102, 'Postres y Dulces', 30, 'Postres');
INSERT INTO FIDE_RESTAURANTE_TB (RESTAURANTE_ID, HOTEL_ID, NOMBRE, CAPACIDAD, ESTILO)
VALUES (94, 103, 'La Casita de Sabores', 75, 'Casera');
INSERT INTO FIDE_RESTAURANTE_TB (RESTAURANTE_ID, HOTEL_ID, NOMBRE, CAPACIDAD, ESTILO)
VALUES (95, 104, 'Delicias Grill', 90, 'Parrilla');
INSERT INTO FIDE_RESTAURANTE_TB (RESTAURANTE_ID, HOTEL_ID, NOMBRE, CAPACIDAD, ESTILO)
VALUES (96, 105, 'Ramen Delight', 50, 'Japonesa');
INSERT INTO FIDE_RESTAURANTE_TB (RESTAURANTE_ID, HOTEL_ID, NOMBRE, CAPACIDAD, ESTILO)
VALUES (97, 106, 'El Bar del Chef', 110, 'Internacional');
INSERT INTO FIDE_RESTAURANTE_TB (RESTAURANTE_ID, HOTEL_ID, NOMBRE, CAPACIDAD, ESTILO)
VALUES (98, 107, 'Fusion Gourmet', 80, 'Fusión');
INSERT INTO FIDE_RESTAURANTE_TB (RESTAURANTE_ID, HOTEL_ID, NOMBRE, CAPACIDAD, ESTILO)
VALUES (99, 108, 'La Tradición Tica', 120, 'Costarricense');
INSERT INTO FIDE_RESTAURANTE_TB (RESTAURANTE_ID, HOTEL_ID, NOMBRE, CAPACIDAD, ESTILO)
VALUES (100, 109, 'Tacos del Chef', 70, 'Mexicana');
INSERT INTO FIDE_RESTAURANTE_TB (RESTAURANTE_ID, HOTEL_ID, NOMBRE, CAPACIDAD, ESTILO)
VALUES (101, 110, 'Buffet Internacional', 200, 'Internacional');

--INSERTS TABLA HUESPED
INSERT INTO FIDE_HUESPED_TB (HUESPED_ID, TELEFONO_ID, NOMBRE, APELLIDO1, APELLIDO2, EMAIL, DIRECCION, FECHA_REGISTRO)
VALUES (1, 101, 'Juan', 'Pérez', 'González', 'juan.perez@example.com', 'Av. Central, 123', SYSDATE);
INSERT INTO FIDE_HUESPED_TB (HUESPED_ID, TELEFONO_ID, NOMBRE, APELLIDO1, APELLIDO2, EMAIL, DIRECCION, FECHA_REGISTRO)
VALUES (2, 102, 'María', 'Rodríguez', 'Mora', 'maria.rodriguez@example.com', 'Calle Secundaria, 456', SYSDATE);
INSERT INTO FIDE_HUESPED_TB (HUESPED_ID, TELEFONO_ID, NOMBRE, APELLIDO1, APELLIDO2, EMAIL, DIRECCION, FECHA_REGISTRO)
VALUES (3, 103, 'Carlos', 'Jiménez', 'Lopez', 'carlos.jimenez@example.com', 'Barrio Nuevo, 789', SYSDATE);
INSERT INTO FIDE_HUESPED_TB (HUESPED_ID, TELEFONO_ID, NOMBRE, APELLIDO1, APELLIDO2, EMAIL, DIRECCION, FECHA_REGISTRO)
VALUES (4, 104, 'Ana', 'Ramírez', 'Chacón', 'ana.ramirez@example.com', 'Zona Norte, 101', SYSDATE);
INSERT INTO FIDE_HUESPED_TB (HUESPED_ID, TELEFONO_ID, NOMBRE, APELLIDO1, APELLIDO2, EMAIL, DIRECCION, FECHA_REGISTRO)
VALUES (5, 105, 'Luis', 'Fernández', 'Alfaro', 'luis.fernandez@example.com', 'Zona Este, 202', SYSDATE);
INSERT INTO FIDE_HUESPED_TB (HUESPED_ID, TELEFONO_ID, NOMBRE, APELLIDO1, APELLIDO2, EMAIL, DIRECCION, FECHA_REGISTRO)
VALUES (6, 101, 'Sofía', 'Castro', 'Zúñiga', 'sofia.castro@example.com', 'Zona Sur, 303', SYSDATE);
INSERT INTO FIDE_HUESPED_TB (HUESPED_ID, TELEFONO_ID, NOMBRE, APELLIDO1, APELLIDO2, EMAIL, DIRECCION, FECHA_REGISTRO)
VALUES (7, 102, 'Miguel', 'Vargas', 'Solano', 'miguel.vargas@example.com', 'Zona Oeste, 404', SYSDATE);
INSERT INTO FIDE_HUESPED_TB (HUESPED_ID, TELEFONO_ID, NOMBRE, APELLIDO1, APELLIDO2, EMAIL, DIRECCION, FECHA_REGISTRO)
VALUES (8, 103, 'Laura', 'Gómez', 'Carvajal', 'laura.gomez@example.com', 'Zona Central, 505', SYSDATE);
INSERT INTO FIDE_HUESPED_TB (HUESPED_ID, TELEFONO_ID, NOMBRE, APELLIDO1, APELLIDO2, EMAIL, DIRECCION, FECHA_REGISTRO)
VALUES (9, 104, 'José', 'Martínez', 'Esquivel', 'jose.martinez@example.com', 'Urbanización Luna, 606', SYSDATE);
INSERT INTO FIDE_HUESPED_TB (HUESPED_ID, TELEFONO_ID, NOMBRE, APELLIDO1, APELLIDO2, EMAIL, DIRECCION, FECHA_REGISTRO)
VALUES (10, 105, 'Elena', 'Salazar', 'Méndez', 'elena.salazar@example.com', 'Condominio Sol, 707', SYSDATE);
INSERT INTO FIDE_HUESPED_TB (HUESPED_ID, TELEFONO_ID, NOMBRE, APELLIDO1, APELLIDO2, EMAIL, DIRECCION, FECHA_REGISTRO)
VALUES (11, 101, 'Ricardo', 'Porras', 'Mora', 'ricardo.porras@example.com', 'Residencial Oro, 808', SYSDATE);
INSERT INTO FIDE_HUESPED_TB (HUESPED_ID, TELEFONO_ID, NOMBRE, APELLIDO1, APELLIDO2, EMAIL, DIRECCION, FECHA_REGISTRO)
VALUES (12, 102, 'Gabriela', 'Chaves', 'Montoya', 'gabriela.chaves@example.com', 'Barrio Verde, 909', SYSDATE);
INSERT INTO FIDE_HUESPED_TB (HUESPED_ID, TELEFONO_ID, NOMBRE, APELLIDO1, APELLIDO2, EMAIL, DIRECCION, FECHA_REGISTRO)
VALUES (13, 103, 'Fernando', 'Quesada', 'Ureña', 'fernando.quesada@example.com', 'Sector Azul, 111', SYSDATE);
INSERT INTO FIDE_HUESPED_TB (HUESPED_ID, TELEFONO_ID, NOMBRE, APELLIDO1, APELLIDO2, EMAIL, DIRECCION, FECHA_REGISTRO)
VALUES (14, 104, 'Natalia', 'Rojas', 'Vargas', 'natalia.rojas@example.com', 'Edificio Blanco, 222', SYSDATE);
INSERT INTO FIDE_HUESPED_TB (HUESPED_ID, TELEFONO_ID, NOMBRE, APELLIDO1, APELLIDO2, EMAIL, DIRECCION, FECHA_REGISTRO)
VALUES (15, 105, 'Héctor', 'Monge', 'Araya', 'hector.monge@example.com', 'Casa Roja, 333', SYSDATE);
INSERT INTO FIDE_HUESPED_TB (HUESPED_ID, TELEFONO_ID, NOMBRE, APELLIDO1, APELLIDO2, EMAIL, DIRECCION, FECHA_REGISTRO)
VALUES (16, 101, 'Camila', 'León', 'Soto', 'camila.leon@example.com', 'Urbanización del Bosque, 444', SYSDATE);
INSERT INTO FIDE_HUESPED_TB (HUESPED_ID, TELEFONO_ID, NOMBRE, APELLIDO1, APELLIDO2, EMAIL, DIRECCION, FECHA_REGISTRO)
VALUES (17, 102, 'Diego', 'Morales', 'Chacón', 'diego.morales@example.com', 'Condominio del Lago, 555', SYSDATE);
INSERT INTO FIDE_HUESPED_TB (HUESPED_ID, TELEFONO_ID, NOMBRE, APELLIDO1, APELLIDO2, EMAIL, DIRECCION, FECHA_REGISTRO)
VALUES (18, 103, 'Isabel', 'Carballo', 'Alvarado', 'isabel.carballo@example.com', 'Residencial del Sol, 666', SYSDATE);
INSERT INTO FIDE_HUESPED_TB (HUESPED_ID, TELEFONO_ID, NOMBRE, APELLIDO1, APELLIDO2, EMAIL, DIRECCION, FECHA_REGISTRO)
VALUES (19, 104, 'Esteban', 'Calvo', 'Chaves', 'esteban.calvo@example.com', 'Zona Verde, 777', SYSDATE);
INSERT INTO FIDE_HUESPED_TB (HUESPED_ID, TELEFONO_ID, NOMBRE, APELLIDO1, APELLIDO2, EMAIL, DIRECCION, FECHA_REGISTRO)
VALUES (20, 105, 'Valeria', 'Sánchez', 'Mora', 'valeria.sanchez@example.com', 'Barrio Central, 888', SYSDATE);
INSERT INTO FIDE_HUESPED_TB (HUESPED_ID, TELEFONO_ID, NOMBRE, APELLIDO1, APELLIDO2, EMAIL, DIRECCION, FECHA_REGISTRO)
VALUES (21, 106, 'Andrés', 'Alvarado', 'Mena', 'andres.alvarado@example.com', 'Calle Principal, 999', SYSDATE);
INSERT INTO FIDE_HUESPED_TB (HUESPED_ID, TELEFONO_ID, NOMBRE, APELLIDO1, APELLIDO2, EMAIL, DIRECCION, FECHA_REGISTRO)
VALUES (22, 107, 'Fabiola', 'Zamora', 'Cruz', 'fabiola.zamora@example.com', 'Avenida del Parque, 1234', SYSDATE);
INSERT INTO FIDE_HUESPED_TB (HUESPED_ID, TELEFONO_ID, NOMBRE, APELLIDO1, APELLIDO2, EMAIL, DIRECCION, FECHA_REGISTRO)
VALUES (23, 108, 'Sebastián', 'García', 'Ugalde', 'sebastian.garcia@example.com', 'Residencial Azul, 2345', SYSDATE);
INSERT INTO FIDE_HUESPED_TB (HUESPED_ID, TELEFONO_ID, NOMBRE, APELLIDO1, APELLIDO2, EMAIL, DIRECCION, FECHA_REGISTRO)
VALUES (24, 109, 'Paola', 'Durán', 'Zúñiga', 'paola.duran@example.com', 'Zona Norte, 3456', SYSDATE);
INSERT INTO FIDE_HUESPED_TB (HUESPED_ID, TELEFONO_ID, NOMBRE, APELLIDO1, APELLIDO2, EMAIL, DIRECCION, FECHA_REGISTRO)
VALUES (25, 110, 'Alejandro', 'Vargas', 'Quesada', 'alejandro.vargas@example.com', 'Barrio del Sol, 4567', SYSDATE);
INSERT INTO FIDE_HUESPED_TB (HUESPED_ID, TELEFONO_ID, NOMBRE, APELLIDO1, APELLIDO2, EMAIL, DIRECCION, FECHA_REGISTRO)
VALUES (26, 106, 'Rebeca', 'Mora', 'Castillo', 'rebeca.mora@example.com', 'Zona Este, 5678', SYSDATE);
INSERT INTO FIDE_HUESPED_TB (HUESPED_ID, TELEFONO_ID, NOMBRE, APELLIDO1, APELLIDO2, EMAIL, DIRECCION, FECHA_REGISTRO)
VALUES (27, 107, 'Daniel', 'Hernández', 'Cordero', 'daniel.hernandez@example.com', 'Urbanización Luna, 6789', SYSDATE);
INSERT INTO FIDE_HUESPED_TB (HUESPED_ID, TELEFONO_ID, NOMBRE, APELLIDO1, APELLIDO2, EMAIL, DIRECCION, FECHA_REGISTRO)
VALUES (28, 108, 'Mónica', 'Villalobos', 'Carvajal', 'monica.villalobos@example.com', 'Zona Sur, 7890', SYSDATE);
INSERT INTO FIDE_HUESPED_TB (HUESPED_ID, TELEFONO_ID, NOMBRE, APELLIDO1, APELLIDO2, EMAIL, DIRECCION, FECHA_REGISTRO)
VALUES (29, 109, 'Jorge', 'Espinoza', 'Montero', 'jorge.espinoza@example.com', 'Condominio Estrella, 8901', SYSDATE);
INSERT INTO FIDE_HUESPED_TB (HUESPED_ID, TELEFONO_ID, NOMBRE, APELLIDO1, APELLIDO2, EMAIL, DIRECCION, FECHA_REGISTRO)
VALUES (30, 110, 'Carmen', 'Solís', 'Barquero', 'carmen.solis@example.com', 'Residencial Estrella, 9012', SYSDATE);
INSERT INTO FIDE_HUESPED_TB (HUESPED_ID, TELEFONO_ID, NOMBRE, APELLIDO1, APELLIDO2, EMAIL, DIRECCION, FECHA_REGISTRO)
VALUES (31, 106, 'Adrián', 'Rojas', 'Campos', 'adrian.rojas@example.com', 'Barrio del Mar, 12345', SYSDATE);
INSERT INTO FIDE_HUESPED_TB (HUESPED_ID, TELEFONO_ID, NOMBRE, APELLIDO1, APELLIDO2, EMAIL, DIRECCION, FECHA_REGISTRO)
VALUES (32, 107, 'Natalia', 'Carrillo', 'Jiménez', 'natalia.carrillo@example.com', 'Urbanización Azul, 23456', SYSDATE);
INSERT INTO FIDE_HUESPED_TB (HUESPED_ID, TELEFONO_ID, NOMBRE, APELLIDO1, APELLIDO2, EMAIL, DIRECCION, FECHA_REGISTRO)
VALUES (33, 108, 'Roberto', 'Alfaro', 'Aguilar', 'roberto.alfaro@example.com', 'Zona Oeste, 34567', SYSDATE);
INSERT INTO FIDE_HUESPED_TB (HUESPED_ID, TELEFONO_ID, NOMBRE, APELLIDO1, APELLIDO2, EMAIL, DIRECCION, FECHA_REGISTRO)
VALUES (34, 109, 'Luisa', 'Chacón', 'Vargas', 'luisa.chacon@example.com', 'Residencial Sur, 45678', SYSDATE);
INSERT INTO FIDE_HUESPED_TB (HUESPED_ID, TELEFONO_ID, NOMBRE, APELLIDO1, APELLIDO2, EMAIL, DIRECCION, FECHA_REGISTRO)
VALUES (35, 110, 'Marco', 'Salas', 'Gómez', 'marco.salas@example.com', 'Barrio Verde, 56789', SYSDATE);
INSERT INTO FIDE_HUESPED_TB (HUESPED_ID, TELEFONO_ID, NOMBRE, APELLIDO1, APELLIDO2, EMAIL, DIRECCION, FECHA_REGISTRO)
VALUES (36, 106, 'Teresa', 'Fonseca', 'Ureña', 'teresa.fonseca@example.com', 'Residencial Norte, 67890', SYSDATE);
INSERT INTO FIDE_HUESPED_TB (HUESPED_ID, TELEFONO_ID, NOMBRE, APELLIDO1, APELLIDO2, EMAIL, DIRECCION, FECHA_REGISTRO)
VALUES (37, 107, 'Felipe', 'Murillo', 'Campos', 'felipe.murillo@example.com', 'Zona Este, 78901', SYSDATE);
INSERT INTO FIDE_HUESPED_TB (HUESPED_ID, TELEFONO_ID, NOMBRE, APELLIDO1, APELLIDO2, EMAIL, DIRECCION, FECHA_REGISTRO)
VALUES (38, 108, 'Claudia', 'Vega', 'Serrano', 'claudia.vega@example.com', 'Urbanización Central, 89012', SYSDATE);
INSERT INTO FIDE_HUESPED_TB (HUESPED_ID, TELEFONO_ID, NOMBRE, APELLIDO1, APELLIDO2, EMAIL, DIRECCION, FECHA_REGISTRO)
VALUES (39, 109, 'Iván', 'Bonilla', 'Zamora', 'ivan.bonilla@example.com', 'Residencial Azul, 90123', SYSDATE);
INSERT INTO FIDE_HUESPED_TB (HUESPED_ID, TELEFONO_ID, NOMBRE, APELLIDO1, APELLIDO2, EMAIL, DIRECCION, FECHA_REGISTRO)
VALUES (40, 110, 'Gloria', 'Mejía', 'Villalta', 'gloria.mejia@example.com', 'Calle Verde, 10101', SYSDATE);
INSERT INTO FIDE_HUESPED_TB (HUESPED_ID, TELEFONO_ID, NOMBRE, APELLIDO1, APELLIDO2, EMAIL, DIRECCION, FECHA_REGISTRO)
VALUES (41, 106, 'Arturo', 'González', 'Ugalde', 'arturo.gonzalez@example.com', 'Residencial El Sol, 20202', SYSDATE);
INSERT INTO FIDE_HUESPED_TB (HUESPED_ID, TELEFONO_ID, NOMBRE, APELLIDO1, APELLIDO2, EMAIL, DIRECCION, FECHA_REGISTRO)
VALUES (42, 107, 'Patricia', 'Cordero', 'Espinoza', 'patricia.cordero@example.com', 'Zona Luna, 30303', SYSDATE);
INSERT INTO FIDE_HUESPED_TB (HUESPED_ID, TELEFONO_ID, NOMBRE, APELLIDO1, APELLIDO2, EMAIL, DIRECCION, FECHA_REGISTRO)
VALUES (43, 108, 'René', 'Sánchez', 'Villalobos', 'rene.sanchez@example.com', 'Urbanización del Lago, 40404', SYSDATE);
INSERT INTO FIDE_HUESPED_TB (HUESPED_ID, TELEFONO_ID, NOMBRE, APELLIDO1, APELLIDO2, EMAIL, DIRECCION, FECHA_REGISTRO)
VALUES (44, 109, 'Cristina', 'Aguilar', 'Monge', 'cristina.aguilar@example.com', 'Residencial Luna, 50505', SYSDATE);
INSERT INTO FIDE_HUESPED_TB (HUESPED_ID, TELEFONO_ID, NOMBRE, APELLIDO1, APELLIDO2, EMAIL, DIRECCION, FECHA_REGISTRO)
VALUES (45, 110, 'Hernán', 'Calvo', 'Fonseca', 'hernan.calvo@example.com', 'Zona del Sol, 60606', SYSDATE);
INSERT INTO FIDE_HUESPED_TB (HUESPED_ID, TELEFONO_ID, NOMBRE, APELLIDO1, APELLIDO2, EMAIL, DIRECCION, FECHA_REGISTRO)
VALUES (46, 106, 'Lucía', 'Murillo', 'Cordero', 'lucia.murillo@example.com', 'Urbanización Blanca, 70707', SYSDATE);
INSERT INTO FIDE_HUESPED_TB (HUESPED_ID, TELEFONO_ID, NOMBRE, APELLIDO1, APELLIDO2, EMAIL, DIRECCION, FECHA_REGISTRO)
VALUES (47, 107, 'Alberto', 'Zúñiga', 'Martínez', 'alberto.zuniga@example.com', 'Residencial Azul, 80808', SYSDATE);
INSERT INTO FIDE_HUESPED_TB (HUESPED_ID, TELEFONO_ID, NOMBRE, APELLIDO1, APELLIDO2, EMAIL, DIRECCION, FECHA_REGISTRO)
VALUES (48, 108, 'Carolina', 'Montero', 'Salas', 'carolina.montero@example.com', 'Zona Norte, 90909', SYSDATE);
INSERT INTO FIDE_HUESPED_TB (HUESPED_ID, TELEFONO_ID, NOMBRE, APELLIDO1, APELLIDO2, EMAIL, DIRECCION, FECHA_REGISTRO)
VALUES (49, 109, 'Eduardo', 'Valverde', 'Quesada', 'eduardo.valverde@example.com', 'Residencial Verde, 101010', SYSDATE);
INSERT INTO FIDE_HUESPED_TB (HUESPED_ID, TELEFONO_ID, NOMBRE, APELLIDO1, APELLIDO2, EMAIL, DIRECCION, FECHA_REGISTRO)
VALUES (50, 110, 'María José', 'Torres', 'Bonilla', 'maria.torres@example.com', 'Calle Roja, 202020', SYSDATE);
INSERT INTO FIDE_HUESPED_TB (HUESPED_ID, TELEFONO_ID, NOMBRE, APELLIDO1, APELLIDO2, EMAIL, DIRECCION, FECHA_REGISTRO)
VALUES (51, 111, 'Joaquín', 'Soto', 'Castillo', 'joaquin.soto@example.com', 'Barrio del Este, 123', SYSDATE);
INSERT INTO FIDE_HUESPED_TB (HUESPED_ID, TELEFONO_ID, NOMBRE, APELLIDO1, APELLIDO2, EMAIL, DIRECCION, FECHA_REGISTRO)
VALUES (52, 112, 'Silvia', 'Campos', 'Salas', 'silvia.campos@example.com', 'Zona del Norte, 456', SYSDATE);
INSERT INTO FIDE_HUESPED_TB (HUESPED_ID, TELEFONO_ID, NOMBRE, APELLIDO1, APELLIDO2, EMAIL, DIRECCION, FECHA_REGISTRO)
VALUES (53, 113, 'Esteban', 'Durán', 'Vega', 'esteban.duran@example.com', 'Urbanización Bella, 789', SYSDATE);
INSERT INTO FIDE_HUESPED_TB (HUESPED_ID, TELEFONO_ID, NOMBRE, APELLIDO1, APELLIDO2, EMAIL, DIRECCION, FECHA_REGISTRO)
VALUES (54, 114, 'Gabriela', 'Aguilar', 'Villalobos', 'gabriela.aguilar@example.com', 'Condominio Azul, 101', SYSDATE);
INSERT INTO FIDE_HUESPED_TB (HUESPED_ID, TELEFONO_ID, NOMBRE, APELLIDO1, APELLIDO2, EMAIL, DIRECCION, FECHA_REGISTRO)
VALUES (55, 115, 'Mauricio', 'Mejía', 'Fonseca', 'mauricio.mejia@example.com', 'Residencial Verde, 202', SYSDATE);
INSERT INTO FIDE_HUESPED_TB (HUESPED_ID, TELEFONO_ID, NOMBRE, APELLIDO1, APELLIDO2, EMAIL, DIRECCION, FECHA_REGISTRO)
VALUES (56, 116, 'Mariana', 'Murillo', 'Cordero', 'mariana.murillo@example.com', 'Zona Oeste, 303', SYSDATE);
INSERT INTO FIDE_HUESPED_TB (HUESPED_ID, TELEFONO_ID, NOMBRE, APELLIDO1, APELLIDO2, EMAIL, DIRECCION, FECHA_REGISTRO)
VALUES (57, 117, 'Tomás', 'Alvarado', 'González', 'tomas.alvarado@example.com', 'Calle Principal, 404', SYSDATE);
INSERT INTO FIDE_HUESPED_TB (HUESPED_ID, TELEFONO_ID, NOMBRE, APELLIDO1, APELLIDO2, EMAIL, DIRECCION, FECHA_REGISTRO)
VALUES (58, 118, 'Patricia', 'Zamora', 'Mora', 'patricia.zamora@example.com', 'Urbanización del Sol, 505', SYSDATE);
INSERT INTO FIDE_HUESPED_TB (HUESPED_ID, TELEFONO_ID, NOMBRE, APELLIDO1, APELLIDO2, EMAIL, DIRECCION, FECHA_REGISTRO)
VALUES (59, 119, 'Iván', 'Calvo', 'Espinoza', 'ivan.calvo@example.com', 'Barrio del Mar, 606', SYSDATE);
INSERT INTO FIDE_HUESPED_TB (HUESPED_ID, TELEFONO_ID, NOMBRE, APELLIDO1, APELLIDO2, EMAIL, DIRECCION, FECHA_REGISTRO)
VALUES (60, 120, 'Lucía', 'Bonilla', 'Durán', 'lucia.bonilla@example.com', 'Zona Central, 707', SYSDATE);
INSERT INTO FIDE_HUESPED_TB (HUESPED_ID, TELEFONO_ID, NOMBRE, APELLIDO1, APELLIDO2, EMAIL, DIRECCION, FECHA_REGISTRO)
VALUES (61, 111, 'Óscar', 'Valverde', 'Cruz', 'oscar.valverde@example.com', 'Condominio Luna, 808', SYSDATE);
INSERT INTO FIDE_HUESPED_TB (HUESPED_ID, TELEFONO_ID, NOMBRE, APELLIDO1, APELLIDO2, EMAIL, DIRECCION, FECHA_REGISTRO)
VALUES (62, 112, 'Inés', 'Chaves', 'Mena', 'ines.chaves@example.com', 'Residencial del Lago, 909', SYSDATE);
INSERT INTO FIDE_HUESPED_TB (HUESPED_ID, TELEFONO_ID, NOMBRE, APELLIDO1, APELLIDO2, EMAIL, DIRECCION, FECHA_REGISTRO)
VALUES (63, 113, 'Antonio', 'Rojas', 'Pérez', 'antonio.rojas@example.com', 'Zona Norte, 1010', SYSDATE);
INSERT INTO FIDE_HUESPED_TB (HUESPED_ID, TELEFONO_ID, NOMBRE, APELLIDO1, APELLIDO2, EMAIL, DIRECCION, FECHA_REGISTRO)
VALUES (64, 114, 'María', 'Sánchez', 'Montero', 'maria.sanchez@example.com', 'Urbanización Blanca, 1111', SYSDATE);
INSERT INTO FIDE_HUESPED_TB (HUESPED_ID, TELEFONO_ID, NOMBRE, APELLIDO1, APELLIDO2, EMAIL, DIRECCION, FECHA_REGISTRO)
VALUES (65, 115, 'Javier', 'Torres', 'Arias', 'javier.torres@example.com', 'Barrio Azul, 1212', SYSDATE);
INSERT INTO FIDE_HUESPED_TB (HUESPED_ID, TELEFONO_ID, NOMBRE, APELLIDO1, APELLIDO2, EMAIL, DIRECCION, FECHA_REGISTRO)
VALUES (66, 116, 'Natalia', 'Gómez', 'Vargas', 'natalia.gomez@example.com', 'Residencial Verde, 1313', SYSDATE);
INSERT INTO FIDE_HUESPED_TB (HUESPED_ID, TELEFONO_ID, NOMBRE, APELLIDO1, APELLIDO2, EMAIL, DIRECCION, FECHA_REGISTRO)
VALUES (67, 117, 'Felipe', 'Salazar', 'Solano', 'felipe.salazar@example.com', 'Zona Sur, 1414', SYSDATE);
INSERT INTO FIDE_HUESPED_TB (HUESPED_ID, TELEFONO_ID, NOMBRE, APELLIDO1, APELLIDO2, EMAIL, DIRECCION, FECHA_REGISTRO)
VALUES (68, 118, 'Laura', 'Carvajal', 'Ureña', 'laura.carvajal@example.com', 'Calle Principal, 1515', SYSDATE);
INSERT INTO FIDE_HUESPED_TB (HUESPED_ID, TELEFONO_ID, NOMBRE, APELLIDO1, APELLIDO2, EMAIL, DIRECCION, FECHA_REGISTRO)
VALUES (69, 119, 'Andrés', 'León', 'Barquero', 'andres.leon@example.com', 'Urbanización Roja, 1616', SYSDATE);
INSERT INTO FIDE_HUESPED_TB (HUESPED_ID, TELEFONO_ID, NOMBRE, APELLIDO1, APELLIDO2, EMAIL, DIRECCION, FECHA_REGISTRO)
VALUES (70, 120, 'Daniela', 'Esquivel', 'Ramírez', 'daniela.esquivel@example.com', 'Zona Blanca, 1717', SYSDATE);
INSERT INTO FIDE_HUESPED_TB (HUESPED_ID, TELEFONO_ID, NOMBRE, APELLIDO1, APELLIDO2, EMAIL, DIRECCION, FECHA_REGISTRO)
VALUES (71, 111, 'Héctor', 'Ugalde', 'Martínez', 'hector.ugalde@example.com', 'Residencial Norte, 1818', SYSDATE);
INSERT INTO FIDE_HUESPED_TB (HUESPED_ID, TELEFONO_ID, NOMBRE, APELLIDO1, APELLIDO2, EMAIL, DIRECCION, FECHA_REGISTRO)
VALUES (72, 112, 'Fabiola', 'Fonseca', 'Chacón', 'fabiola.fonseca@example.com', 'Zona Este, 1919', SYSDATE);
INSERT INTO FIDE_HUESPED_TB (HUESPED_ID, TELEFONO_ID, NOMBRE, APELLIDO1, APELLIDO2, EMAIL, DIRECCION, FECHA_REGISTRO)
VALUES (73, 113, 'Carlos', 'Solís', 'Bonilla', 'carlos.solis@example.com', 'Urbanización del Mar, 2020', SYSDATE);
INSERT INTO FIDE_HUESPED_TB (HUESPED_ID, TELEFONO_ID, NOMBRE, APELLIDO1, APELLIDO2, EMAIL, DIRECCION, FECHA_REGISTRO)
VALUES (74, 114, 'Julieta', 'Campos', 'Soto', 'julieta.campos@example.com', 'Residencial Azul, 2121', SYSDATE);
INSERT INTO FIDE_HUESPED_TB (HUESPED_ID, TELEFONO_ID, NOMBRE, APELLIDO1, APELLIDO2, EMAIL, DIRECCION, FECHA_REGISTRO)
VALUES (75, 115, 'Esteban', 'Vargas', 'Arias', 'esteban.vargas@example.com', 'Condominio Verde, 2222', SYSDATE);
INSERT INTO FIDE_HUESPED_TB (HUESPED_ID, TELEFONO_ID, NOMBRE, APELLIDO1, APELLIDO2, EMAIL, DIRECCION, FECHA_REGISTRO)
VALUES (76, 116, 'Andrea', 'Rojas', 'Calvo', 'andrea.rojas@example.com', 'Zona Central, 2323', SYSDATE);
INSERT INTO FIDE_HUESPED_TB (HUESPED_ID, TELEFONO_ID, NOMBRE, APELLIDO1, APELLIDO2, EMAIL, DIRECCION, FECHA_REGISTRO)
VALUES (77, 117, 'Roberto', 'Mejía', 'Serrano', 'roberto.mejia@example.com', 'Barrio Luna, 2424', SYSDATE);
INSERT INTO FIDE_HUESPED_TB (HUESPED_ID, TELEFONO_ID, NOMBRE, APELLIDO1, APELLIDO2, EMAIL, DIRECCION, FECHA_REGISTRO)
VALUES (78, 118, 'Claudia', 'Chaves', 'Fonseca', 'claudia.chaves@example.com', 'Urbanización del Sol, 2525', SYSDATE);
INSERT INTO FIDE_HUESPED_TB (HUESPED_ID, TELEFONO_ID, NOMBRE, APELLIDO1, APELLIDO2, EMAIL, DIRECCION, FECHA_REGISTRO)
VALUES (79, 119, 'Marcos', 'Carballo', 'Villalobos', 'marcos.carballo@example.com', 'Residencial del Sol, 2626', SYSDATE);
INSERT INTO FIDE_HUESPED_TB (HUESPED_ID, TELEFONO_ID, NOMBRE, APELLIDO1, APELLIDO2, EMAIL, DIRECCION, FECHA_REGISTRO)
VALUES (80, 120, 'Isabel', 'Soto', 'Zamora', 'isabel.soto@example.com', 'Zona Verde, 2727', SYSDATE);
INSERT INTO FIDE_HUESPED_TB (HUESPED_ID, TELEFONO_ID, NOMBRE, APELLIDO1, APELLIDO2, EMAIL, DIRECCION, FECHA_REGISTRO)
VALUES (81, 121, 'Santiago', 'González', 'Arias', 'santiago.gonzalez@example.com', 'Residencial Sol, 1234', SYSDATE);
INSERT INTO FIDE_HUESPED_TB (HUESPED_ID, TELEFONO_ID, NOMBRE, APELLIDO1, APELLIDO2, EMAIL, DIRECCION, FECHA_REGISTRO)
VALUES (82, 122, 'Camila', 'Rojas', 'Zamora', 'camila.rojas@example.com', 'Condominio Luna, 5678', SYSDATE);
INSERT INTO FIDE_HUESPED_TB (HUESPED_ID, TELEFONO_ID, NOMBRE, APELLIDO1, APELLIDO2, EMAIL, DIRECCION, FECHA_REGISTRO)
VALUES (83, 123, 'Mateo', 'Bonilla', 'León', 'mateo.bonilla@example.com', 'Zona del Lago, 9101', SYSDATE);
INSERT INTO FIDE_HUESPED_TB (HUESPED_ID, TELEFONO_ID, NOMBRE, APELLIDO1, APELLIDO2, EMAIL, DIRECCION, FECHA_REGISTRO)
VALUES (84, 124, 'Isabella', 'Murillo', 'Castillo', 'isabella.murillo@example.com', 'Residencial Norte, 1122', SYSDATE);
INSERT INTO FIDE_HUESPED_TB (HUESPED_ID, TELEFONO_ID, NOMBRE, APELLIDO1, APELLIDO2, EMAIL, DIRECCION, FECHA_REGISTRO)
VALUES (85, 125, 'Samuel', 'Valverde', 'Sánchez', 'samuel.valverde@example.com', 'Barrio Verde, 3344', SYSDATE);
INSERT INTO FIDE_HUESPED_TB (HUESPED_ID, TELEFONO_ID, NOMBRE, APELLIDO1, APELLIDO2, EMAIL, DIRECCION, FECHA_REGISTRO)
VALUES (86, 126, 'Valentina', 'Esquivel', 'Durán', 'valentina.esquivel@example.com', 'Zona Central, 5566', SYSDATE);
INSERT INTO FIDE_HUESPED_TB (HUESPED_ID, TELEFONO_ID, NOMBRE, APELLIDO1, APELLIDO2, EMAIL, DIRECCION, FECHA_REGISTRO)
VALUES (87, 127, 'Daniel', 'Rojas', 'Chaves', 'daniel.rojas@example.com', 'Urbanización del Sol, 7788', SYSDATE);
INSERT INTO FIDE_HUESPED_TB (HUESPED_ID, TELEFONO_ID, NOMBRE, APELLIDO1, APELLIDO2, EMAIL, DIRECCION, FECHA_REGISTRO)
VALUES (88, 128, 'Sofía', 'Aguilar', 'Villalobos', 'sofia.aguilar@example.com', 'Residencial Luna, 9910', SYSDATE);
INSERT INTO FIDE_HUESPED_TB (HUESPED_ID, TELEFONO_ID, NOMBRE, APELLIDO1, APELLIDO2, EMAIL, DIRECCION, FECHA_REGISTRO)
VALUES (89, 129, 'Martín', 'Fonseca', 'Mora', 'martin.fonseca@example.com', 'Barrio Norte, 1122', SYSDATE);
INSERT INTO FIDE_HUESPED_TB (HUESPED_ID, TELEFONO_ID, NOMBRE, APELLIDO1, APELLIDO2, EMAIL, DIRECCION, FECHA_REGISTRO)
VALUES (90, 130, 'Luciana', 'Chacón', 'Pérez', 'luciana.chacon@example.com', 'Zona Este, 3344', SYSDATE);
INSERT INTO FIDE_HUESPED_TB (HUESPED_ID, TELEFONO_ID, NOMBRE, APELLIDO1, APELLIDO2, EMAIL, DIRECCION, FECHA_REGISTRO)
VALUES (91, 121, 'Ángel', 'Campos', 'Zamora', 'angel.campos@example.com', 'Residencial del Mar, 5566', SYSDATE);
INSERT INTO FIDE_HUESPED_TB (HUESPED_ID, TELEFONO_ID, NOMBRE, APELLIDO1, APELLIDO2, EMAIL, DIRECCION, FECHA_REGISTRO)
VALUES (92, 122, 'María', 'Salazar', 'Espinoza', 'maria.salazar@example.com', 'Zona Sur, 7788', SYSDATE);
INSERT INTO FIDE_HUESPED_TB (HUESPED_ID, TELEFONO_ID, NOMBRE, APELLIDO1, APELLIDO2, EMAIL, DIRECCION, FECHA_REGISTRO)
VALUES (93, 123, 'Gabriel', 'Montero', 'Carvajal', 'gabriel.montero@example.com', 'Residencial Azul, 9900', SYSDATE);
INSERT INTO FIDE_HUESPED_TB (HUESPED_ID, TELEFONO_ID, NOMBRE, APELLIDO1, APELLIDO2, EMAIL, DIRECCION, FECHA_REGISTRO)
VALUES (94, 124, 'Carolina', 'Soto', 'Calvo', 'carolina.soto@example.com', 'Urbanización del Lago, 2233', SYSDATE);
INSERT INTO FIDE_HUESPED_TB (HUESPED_ID, TELEFONO_ID, NOMBRE, APELLIDO1, APELLIDO2, EMAIL, DIRECCION, FECHA_REGISTRO)
VALUES (95, 125, 'Cristóbal', 'Vega', 'Hernández', 'cristobal.vega@example.com', 'Zona Blanca, 4455', SYSDATE);
INSERT INTO FIDE_HUESPED_TB (HUESPED_ID, TELEFONO_ID, NOMBRE, APELLIDO1, APELLIDO2, EMAIL, DIRECCION, FECHA_REGISTRO)
VALUES (96, 126, 'Mariana', 'Barquero', 'Mena', 'mariana.barquero@example.com', 'Residencial Estrella, 6677', SYSDATE);
INSERT INTO FIDE_HUESPED_TB (HUESPED_ID, TELEFONO_ID, NOMBRE, APELLIDO1, APELLIDO2, EMAIL, DIRECCION, FECHA_REGISTRO)
VALUES (97, 127, 'Esteban', 'Ramírez', 'Lopez', 'esteban.ramirez@example.com', 'Zona del Norte, 8899', SYSDATE);
INSERT INTO FIDE_HUESPED_TB (HUESPED_ID, TELEFONO_ID, NOMBRE, APELLIDO1, APELLIDO2, EMAIL, DIRECCION, FECHA_REGISTRO)
VALUES (98, 128, 'Natalia', 'Araya', 'Castro', 'natalia.araya@example.com', 'Urbanización Roja, 1122', SYSDATE);
INSERT INTO FIDE_HUESPED_TB (HUESPED_ID, TELEFONO_ID, NOMBRE, APELLIDO1, APELLIDO2, EMAIL, DIRECCION, FECHA_REGISTRO)
VALUES (99, 129, 'Hugo', 'Ureña', 'Serrano', 'hugo.urena@example.com', 'Residencial Luna, 3344', SYSDATE);
INSERT INTO FIDE_HUESPED_TB (HUESPED_ID, TELEFONO_ID, NOMBRE, APELLIDO1, APELLIDO2, EMAIL, DIRECCION, FECHA_REGISTRO)
VALUES (100, 130, 'María Fernanda', 'Solano', 'Villalobos', 'maria.solano@example.com', 'Zona Azul, 5566', SYSDATE);

--INSERTS TABLA TIPO DE HABITACION
INSERT INTO FIDE_TIPO_HABITACION_TB (TIPO_HABITACION_ID, VISTA, CAMAS, AMENIDADES)
VALUES (1, 'Vista al mar', 1, 'Televisión, WiFi, Minibar');

INSERT INTO FIDE_TIPO_HABITACION_TB (TIPO_HABITACION_ID, VISTA, CAMAS, AMENIDADES)
VALUES (2, 'Vista a la montaña', 2, 'Televisión, Balcón, Calefacción');

INSERT INTO FIDE_TIPO_HABITACION_TB (TIPO_HABITACION_ID, VISTA, CAMAS, AMENIDADES)
VALUES (3, 'Vista al jardín', 1, 'WiFi, Minibar, Caja fuerte');

INSERT INTO FIDE_TIPO_HABITACION_TB (TIPO_HABITACION_ID, VISTA, CAMAS, AMENIDADES)
VALUES (4, 'Vista a la ciudad', 2, 'Aire acondicionado, Escritorio, Televisión');

INSERT INTO FIDE_TIPO_HABITACION_TB (TIPO_HABITACION_ID, VISTA, CAMAS, AMENIDADES)
VALUES (5, 'Sin vista', 1, 'WiFi, Minibar, Ducha');

INSERT INTO FIDE_TIPO_HABITACION_TB (TIPO_HABITACION_ID, VISTA, CAMAS, AMENIDADES)
VALUES (6, 'Vista al lago', 3, 'Televisión, WiFi, Balcón, Caja fuerte');

INSERT INTO FIDE_TIPO_HABITACION_TB (TIPO_HABITACION_ID, VISTA, CAMAS, AMENIDADES)
VALUES (7, 'Vista panorámica', 2, 'Balcón, WiFi, Aire acondicionado');

INSERT INTO FIDE_TIPO_HABITACION_TB (TIPO_HABITACION_ID, VISTA, CAMAS, AMENIDADES)
VALUES (8, 'Vista al bosque', 1, 'Minibar, Escritorio, Calefacción');

INSERT INTO FIDE_TIPO_HABITACION_TB (TIPO_HABITACION_ID, VISTA, CAMAS, AMENIDADES)
VALUES (9, 'Vista al río', 2, 'WiFi, Ducha, Aire acondicionado');

INSERT INTO FIDE_TIPO_HABITACION_TB (TIPO_HABITACION_ID, VISTA, CAMAS, AMENIDADES)
VALUES (10, 'Vista a las dunas', 1, 'Televisión, Escritorio, Minibar');

INSERT INTO FIDE_TIPO_HABITACION_TB (TIPO_HABITACION_ID, VISTA, CAMAS, AMENIDADES)
VALUES (11, 'Vista al desierto', 2, 'WiFi, Aire acondicionado, Caja fuerte');

INSERT INTO FIDE_TIPO_HABITACION_TB (TIPO_HABITACION_ID, VISTA, CAMAS, AMENIDADES)
VALUES (12, 'Vista al volcán', 3, 'Televisión, Balcón, Calefacción, Minibar');

INSERT INTO FIDE_TIPO_HABITACION_TB (TIPO_HABITACION_ID, VISTA, CAMAS, AMENIDADES)
VALUES (13, 'Vista nocturna', 1, 'Aire acondicionado, Caja fuerte, Escritorio');

INSERT INTO FIDE_TIPO_HABITACION_TB (TIPO_HABITACION_ID, VISTA, CAMAS, AMENIDADES)
VALUES (14, 'Vista aérea', 2, 'Televisión, Balcón, WiFi, Minibar');

INSERT INTO FIDE_TIPO_HABITACION_TB (TIPO_HABITACION_ID, VISTA, CAMAS, AMENIDADES)
VALUES (15, 'Vista escénica', 1, 'Ducha, Caja fuerte, Escritorio');

INSERT INTO FIDE_TIPO_HABITACION_TB (TIPO_HABITACION_ID, VISTA, CAMAS, AMENIDADES)
VALUES (16, 'Vista al puerto', 2, 'WiFi, Aire acondicionado, Minibar');

INSERT INTO FIDE_TIPO_HABITACION_TB (TIPO_HABITACION_ID, VISTA, CAMAS, AMENIDADES)
VALUES (17, 'Vista parcial al mar', 2, 'Televisión, Escritorio, Caja fuerte');

INSERT INTO FIDE_TIPO_HABITACION_TB (TIPO_HABITACION_ID, VISTA, CAMAS, AMENIDADES)
VALUES (18, 'Vista al amanecer', 1, 'WiFi, Minibar, Escritorio');

INSERT INTO FIDE_TIPO_HABITACION_TB (TIPO_HABITACION_ID, VISTA, CAMAS, AMENIDADES)
VALUES (19, 'Vista al atardecer', 3, 'Televisión, Balcón, Aire acondicionado');

INSERT INTO FIDE_TIPO_HABITACION_TB (TIPO_HABITACION_ID, VISTA, CAMAS, AMENIDADES)
VALUES (20, 'Vista al parque', 2, 'WiFi, Ducha, Minibar');

INSERT INTO FIDE_TIPO_HABITACION_TB (TIPO_HABITACION_ID, VISTA, CAMAS, AMENIDADES)
VALUES (21, 'Vista al valle', 2, 'WiFi, Aire acondicionado, Balcón');

INSERT INTO FIDE_TIPO_HABITACION_TB (TIPO_HABITACION_ID, VISTA, CAMAS, AMENIDADES)
VALUES (22, 'Vista panorámica nocturna', 3, 'Televisión, Caja fuerte, Minibar');

INSERT INTO FIDE_TIPO_HABITACION_TB (TIPO_HABITACION_ID, VISTA, CAMAS, AMENIDADES)
VALUES (23, 'Vista a la selva', 1, 'Ducha, Escritorio, WiFi');

INSERT INTO FIDE_TIPO_HABITACION_TB (TIPO_HABITACION_ID, VISTA, CAMAS, AMENIDADES)
VALUES (24, 'Vista a la playa', 2, 'Minibar, Aire acondicionado, Balcón');

INSERT INTO FIDE_TIPO_HABITACION_TB (TIPO_HABITACION_ID, VISTA, CAMAS, AMENIDADES)
VALUES (25, 'Vista al cañón', 1, 'Televisión, Caja fuerte, Escritorio');

INSERT INTO FIDE_TIPO_HABITACION_TB (TIPO_HABITACION_ID, VISTA, CAMAS, AMENIDADES)
VALUES (26, 'Vista parcial a la ciudad', 2, 'WiFi, Balcón, Minibar');

INSERT INTO FIDE_TIPO_HABITACION_TB (TIPO_HABITACION_ID, VISTA, CAMAS, AMENIDADES)
VALUES (27, 'Vista al bosque lluvioso', 3, 'Ducha, Caja fuerte, Aire acondicionado');

INSERT INTO FIDE_TIPO_HABITACION_TB (TIPO_HABITACION_ID, VISTA, CAMAS, AMENIDADES)
VALUES (28, 'Vista al río con cascada', 1, 'Televisión, WiFi, Minibar');

INSERT INTO FIDE_TIPO_HABITACION_TB (TIPO_HABITACION_ID, VISTA, CAMAS, AMENIDADES)
VALUES (29, 'Vista al valle de flores', 2, 'Caja fuerte, Aire acondicionado, Balcón');

INSERT INTO FIDE_TIPO_HABITACION_TB (TIPO_HABITACION_ID, VISTA, CAMAS, AMENIDADES)
VALUES (30, 'Vista a las colinas', 1, 'Escritorio, WiFi, Minibar');

INSERT INTO FIDE_TIPO_HABITACION_TB (TIPO_HABITACION_ID, VISTA, CAMAS, AMENIDADES)
VALUES (31, 'Vista al glaciar', 3, 'Televisión, Calefacción, Minibar');

INSERT INTO FIDE_TIPO_HABITACION_TB (TIPO_HABITACION_ID, VISTA, CAMAS, AMENIDADES)
VALUES (32, 'Vista al amanecer costero', 2, 'Ducha, Aire acondicionado, Balcón');

INSERT INTO FIDE_TIPO_HABITACION_TB (TIPO_HABITACION_ID, VISTA, CAMAS, AMENIDADES)
VALUES (33, 'Vista a las luces de la ciudad', 1, 'Televisión, Caja fuerte, Escritorio');

INSERT INTO FIDE_TIPO_HABITACION_TB (TIPO_HABITACION_ID, VISTA, CAMAS, AMENIDADES)
VALUES (34, 'Vista a la piscina', 2, 'Minibar, Aire acondicionado, Balcón');

INSERT INTO FIDE_TIPO_HABITACION_TB (TIPO_HABITACION_ID, VISTA, CAMAS, AMENIDADES)
VALUES (35, 'Vista al viñedo', 1, 'Televisión, Calefacción, Minibar');

INSERT INTO FIDE_TIPO_HABITACION_TB (TIPO_HABITACION_ID, VISTA, CAMAS, AMENIDADES)
VALUES (36, 'Vista a la reserva natural', 3, 'Ducha, Aire acondicionado, Caja fuerte');

INSERT INTO FIDE_TIPO_HABITACION_TB (TIPO_HABITACION_ID, VISTA, CAMAS, AMENIDADES)
VALUES (37, 'Vista al puerto deportivo', 2, 'Televisión, Balcón, Minibar');

INSERT INTO FIDE_TIPO_HABITACION_TB (TIPO_HABITACION_ID, VISTA, CAMAS, AMENIDADES)
VALUES (38, 'Vista al horizonte', 1, 'WiFi, Caja fuerte, Escritorio');

INSERT INTO FIDE_TIPO_HABITACION_TB (TIPO_HABITACION_ID, VISTA, CAMAS, AMENIDADES)
VALUES (39, 'Vista al bosque nevado', 2, 'Calefacción, Televisión, Minibar');

INSERT INTO FIDE_TIPO_HABITACION_TB (TIPO_HABITACION_ID, VISTA, CAMAS, AMENIDADES)
VALUES (40, 'Vista a la bahía', 3, 'Ducha, Balcón, Aire acondicionado');

INSERT INTO FIDE_TIPO_HABITACION_TB (TIPO_HABITACION_ID, VISTA, CAMAS, AMENIDADES)
VALUES (41, 'Vista al pueblo', 1, 'Televisión, WiFi, Minibar');

INSERT INTO FIDE_TIPO_HABITACION_TB (TIPO_HABITACION_ID, VISTA, CAMAS, AMENIDADES)
VALUES (42, 'Vista a los campos de trigo', 2, 'Escritorio, Caja fuerte, Minibar');

INSERT INTO FIDE_TIPO_HABITACION_TB (TIPO_HABITACION_ID, VISTA, CAMAS, AMENIDADES)
VALUES (43, 'Vista a la playa privada', 3, 'WiFi, Aire acondicionado, Balcón');

INSERT INTO FIDE_TIPO_HABITACION_TB (TIPO_HABITACION_ID, VISTA, CAMAS, AMENIDADES)
VALUES (44, 'Vista al bosque de pinos', 1, 'Televisión, Caja fuerte, Escritorio');

INSERT INTO FIDE_TIPO_HABITACION_TB (TIPO_HABITACION_ID, VISTA, CAMAS, AMENIDADES)
VALUES (45, 'Vista al faro', 2, 'Minibar, Aire acondicionado, WiFi');

INSERT INTO FIDE_TIPO_HABITACION_TB (TIPO_HABITACION_ID, VISTA, CAMAS, AMENIDADES)
VALUES (46, 'Vista al parque acuático', 3, 'Televisión, Balcón, Minibar');

INSERT INTO FIDE_TIPO_HABITACION_TB (TIPO_HABITACION_ID, VISTA, CAMAS, AMENIDADES)
VALUES (47, 'Vista al pueblo montañoso', 2, 'Caja fuerte, Escritorio, WiFi');

INSERT INTO FIDE_TIPO_HABITACION_TB (TIPO_HABITACION_ID, VISTA, CAMAS, AMENIDADES)
VALUES (48, 'Vista al puerto de cruceros', 1, 'Ducha, Aire acondicionado, Televisión');

INSERT INTO FIDE_TIPO_HABITACION_TB (TIPO_HABITACION_ID, VISTA, CAMAS, AMENIDADES)
VALUES (49, 'Vista al parque nacional', 3, 'Calefacción, Minibar, Balcón');

INSERT INTO FIDE_TIPO_HABITACION_TB (TIPO_HABITACION_ID, VISTA, CAMAS, AMENIDADES)
VALUES (50, 'Vista al centro histórico', 2, 'WiFi, Caja fuerte, Escritorio');

--INSERTS TABLA HABITACION
INSERT INTO FIDE_HABITACION_TB (HABITACION_ID, HOTEL_ID, TIPO_HABITACION_ID, HUESPED_ID, ESTADO, NUMERO)
VALUES (1, 101, 1, 81, 'Ocupada', '101A');

INSERT INTO FIDE_HABITACION_TB (HABITACION_ID, HOTEL_ID, TIPO_HABITACION_ID, HUESPED_ID, ESTADO, NUMERO)
VALUES (2, 101, 2, 82, 'Disponible', '102B');

INSERT INTO FIDE_HABITACION_TB (HABITACION_ID, HOTEL_ID, TIPO_HABITACION_ID, HUESPED_ID, ESTADO, NUMERO)
VALUES (3, 102, 3, NULL, 'Disponible', '103C');

INSERT INTO FIDE_HABITACION_TB (HABITACION_ID, HOTEL_ID, TIPO_HABITACION_ID, HUESPED_ID, ESTADO, NUMERO)
VALUES (4, 102, 4, 83, 'Reservada', '104D');

INSERT INTO FIDE_HABITACION_TB (HABITACION_ID, HOTEL_ID, TIPO_HABITACION_ID, HUESPED_ID, ESTADO, NUMERO)
VALUES (5, 103, 5, NULL, 'Disponible', '105E');

INSERT INTO FIDE_HABITACION_TB (HABITACION_ID, HOTEL_ID, TIPO_HABITACION_ID, HUESPED_ID, ESTADO, NUMERO)
VALUES (6, 103, 6, 84, 'Ocupada', '106F');

INSERT INTO FIDE_HABITACION_TB (HABITACION_ID, HOTEL_ID, TIPO_HABITACION_ID, HUESPED_ID, ESTADO, NUMERO)
VALUES (7, 104, 7, 85, 'Ocupada', '107G');

INSERT INTO FIDE_HABITACION_TB (HABITACION_ID, HOTEL_ID, TIPO_HABITACION_ID, HUESPED_ID, ESTADO, NUMERO)
VALUES (8, 104, 8, NULL, 'Disponible', '108H');

INSERT INTO FIDE_HABITACION_TB (HABITACION_ID, HOTEL_ID, TIPO_HABITACION_ID, HUESPED_ID, ESTADO, NUMERO)
VALUES (9, 105, 9, 86, 'Reservada', '109I');

INSERT INTO FIDE_HABITACION_TB (HABITACION_ID, HOTEL_ID, TIPO_HABITACION_ID, HUESPED_ID, ESTADO, NUMERO)
VALUES (10, 105, 10, NULL, 'Disponible', '110J');

INSERT INTO FIDE_HABITACION_TB (HABITACION_ID, HOTEL_ID, TIPO_HABITACION_ID, HUESPED_ID, ESTADO, NUMERO)
VALUES (11, 106, 11, 87, 'Ocupada', '111K');

INSERT INTO FIDE_HABITACION_TB (HABITACION_ID, HOTEL_ID, TIPO_HABITACION_ID, HUESPED_ID, ESTADO, NUMERO)
VALUES (12, 106, 12, 88, 'Ocupada', '112L');

INSERT INTO FIDE_HABITACION_TB (HABITACION_ID, HOTEL_ID, TIPO_HABITACION_ID, HUESPED_ID, ESTADO, NUMERO)
VALUES (13, 107, 13, NULL, 'Disponible', '113M');

INSERT INTO FIDE_HABITACION_TB (HABITACION_ID, HOTEL_ID, TIPO_HABITACION_ID, HUESPED_ID, ESTADO, NUMERO)
VALUES (14, 107, 14, 89, 'Reservada', '114N');

INSERT INTO FIDE_HABITACION_TB (HABITACION_ID, HOTEL_ID, TIPO_HABITACION_ID, HUESPED_ID, ESTADO, NUMERO)
VALUES (15, 108, 15, 90, 'Ocupada', '115O');

INSERT INTO FIDE_HABITACION_TB (HABITACION_ID, HOTEL_ID, TIPO_HABITACION_ID, HUESPED_ID, ESTADO, NUMERO)
VALUES (16, 108, 16, NULL, 'Disponible', '116P');

INSERT INTO FIDE_HABITACION_TB (HABITACION_ID, HOTEL_ID, TIPO_HABITACION_ID, HUESPED_ID, ESTADO, NUMERO)
VALUES (17, 109, 17, NULL, 'Disponible', '117Q');

INSERT INTO FIDE_HABITACION_TB (HABITACION_ID, HOTEL_ID, TIPO_HABITACION_ID, HUESPED_ID, ESTADO, NUMERO)
VALUES (18, 109, 18, 91, 'Ocupada', '118R');

INSERT INTO FIDE_HABITACION_TB (HABITACION_ID, HOTEL_ID, TIPO_HABITACION_ID, HUESPED_ID, ESTADO, NUMERO)
VALUES (19, 110, 19, 92, 'Reservada', '119S');

INSERT INTO FIDE_HABITACION_TB (HABITACION_ID, HOTEL_ID, TIPO_HABITACION_ID, HUESPED_ID, ESTADO, NUMERO)
VALUES (20, 110, 20, NULL, 'Disponible', '120T');

INSERT INTO FIDE_HABITACION_TB (HABITACION_ID, HOTEL_ID, TIPO_HABITACION_ID, HUESPED_ID, ESTADO, NUMERO)
VALUES (21, 111, 21, 93, 'Ocupada', '201A');

INSERT INTO FIDE_HABITACION_TB (HABITACION_ID, HOTEL_ID, TIPO_HABITACION_ID, HUESPED_ID, ESTADO, NUMERO)
VALUES (22, 112, 22, NULL, 'Disponible', '202B');

INSERT INTO FIDE_HABITACION_TB (HABITACION_ID, HOTEL_ID, TIPO_HABITACION_ID, HUESPED_ID, ESTADO, NUMERO)
VALUES (23, 112, 23, 94, 'Reservada', '203C');

INSERT INTO FIDE_HABITACION_TB (HABITACION_ID, HOTEL_ID, TIPO_HABITACION_ID, HUESPED_ID, ESTADO, NUMERO)
VALUES (24, 113, 24, 95, 'Ocupada', '204D');

INSERT INTO FIDE_HABITACION_TB (HABITACION_ID, HOTEL_ID, TIPO_HABITACION_ID, HUESPED_ID, ESTADO, NUMERO)
VALUES (25, 113, 25, NULL, 'Disponible', '205E');

INSERT INTO FIDE_HABITACION_TB (HABITACION_ID, HOTEL_ID, TIPO_HABITACION_ID, HUESPED_ID, ESTADO, NUMERO)
VALUES (26, 114, 26, NULL, 'Disponible', '206F');

INSERT INTO FIDE_HABITACION_TB (HABITACION_ID, HOTEL_ID, TIPO_HABITACION_ID, HUESPED_ID, ESTADO, NUMERO)
VALUES (27, 114, 27, 96, 'Ocupada', '207G');

INSERT INTO FIDE_HABITACION_TB (HABITACION_ID, HOTEL_ID, TIPO_HABITACION_ID, HUESPED_ID, ESTADO, NUMERO)
VALUES (28, 115, 28, 97, 'Reservada', '208H');

INSERT INTO FIDE_HABITACION_TB (HABITACION_ID, HOTEL_ID, TIPO_HABITACION_ID, HUESPED_ID, ESTADO, NUMERO)
VALUES (29, 115, 29, NULL, 'Disponible', '209I');

INSERT INTO FIDE_HABITACION_TB (HABITACION_ID, HOTEL_ID, TIPO_HABITACION_ID, HUESPED_ID, ESTADO, NUMERO)
VALUES (30, 116, 30, 98, 'Ocupada', '210J');

INSERT INTO FIDE_HABITACION_TB (HABITACION_ID, HOTEL_ID, TIPO_HABITACION_ID, HUESPED_ID, ESTADO, NUMERO)
VALUES (31, 116, 1, 99, 'Reservada', '211K');

INSERT INTO FIDE_HABITACION_TB (HABITACION_ID, HOTEL_ID, TIPO_HABITACION_ID, HUESPED_ID, ESTADO, NUMERO)
VALUES (32, 117, 2, NULL, 'Disponible', '212L');

INSERT INTO FIDE_HABITACION_TB (HABITACION_ID, HOTEL_ID, TIPO_HABITACION_ID, HUESPED_ID, ESTADO, NUMERO)
VALUES (33, 117, 3, 100, 'Ocupada', '213M');

INSERT INTO FIDE_HABITACION_TB (HABITACION_ID, HOTEL_ID, TIPO_HABITACION_ID, HUESPED_ID, ESTADO, NUMERO)
VALUES (34, 118, 4, NULL, 'Disponible', '214N');

INSERT INTO FIDE_HABITACION_TB (HABITACION_ID, HOTEL_ID, TIPO_HABITACION_ID, HUESPED_ID, ESTADO, NUMERO)
VALUES (35, 118, 5, 93, 'Reservada', '215O');

INSERT INTO FIDE_HABITACION_TB (HABITACION_ID, HOTEL_ID, TIPO_HABITACION_ID, HUESPED_ID, ESTADO, NUMERO)
VALUES (36, 119, 6, NULL, 'Disponible', '216P');

INSERT INTO FIDE_HABITACION_TB (HABITACION_ID, HOTEL_ID, TIPO_HABITACION_ID, HUESPED_ID, ESTADO, NUMERO)
VALUES (37, 119, 7, 94, 'Ocupada', '217Q');

INSERT INTO FIDE_HABITACION_TB (HABITACION_ID, HOTEL_ID, TIPO_HABITACION_ID, HUESPED_ID, ESTADO, NUMERO)
VALUES (38, 120, 8, NULL, 'Disponible', '218R');

INSERT INTO FIDE_HABITACION_TB (HABITACION_ID, HOTEL_ID, TIPO_HABITACION_ID, HUESPED_ID, ESTADO, NUMERO)
VALUES (39, 120, 9, 95, 'Reservada', '219S');

INSERT INTO FIDE_HABITACION_TB (HABITACION_ID, HOTEL_ID, TIPO_HABITACION_ID, HUESPED_ID, ESTADO, NUMERO)
VALUES (40, 121, 10, 96, 'Ocupada', '220T');

INSERT INTO FIDE_HABITACION_TB (HABITACION_ID, HOTEL_ID, TIPO_HABITACION_ID, HUESPED_ID, ESTADO, NUMERO)
VALUES (41, 121, 11, NULL, 'Disponible', '221U');

INSERT INTO FIDE_HABITACION_TB (HABITACION_ID, HOTEL_ID, TIPO_HABITACION_ID, HUESPED_ID, ESTADO, NUMERO)
VALUES (42, 122, 12, 97, 'Reservada', '222V');

INSERT INTO FIDE_HABITACION_TB (HABITACION_ID, HOTEL_ID, TIPO_HABITACION_ID, HUESPED_ID, ESTADO, NUMERO)
VALUES (43, 122, 13, NULL, 'Disponible', '223W');

INSERT INTO FIDE_HABITACION_TB (HABITACION_ID, HOTEL_ID, TIPO_HABITACION_ID, HUESPED_ID, ESTADO, NUMERO)
VALUES (44, 123, 14, 98, 'Ocupada', '224X');

INSERT INTO FIDE_HABITACION_TB (HABITACION_ID, HOTEL_ID, TIPO_HABITACION_ID, HUESPED_ID, ESTADO, NUMERO)
VALUES (45, 123, 15, 99, 'Reservada', '225Y');

INSERT INTO FIDE_HABITACION_TB (HABITACION_ID, HOTEL_ID, TIPO_HABITACION_ID, HUESPED_ID, ESTADO, NUMERO)
VALUES (46, 124, 16, NULL, 'Disponible', '226Z');

INSERT INTO FIDE_HABITACION_TB (HABITACION_ID, HOTEL_ID, TIPO_HABITACION_ID, HUESPED_ID, ESTADO, NUMERO)
VALUES (47, 124, 17, 100, 'Ocupada', '227AA');

INSERT INTO FIDE_HABITACION_TB (HABITACION_ID, HOTEL_ID, TIPO_HABITACION_ID, HUESPED_ID, ESTADO, NUMERO)
VALUES (48, 125, 18, NULL, 'Disponible', '228AB');

INSERT INTO FIDE_HABITACION_TB (HABITACION_ID, HOTEL_ID, TIPO_HABITACION_ID, HUESPED_ID, ESTADO, NUMERO)
VALUES (49, 125, 19, 93, 'Reservada', '229AC');

INSERT INTO FIDE_HABITACION_TB (HABITACION_ID, HOTEL_ID, TIPO_HABITACION_ID, HUESPED_ID, ESTADO, NUMERO)
VALUES (50, 126, 20, NULL, 'Disponible', '230AD');

--INSERTS TABLA MANTENIMIENTO
INSERT INTO FIDE_MANTENIMIENTO_TB (MANTENIMIENTO_ID, HOTEL_ID, HABITACION_ID, AREA_COMUN, FECHA_MANTENIMIENTO, DESCRIPCION, ESTADO)
VALUES (1, 101, 1, NULL, TO_DATE('2024-01-10', 'YYYY-MM-DD'), 'Revisión de aire acondicionado', 'Completado');

INSERT INTO FIDE_MANTENIMIENTO_TB (MANTENIMIENTO_ID, HOTEL_ID, HABITACION_ID, AREA_COMUN, FECHA_MANTENIMIENTO, DESCRIPCION, ESTADO)
VALUES (2, 101, 2, NULL, TO_DATE('2024-01-15', 'YYYY-MM-DD'), 'Reparación de tuberías', 'En Progreso');

INSERT INTO FIDE_MANTENIMIENTO_TB (MANTENIMIENTO_ID, HOTEL_ID, HABITACION_ID, AREA_COMUN, FECHA_MANTENIMIENTO, DESCRIPCION, ESTADO)
VALUES (3, 102, NULL, 'Piscina', TO_DATE('2024-02-01', 'YYYY-MM-DD'), 'Limpieza y tratamiento del agua', 'Pendiente');

INSERT INTO FIDE_MANTENIMIENTO_TB (MANTENIMIENTO_ID, HOTEL_ID, HABITACION_ID, AREA_COMUN, FECHA_MANTENIMIENTO, DESCRIPCION, ESTADO)
VALUES (4, 102, 3, NULL, TO_DATE('2024-02-10', 'YYYY-MM-DD'), 'Cambio de cerradura', 'Completado');

INSERT INTO FIDE_MANTENIMIENTO_TB (MANTENIMIENTO_ID, HOTEL_ID, HABITACION_ID, AREA_COMUN, FECHA_MANTENIMIENTO, DESCRIPCION, ESTADO)
VALUES (5, 103, NULL, 'Lobby', TO_DATE('2024-03-05', 'YYYY-MM-DD'), 'Reparación de iluminación', 'Pendiente');

INSERT INTO FIDE_MANTENIMIENTO_TB (MANTENIMIENTO_ID, HOTEL_ID, HABITACION_ID, AREA_COMUN, FECHA_MANTENIMIENTO, DESCRIPCION, ESTADO)
VALUES (6, 103, 4, NULL, TO_DATE('2024-03-15', 'YYYY-MM-DD'), 'Pintura interior', 'En Progreso');

INSERT INTO FIDE_MANTENIMIENTO_TB (MANTENIMIENTO_ID, HOTEL_ID, HABITACION_ID, AREA_COMUN, FECHA_MANTENIMIENTO, DESCRIPCION, ESTADO)
VALUES (7, 104, 5, NULL, TO_DATE('2024-04-01', 'YYYY-MM-DD'), 'Inspección de cableado eléctrico', 'Completado');

INSERT INTO FIDE_MANTENIMIENTO_TB (MANTENIMIENTO_ID, HOTEL_ID, HABITACION_ID, AREA_COMUN, FECHA_MANTENIMIENTO, DESCRIPCION, ESTADO)
VALUES (8, 104, NULL, 'Gimnasio', TO_DATE('2024-04-10', 'YYYY-MM-DD'), 'Mantenimiento de equipos', 'Pendiente');

INSERT INTO FIDE_MANTENIMIENTO_TB (MANTENIMIENTO_ID, HOTEL_ID, HABITACION_ID, AREA_COMUN, FECHA_MANTENIMIENTO, DESCRIPCION, ESTADO)
VALUES (9, 105, 6, NULL, TO_DATE('2024-05-05', 'YYYY-MM-DD'), 'Cambio de alfombra', 'Completado');

INSERT INTO FIDE_MANTENIMIENTO_TB (MANTENIMIENTO_ID, HOTEL_ID, HABITACION_ID, AREA_COMUN, FECHA_MANTENIMIENTO, DESCRIPCION, ESTADO)
VALUES (10, 105, NULL, 'Restaurante', TO_DATE('2024-05-15', 'YYYY-MM-DD'), 'Inspección de sistemas de ventilación', 'En Progreso');

INSERT INTO FIDE_MANTENIMIENTO_TB (MANTENIMIENTO_ID, HOTEL_ID, HABITACION_ID, AREA_COMUN, FECHA_MANTENIMIENTO, DESCRIPCION, ESTADO)
VALUES (11, 106, 7, NULL, TO_DATE('2024-06-01', 'YYYY-MM-DD'), 'Revisión de muebles', 'Completado');

INSERT INTO FIDE_MANTENIMIENTO_TB (MANTENIMIENTO_ID, HOTEL_ID, HABITACION_ID, AREA_COMUN, FECHA_MANTENIMIENTO, DESCRIPCION, ESTADO)
VALUES (12, 106, NULL, 'Zona de juegos', TO_DATE('2024-06-10', 'YYYY-MM-DD'), 'Reemplazo de columpios', 'Pendiente');

INSERT INTO FIDE_MANTENIMIENTO_TB (MANTENIMIENTO_ID, HOTEL_ID, HABITACION_ID, AREA_COMUN, FECHA_MANTENIMIENTO, DESCRIPCION, ESTADO)
VALUES (13, 107, 8, NULL, TO_DATE('2024-07-05', 'YYYY-MM-DD'), 'Cambio de cortinas', 'En Progreso');

INSERT INTO FIDE_MANTENIMIENTO_TB (MANTENIMIENTO_ID, HOTEL_ID, HABITACION_ID, AREA_COMUN, FECHA_MANTENIMIENTO, DESCRIPCION, ESTADO)
VALUES (14, 107, NULL, 'Terraza', TO_DATE('2024-07-20', 'YYYY-MM-DD'), 'Revisión de barandales', 'Pendiente');

INSERT INTO FIDE_MANTENIMIENTO_TB (MANTENIMIENTO_ID, HOTEL_ID, HABITACION_ID, AREA_COMUN, FECHA_MANTENIMIENTO, DESCRIPCION, ESTADO)
VALUES (15, 108, 9, NULL, TO_DATE('2024-08-01', 'YYYY-MM-DD'), 'Cambio de colchón', 'Completado');

INSERT INTO FIDE_MANTENIMIENTO_TB (MANTENIMIENTO_ID, HOTEL_ID, HABITACION_ID, AREA_COMUN, FECHA_MANTENIMIENTO, DESCRIPCION, ESTADO)
VALUES (16, 108, NULL, 'Pasillos', TO_DATE('2024-08-15', 'YYYY-MM-DD'), 'Limpieza profunda', 'Pendiente');

INSERT INTO FIDE_MANTENIMIENTO_TB (MANTENIMIENTO_ID, HOTEL_ID, HABITACION_ID, AREA_COMUN, FECHA_MANTENIMIENTO, DESCRIPCION, ESTADO)
VALUES (17, 109, 10, NULL, TO_DATE('2024-09-10', 'YYYY-MM-DD'), 'Cambio de ventanas', 'En Progreso');

INSERT INTO FIDE_MANTENIMIENTO_TB (MANTENIMIENTO_ID, HOTEL_ID, HABITACION_ID, AREA_COMUN, FECHA_MANTENIMIENTO, DESCRIPCION, ESTADO)
VALUES (18, 109, NULL, 'Recepción', TO_DATE('2024-09-25', 'YYYY-MM-DD'), 'Actualización de mobiliario', 'Pendiente');

INSERT INTO FIDE_MANTENIMIENTO_TB (MANTENIMIENTO_ID, HOTEL_ID, HABITACION_ID, AREA_COMUN, FECHA_MANTENIMIENTO, DESCRIPCION, ESTADO)
VALUES (19, 110, 11, NULL, TO_DATE('2024-10-05', 'YYYY-MM-DD'), 'Inspección de puertas', 'Completado');

INSERT INTO FIDE_MANTENIMIENTO_TB (MANTENIMIENTO_ID, HOTEL_ID, HABITACION_ID, AREA_COMUN, FECHA_MANTENIMIENTO, DESCRIPCION, ESTADO)
VALUES (20, 110, NULL, 'Bar', TO_DATE('2024-10-20', 'YYYY-MM-DD'), 'Revisión de sistemas de sonido', 'Pendiente');

INSERT INTO FIDE_MANTENIMIENTO_TB (MANTENIMIENTO_ID, HOTEL_ID, HABITACION_ID, AREA_COMUN, FECHA_MANTENIMIENTO, DESCRIPCION, ESTADO)
VALUES (21, 111, NULL, 'Piscina', TO_DATE('2024-11-01', 'YYYY-MM-DD'), 'Revisión de filtro de agua', 'Pendiente');

INSERT INTO FIDE_MANTENIMIENTO_TB (MANTENIMIENTO_ID, HOTEL_ID, HABITACION_ID, AREA_COMUN, FECHA_MANTENIMIENTO, DESCRIPCION, ESTADO)
VALUES (22, 111, 12, NULL, TO_DATE('2024-11-05', 'YYYY-MM-DD'), 'Cambio de cerradura de habitación', 'Completado');

INSERT INTO FIDE_MANTENIMIENTO_TB (MANTENIMIENTO_ID, HOTEL_ID, HABITACION_ID, AREA_COMUN, FECHA_MANTENIMIENTO, DESCRIPCION, ESTADO)
VALUES (23, 112, NULL, 'Gimnasio', TO_DATE('2024-11-10', 'YYYY-MM-DD'), 'Reparación de caminadoras', 'En Progreso');

INSERT INTO FIDE_MANTENIMIENTO_TB (MANTENIMIENTO_ID, HOTEL_ID, HABITACION_ID, AREA_COMUN, FECHA_MANTENIMIENTO, DESCRIPCION, ESTADO)
VALUES (24, 112, 13, NULL, TO_DATE('2024-11-15', 'YYYY-MM-DD'), 'Cambio de alfombra', 'Pendiente');

INSERT INTO FIDE_MANTENIMIENTO_TB (MANTENIMIENTO_ID, HOTEL_ID, HABITACION_ID, AREA_COMUN, FECHA_MANTENIMIENTO, DESCRIPCION, ESTADO)
VALUES (25, 113, NULL, 'Lobby', TO_DATE('2024-12-01', 'YYYY-MM-DD'), 'Revisión del sistema de iluminación', 'Pendiente');

INSERT INTO FIDE_MANTENIMIENTO_TB (MANTENIMIENTO_ID, HOTEL_ID, HABITACION_ID, AREA_COMUN, FECHA_MANTENIMIENTO, DESCRIPCION, ESTADO)
VALUES (26, 113, 14, NULL, TO_DATE('2024-12-05', 'YYYY-MM-DD'), 'Pintura interior de la habitación', 'Completado');

INSERT INTO FIDE_MANTENIMIENTO_TB (MANTENIMIENTO_ID, HOTEL_ID, HABITACION_ID, AREA_COMUN, FECHA_MANTENIMIENTO, DESCRIPCION, ESTADO)
VALUES (27, 114, NULL, 'Zona de juegos', TO_DATE('2024-12-10', 'YYYY-MM-DD'), 'Cambio de equipos de juegos', 'En Progreso');

INSERT INTO FIDE_MANTENIMIENTO_TB (MANTENIMIENTO_ID, HOTEL_ID, HABITACION_ID, AREA_COMUN, FECHA_MANTENIMIENTO, DESCRIPCION, ESTADO)
VALUES (28, 114, 15, NULL, TO_DATE('2024-12-15', 'YYYY-MM-DD'), 'Revisión de cableado eléctrico', 'Completado');

INSERT INTO FIDE_MANTENIMIENTO_TB (MANTENIMIENTO_ID, HOTEL_ID, HABITACION_ID, AREA_COMUN, FECHA_MANTENIMIENTO, DESCRIPCION, ESTADO)
VALUES (29, 115, NULL, 'Restaurante', TO_DATE('2025-01-01', 'YYYY-MM-DD'), 'Reparación de ventilación', 'Pendiente');

INSERT INTO FIDE_MANTENIMIENTO_TB (MANTENIMIENTO_ID, HOTEL_ID, HABITACION_ID, AREA_COMUN, FECHA_MANTENIMIENTO, DESCRIPCION, ESTADO)
VALUES (30, 115, 16, NULL, TO_DATE('2025-01-05', 'YYYY-MM-DD'), 'Cambio de cortinas', 'Completado');

INSERT INTO FIDE_MANTENIMIENTO_TB (MANTENIMIENTO_ID, HOTEL_ID, HABITACION_ID, AREA_COMUN, FECHA_MANTENIMIENTO, DESCRIPCION, ESTADO)
VALUES (31, 116, NULL, 'Pasillos', TO_DATE('2025-01-10', 'YYYY-MM-DD'), 'Limpieza profunda', 'Pendiente');

INSERT INTO FIDE_MANTENIMIENTO_TB (MANTENIMIENTO_ID, HOTEL_ID, HABITACION_ID, AREA_COMUN, FECHA_MANTENIMIENTO, DESCRIPCION, ESTADO)
VALUES (32, 116, 17, NULL, TO_DATE('2025-01-15', 'YYYY-MM-DD'), 'Cambio de colchón', 'Completado');

INSERT INTO FIDE_MANTENIMIENTO_TB (MANTENIMIENTO_ID, HOTEL_ID, HABITACION_ID, AREA_COMUN, FECHA_MANTENIMIENTO, DESCRIPCION, ESTADO)
VALUES (33, 117, NULL, 'Recepción', TO_DATE('2025-02-01', 'YYYY-MM-DD'), 'Actualización de mobiliario', 'Pendiente');

INSERT INTO FIDE_MANTENIMIENTO_TB (MANTENIMIENTO_ID, HOTEL_ID, HABITACION_ID, AREA_COMUN, FECHA_MANTENIMIENTO, DESCRIPCION, ESTADO)
VALUES (34, 117, 18, NULL, TO_DATE('2025-02-05', 'YYYY-MM-DD'), 'Cambio de ventanas', 'En Progreso');

INSERT INTO FIDE_MANTENIMIENTO_TB (MANTENIMIENTO_ID, HOTEL_ID, HABITACION_ID, AREA_COMUN, FECHA_MANTENIMIENTO, DESCRIPCION, ESTADO)
VALUES (35, 118, NULL, 'Terraza', TO_DATE('2025-02-10', 'YYYY-MM-DD'), 'Revisión de barandales', 'Pendiente');

INSERT INTO FIDE_MANTENIMIENTO_TB (MANTENIMIENTO_ID, HOTEL_ID, HABITACION_ID, AREA_COMUN, FECHA_MANTENIMIENTO, DESCRIPCION, ESTADO)
VALUES (36, 118, 19, NULL, TO_DATE('2025-02-15', 'YYYY-MM-DD'), 'Revisión de muebles', 'Completado');

INSERT INTO FIDE_MANTENIMIENTO_TB (MANTENIMIENTO_ID, HOTEL_ID, HABITACION_ID, AREA_COMUN, FECHA_MANTENIMIENTO, DESCRIPCION, ESTADO)
VALUES (37, 119, NULL, 'Piscina', TO_DATE('2025-03-01', 'YYYY-MM-DD'), 'Limpieza y tratamiento del agua', 'Pendiente');

INSERT INTO FIDE_MANTENIMIENTO_TB (MANTENIMIENTO_ID, HOTEL_ID, HABITACION_ID, AREA_COMUN, FECHA_MANTENIMIENTO, DESCRIPCION, ESTADO)
VALUES (38, 119, 20, NULL, TO_DATE('2025-03-05', 'YYYY-MM-DD'), 'Revisión de aire acondicionado', 'Completado');

INSERT INTO FIDE_MANTENIMIENTO_TB (MANTENIMIENTO_ID, HOTEL_ID, HABITACION_ID, AREA_COMUN, FECHA_MANTENIMIENTO, DESCRIPCION, ESTADO)
VALUES (39, 120, NULL, 'Gimnasio', TO_DATE('2025-03-10', 'YYYY-MM-DD'), 'Revisión de equipos', 'En Progreso');

INSERT INTO FIDE_MANTENIMIENTO_TB (MANTENIMIENTO_ID, HOTEL_ID, HABITACION_ID, AREA_COMUN, FECHA_MANTENIMIENTO, DESCRIPCION, ESTADO)
VALUES (40, 120, 21, NULL, TO_DATE('2025-03-15', 'YYYY-MM-DD'), 'Cambio de tuberías', 'Pendiente');

INSERT INTO FIDE_MANTENIMIENTO_TB (MANTENIMIENTO_ID, HOTEL_ID, HABITACION_ID, AREA_COMUN, FECHA_MANTENIMIENTO, DESCRIPCION, ESTADO)
VALUES (41, 121, NULL, 'Lobby', TO_DATE('2025-04-01', 'YYYY-MM-DD'), 'Revisión de iluminación', 'Pendiente');

INSERT INTO FIDE_MANTENIMIENTO_TB (MANTENIMIENTO_ID, HOTEL_ID, HABITACION_ID, AREA_COMUN, FECHA_MANTENIMIENTO, DESCRIPCION, ESTADO)
VALUES (42, 121, 22, NULL, TO_DATE('2025-04-05', 'YYYY-MM-DD'), 'Cambio de cerraduras', 'Completado');

INSERT INTO FIDE_MANTENIMIENTO_TB (MANTENIMIENTO_ID, HOTEL_ID, HABITACION_ID, AREA_COMUN, FECHA_MANTENIMIENTO, DESCRIPCION, ESTADO)
VALUES (43, 122, NULL, 'Zona de juegos', TO_DATE('2025-04-10', 'YYYY-MM-DD'), 'Reemplazo de equipos', 'Pendiente');

INSERT INTO FIDE_MANTENIMIENTO_TB (MANTENIMIENTO_ID, HOTEL_ID, HABITACION_ID, AREA_COMUN, FECHA_MANTENIMIENTO, DESCRIPCION, ESTADO)
VALUES (44, 122, 23, NULL, TO_DATE('2025-04-15', 'YYYY-MM-DD'), 'Pintura interior', 'En Progreso');

INSERT INTO FIDE_MANTENIMIENTO_TB (MANTENIMIENTO_ID, HOTEL_ID, HABITACION_ID, AREA_COMUN, FECHA_MANTENIMIENTO, DESCRIPCION, ESTADO)
VALUES (45, 123, NULL, 'Restaurante', TO_DATE('2025-05-01', 'YYYY-MM-DD'), 'Limpieza profunda', 'Pendiente');

INSERT INTO FIDE_MANTENIMIENTO_TB (MANTENIMIENTO_ID, HOTEL_ID, HABITACION_ID, AREA_COMUN, FECHA_MANTENIMIENTO, DESCRIPCION, ESTADO)
VALUES (46, 123, 24, NULL, TO_DATE('2025-05-05', 'YYYY-MM-DD'), 'Cambio de cortinas', 'Completado');

INSERT INTO FIDE_MANTENIMIENTO_TB (MANTENIMIENTO_ID, HOTEL_ID, HABITACION_ID, AREA_COMUN, FECHA_MANTENIMIENTO, DESCRIPCION, ESTADO)
VALUES (47, 124, NULL, 'Pasillos', TO_DATE('2025-05-10', 'YYYY-MM-DD'), 'Limpieza profunda', 'Pendiente');

INSERT INTO FIDE_MANTENIMIENTO_TB (MANTENIMIENTO_ID, HOTEL_ID, HABITACION_ID, AREA_COMUN, FECHA_MANTENIMIENTO, DESCRIPCION, ESTADO)
VALUES (48, 124, 25, NULL, TO_DATE('2025-05-15', 'YYYY-MM-DD'), 'Revisión de aire acondicionado', 'En Progreso');

INSERT INTO FIDE_MANTENIMIENTO_TB (MANTENIMIENTO_ID, HOTEL_ID, HABITACION_ID, AREA_COMUN, FECHA_MANTENIMIENTO, DESCRIPCION, ESTADO)
VALUES (49, 125, NULL, 'Lobby', TO_DATE('2025-06-01', 'YYYY-MM-DD'), 'Revisión del sistema de sonido', 'Pendiente');

INSERT INTO FIDE_MANTENIMIENTO_TB (MANTENIMIENTO_ID, HOTEL_ID, HABITACION_ID, AREA_COMUN, FECHA_MANTENIMIENTO, DESCRIPCION, ESTADO)
VALUES (50, 125, 26, NULL, TO_DATE('2025-06-05', 'YYYY-MM-DD'), 'Revisión de muebles', 'Completado');

--INSERTS TABLA INCIDENTE
INSERT INTO FIDE_INCIDENTE_TB (INCIDENTE_ID, HUESPED_ID, HABITACION_ID, FECHA_INCIDENTE, DESCRIPCION, ESTADO)
VALUES (1, 81, 1, TO_DATE('2024-01-05', 'YYYY-MM-DD'), 'Ruido excesivo reportado por el huésped', 'Resuelto');

INSERT INTO FIDE_INCIDENTE_TB (INCIDENTE_ID, HUESPED_ID, HABITACION_ID, FECHA_INCIDENTE, DESCRIPCION, ESTADO)
VALUES (2, 82, 2, TO_DATE('2024-01-15', 'YYYY-MM-DD'), 'Problemas con el suministro de agua', 'En Progreso');

INSERT INTO FIDE_INCIDENTE_TB (INCIDENTE_ID, HUESPED_ID, HABITACION_ID, FECHA_INCIDENTE, DESCRIPCION, ESTADO)
VALUES (3, 83, 3, TO_DATE('2024-02-10', 'YYYY-MM-DD'), 'Llaves extraviadas por el huésped', 'Pendiente');

INSERT INTO FIDE_INCIDENTE_TB (INCIDENTE_ID, HUESPED_ID, HABITACION_ID, FECHA_INCIDENTE, DESCRIPCION, ESTADO)
VALUES (4, 84, 4, TO_DATE('2024-03-01', 'YYYY-MM-DD'), 'Desperfecto en la calefacción', 'Resuelto');

INSERT INTO FIDE_INCIDENTE_TB (INCIDENTE_ID, HUESPED_ID, HABITACION_ID, FECHA_INCIDENTE, DESCRIPCION, ESTADO)
VALUES (5, 85, 5, TO_DATE('2024-03-10', 'YYYY-MM-DD'), 'Mal funcionamiento de la televisión', 'En Progreso');

INSERT INTO FIDE_INCIDENTE_TB (INCIDENTE_ID, HUESPED_ID, HABITACION_ID, FECHA_INCIDENTE, DESCRIPCION, ESTADO)
VALUES (6, 86, 6, TO_DATE('2024-04-05', 'YYYY-MM-DD'), 'Reclamo por insectos en la habitación', 'Pendiente');

INSERT INTO FIDE_INCIDENTE_TB (INCIDENTE_ID, HUESPED_ID, HABITACION_ID, FECHA_INCIDENTE, DESCRIPCION, ESTADO)
VALUES (7, 87, 7, TO_DATE('2024-05-01', 'YYYY-MM-DD'), 'Puerta de la habitación no cierra correctamente', 'Resuelto');

INSERT INTO FIDE_INCIDENTE_TB (INCIDENTE_ID, HUESPED_ID, HABITACION_ID, FECHA_INCIDENTE, DESCRIPCION, ESTADO)
VALUES (8, 88, 8, TO_DATE('2024-05-15', 'YYYY-MM-DD'), 'Fallo en el aire acondicionado', 'En Progreso');

INSERT INTO FIDE_INCIDENTE_TB (INCIDENTE_ID, HUESPED_ID, HABITACION_ID, FECHA_INCIDENTE, DESCRIPCION, ESTADO)
VALUES (9, 89, 9, TO_DATE('2024-06-05', 'YYYY-MM-DD'), 'Ruido por trabajos de mantenimiento cercano', 'Pendiente');

INSERT INTO FIDE_INCIDENTE_TB (INCIDENTE_ID, HUESPED_ID, HABITACION_ID, FECHA_INCIDENTE, DESCRIPCION, ESTADO)
VALUES (10, 90, 10, TO_DATE('2024-07-01', 'YYYY-MM-DD'), 'Fallo en la cerradura de la habitación', 'Resuelto');

INSERT INTO FIDE_INCIDENTE_TB (INCIDENTE_ID, HUESPED_ID, HABITACION_ID, FECHA_INCIDENTE, DESCRIPCION, ESTADO)
VALUES (11, 91, 11, TO_DATE('2024-07-20', 'YYYY-MM-DD'), 'Huésped reportó objeto perdido en la habitación', 'En Progreso');

INSERT INTO FIDE_INCIDENTE_TB (INCIDENTE_ID, HUESPED_ID, HABITACION_ID, FECHA_INCIDENTE, DESCRIPCION, ESTADO)
VALUES (12, 92, 12, TO_DATE('2024-08-01', 'YYYY-MM-DD'), 'Ducha con baja presión de agua', 'Pendiente');

INSERT INTO FIDE_INCIDENTE_TB (INCIDENTE_ID, HUESPED_ID, HABITACION_ID, FECHA_INCIDENTE, DESCRIPCION, ESTADO)
VALUES (13, 93, 13, TO_DATE('2024-08-15', 'YYYY-MM-DD'), 'Huésped molesto por olor desagradable en pasillos', 'Resuelto');

INSERT INTO FIDE_INCIDENTE_TB (INCIDENTE_ID, HUESPED_ID, HABITACION_ID, FECHA_INCIDENTE, DESCRIPCION, ESTADO)
VALUES (14, 94, 14, TO_DATE('2024-09-05', 'YYYY-MM-DD'), 'Luces intermitentes en la habitación', 'En Progreso');

INSERT INTO FIDE_INCIDENTE_TB (INCIDENTE_ID, HUESPED_ID, HABITACION_ID, FECHA_INCIDENTE, DESCRIPCION, ESTADO)
VALUES (15, 95, 15, TO_DATE('2024-10-01', 'YYYY-MM-DD'), 'Reclamo por limpieza insuficiente en la habitación', 'Pendiente');

INSERT INTO FIDE_INCIDENTE_TB (INCIDENTE_ID, HUESPED_ID, HABITACION_ID, FECHA_INCIDENTE, DESCRIPCION, ESTADO)
VALUES (16, 96, 16, TO_DATE('2024-10-15', 'YYYY-MM-DD'), 'Daño en el minibar', 'Resuelto');

INSERT INTO FIDE_INCIDENTE_TB (INCIDENTE_ID, HUESPED_ID, HABITACION_ID, FECHA_INCIDENTE, DESCRIPCION, ESTADO)
VALUES (17, 97, 17, TO_DATE('2024-11-05', 'YYYY-MM-DD'), 'Problema con el suministro eléctrico', 'En Progreso');

INSERT INTO FIDE_INCIDENTE_TB (INCIDENTE_ID, HUESPED_ID, HABITACION_ID, FECHA_INCIDENTE, DESCRIPCION, ESTADO)
VALUES (18, 98, 18, TO_DATE('2024-11-20', 'YYYY-MM-DD'), 'Huésped solicita cambio de habitación', 'Pendiente');

INSERT INTO FIDE_INCIDENTE_TB (INCIDENTE_ID, HUESPED_ID, HABITACION_ID, FECHA_INCIDENTE, DESCRIPCION, ESTADO)
VALUES (19, 99, 19, TO_DATE('2024-12-05', 'YYYY-MM-DD'), 'Goteras en el techo de la habitación', 'Resuelto');

INSERT INTO FIDE_INCIDENTE_TB (INCIDENTE_ID, HUESPED_ID, HABITACION_ID, FECHA_INCIDENTE, DESCRIPCION, ESTADO)
VALUES (20, 100, 20, TO_DATE('2024-12-20', 'YYYY-MM-DD'), 'Mal funcionamiento de la calefacción', 'En Progreso');

INSERT INTO FIDE_INCIDENTE_TB (INCIDENTE_ID, HUESPED_ID, HABITACION_ID, FECHA_INCIDENTE, DESCRIPCION, ESTADO)
VALUES (21, 81, 1, TO_DATE('2024-01-15', 'YYYY-MM-DD'), 'Huésped reportó fuga de agua en el baño', 'Resuelto');

INSERT INTO FIDE_INCIDENTE_TB (INCIDENTE_ID, HUESPED_ID, HABITACION_ID, FECHA_INCIDENTE, DESCRIPCION, ESTADO)
VALUES (22, 82, 2, TO_DATE('2024-02-01', 'YYYY-MM-DD'), 'Aire acondicionado no enfría adecuadamente', 'Pendiente');

INSERT INTO FIDE_INCIDENTE_TB (INCIDENTE_ID, HUESPED_ID, HABITACION_ID, FECHA_INCIDENTE, DESCRIPCION, ESTADO)
VALUES (23, 83, 3, TO_DATE('2024-02-20', 'YYYY-MM-DD'), 'Huésped reportó cucarachas en la habitación', 'En Progreso');

INSERT INTO FIDE_INCIDENTE_TB (INCIDENTE_ID, HUESPED_ID, HABITACION_ID, FECHA_INCIDENTE, DESCRIPCION, ESTADO)
VALUES (24, 84, 4, TO_DATE('2024-03-05', 'YYYY-MM-DD'), 'Problemas con la presión del agua en la ducha', 'Resuelto');

INSERT INTO FIDE_INCIDENTE_TB (INCIDENTE_ID, HUESPED_ID, HABITACION_ID, FECHA_INCIDENTE, DESCRIPCION, ESTADO)
VALUES (25, 85, 5, TO_DATE('2024-03-18', 'YYYY-MM-DD'), 'Televisión no responde al control remoto', 'Pendiente');

INSERT INTO FIDE_INCIDENTE_TB (INCIDENTE_ID, HUESPED_ID, HABITACION_ID, FECHA_INCIDENTE, DESCRIPCION, ESTADO)
VALUES (26, 86, 6, TO_DATE('2024-04-01', 'YYYY-MM-DD'), 'Puerta del minibar atascada', 'En Progreso');

INSERT INTO FIDE_INCIDENTE_TB (INCIDENTE_ID, HUESPED_ID, HABITACION_ID, FECHA_INCIDENTE, DESCRIPCION, ESTADO)
VALUES (27, 87, 7, TO_DATE('2024-04-20', 'YYYY-MM-DD'), 'Cortinas no cierran completamente', 'Resuelto');

INSERT INTO FIDE_INCIDENTE_TB (INCIDENTE_ID, HUESPED_ID, HABITACION_ID, FECHA_INCIDENTE, DESCRIPCION, ESTADO)
VALUES (28, 88, 8, TO_DATE('2024-05-05', 'YYYY-MM-DD'), 'Huésped solicitó cambio de almohadas', 'Pendiente');

INSERT INTO FIDE_INCIDENTE_TB (INCIDENTE_ID, HUESPED_ID, HABITACION_ID, FECHA_INCIDENTE, DESCRIPCION, ESTADO)
VALUES (29, 89, 9, TO_DATE('2024-05-15', 'YYYY-MM-DD'), 'Huésped reportó objetos personales desaparecidos', 'En Progreso');

INSERT INTO FIDE_INCIDENTE_TB (INCIDENTE_ID, HUESPED_ID, HABITACION_ID, FECHA_INCIDENTE, DESCRIPCION, ESTADO)
VALUES (30, 90, 10, TO_DATE('2024-06-01', 'YYYY-MM-DD'), 'Huésped se quejó de vecinos ruidosos', 'Resuelto');

INSERT INTO FIDE_INCIDENTE_TB (INCIDENTE_ID, HUESPED_ID, HABITACION_ID, FECHA_INCIDENTE, DESCRIPCION, ESTADO)
VALUES (31, 91, 11, TO_DATE('2024-06-20', 'YYYY-MM-DD'), 'Cama en mal estado, chirridos molestos', 'Pendiente');

INSERT INTO FIDE_INCIDENTE_TB (INCIDENTE_ID, HUESPED_ID, HABITACION_ID, FECHA_INCIDENTE, DESCRIPCION, ESTADO)
VALUES (32, 92, 12, TO_DATE('2024-07-05', 'YYYY-MM-DD'), 'Falta de papel higiénico en el baño', 'Resuelto');

INSERT INTO FIDE_INCIDENTE_TB (INCIDENTE_ID, HUESPED_ID, HABITACION_ID, FECHA_INCIDENTE, DESCRIPCION, ESTADO)
VALUES (33, 93, 13, TO_DATE('2024-07-20', 'YYYY-MM-DD'), 'Huésped encontró cabello en la cama', 'Pendiente');

INSERT INTO FIDE_INCIDENTE_TB (INCIDENTE_ID, HUESPED_ID, HABITACION_ID, FECHA_INCIDENTE, DESCRIPCION, ESTADO)
VALUES (34, 94, 14, TO_DATE('2024-08-01', 'YYYY-MM-DD'), 'Huésped solicitó limpieza extra en la habitación', 'Resuelto');

INSERT INTO FIDE_INCIDENTE_TB (INCIDENTE_ID, HUESPED_ID, HABITACION_ID, FECHA_INCIDENTE, DESCRIPCION, ESTADO)
VALUES (35, 95, 15, TO_DATE('2024-08-15', 'YYYY-MM-DD'), 'Huésped se quejó de olor a cigarrillo', 'En Progreso');

INSERT INTO FIDE_INCIDENTE_TB (INCIDENTE_ID, HUESPED_ID, HABITACION_ID, FECHA_INCIDENTE, DESCRIPCION, ESTADO)
VALUES (36, 96, 16, TO_DATE('2024-09-01', 'YYYY-MM-DD'), 'Fallo en la caja fuerte', 'Pendiente');

INSERT INTO FIDE_INCIDENTE_TB (INCIDENTE_ID, HUESPED_ID, HABITACION_ID, FECHA_INCIDENTE, DESCRIPCION, ESTADO)
VALUES (37, 97, 17, TO_DATE('2024-09-15', 'YYYY-MM-DD'), 'Baño emite olores desagradables', 'Resuelto');

INSERT INTO FIDE_INCIDENTE_TB (INCIDENTE_ID, HUESPED_ID, HABITACION_ID, FECHA_INCIDENTE, DESCRIPCION, ESTADO)
VALUES (38, 98, 18, TO_DATE('2024-10-01', 'YYYY-MM-DD'), 'Mal funcionamiento del sistema de ventilación', 'Pendiente');

INSERT INTO FIDE_INCIDENTE_TB (INCIDENTE_ID, HUESPED_ID, HABITACION_ID, FECHA_INCIDENTE, DESCRIPCION, ESTADO)
VALUES (39, 99, 19, TO_DATE('2024-10-20', 'YYYY-MM-DD'), 'Problemas con el WiFi en la habitación', 'Resuelto');

INSERT INTO FIDE_INCIDENTE_TB (INCIDENTE_ID, HUESPED_ID, HABITACION_ID, FECHA_INCIDENTE, DESCRIPCION, ESTADO)
VALUES (40, 100, 20, TO_DATE('2024-11-01', 'YYYY-MM-DD'), 'Huésped reportó fuga de agua en el techo', 'En Progreso');

INSERT INTO FIDE_INCIDENTE_TB (INCIDENTE_ID, HUESPED_ID, HABITACION_ID, FECHA_INCIDENTE, DESCRIPCION, ESTADO)
VALUES (41, 81, 1, TO_DATE('2024-11-15', 'YYYY-MM-DD'), 'Huésped se quejó de colchón incómodo', 'Resuelto');

INSERT INTO FIDE_INCIDENTE_TB (INCIDENTE_ID, HUESPED_ID, HABITACION_ID, FECHA_INCIDENTE, DESCRIPCION, ESTADO)
VALUES (42, 82, 2, TO_DATE('2024-12-01', 'YYYY-MM-DD'), 'Huésped reportó inestabilidad en la mesa de trabajo', 'Pendiente');

INSERT INTO FIDE_INCIDENTE_TB (INCIDENTE_ID, HUESPED_ID, HABITACION_ID, FECHA_INCIDENTE, DESCRIPCION, ESTADO)
VALUES (43, 83, 3, TO_DATE('2024-12-10', 'YYYY-MM-DD'), 'Problemas con el termostato del aire acondicionado', 'En Progreso');

INSERT INTO FIDE_INCIDENTE_TB (INCIDENTE_ID, HUESPED_ID, HABITACION_ID, FECHA_INCIDENTE, DESCRIPCION, ESTADO)
VALUES (44, 84, 4, TO_DATE('2024-12-20', 'YYYY-MM-DD'), 'Huésped solicitó cambio de toallas', 'Resuelto');

INSERT INTO FIDE_INCIDENTE_TB (INCIDENTE_ID, HUESPED_ID, HABITACION_ID, FECHA_INCIDENTE, DESCRIPCION, ESTADO)
VALUES (45, 85, 5, TO_DATE('2025-01-01', 'YYYY-MM-DD'), 'Huésped reportó falta de luz en el baño', 'Pendiente');

INSERT INTO FIDE_INCIDENTE_TB (INCIDENTE_ID, HUESPED_ID, HABITACION_ID, FECHA_INCIDENTE, DESCRIPCION, ESTADO)
VALUES (46, 86, 6, TO_DATE('2025-01-15', 'YYYY-MM-DD'), 'Huésped molesto por falta de agua caliente', 'En Progreso');

INSERT INTO FIDE_INCIDENTE_TB (INCIDENTE_ID, HUESPED_ID, HABITACION_ID, FECHA_INCIDENTE, DESCRIPCION, ESTADO)
VALUES (47, 87, 7, TO_DATE('2025-02-01', 'YYYY-MM-DD'), 'Huésped solicitó cambio de habitación por ruido', 'Resuelto');

INSERT INTO FIDE_INCIDENTE_TB (INCIDENTE_ID, HUESPED_ID, HABITACION_ID, FECHA_INCIDENTE, DESCRIPCION, ESTADO)
VALUES (48, 88, 8, TO_DATE('2025-02-15', 'YYYY-MM-DD'), 'Reclamo por ventanas mal selladas', 'Pendiente');

INSERT INTO FIDE_INCIDENTE_TB (INCIDENTE_ID, HUESPED_ID, HABITACION_ID, FECHA_INCIDENTE, DESCRIPCION, ESTADO)
VALUES (49, 89, 9, TO_DATE('2025-03-01', 'YYYY-MM-DD'), 'Huésped molesto por retraso en el servicio de limpieza', 'En Progreso');

INSERT INTO FIDE_INCIDENTE_TB (INCIDENTE_ID, HUESPED_ID, HABITACION_ID, FECHA_INCIDENTE, DESCRIPCION, ESTADO)
VALUES (50, 90, 10, TO_DATE('2025-03-15', 'YYYY-MM-DD'), 'Huésped reportó daño en la puerta del baño', 'Resuelto');

--INSERTS TABLA CATEGORIA DE SUMINISTROS
INSERT INTO FIDE_CATEGORIA_SUMINISTRO_TB (CATEGORIA_ID, NOMBRE, DESCRIPCION)
VALUES (1, 'Limpieza', 'Productos utilizados para la limpieza general y el mantenimiento.');

INSERT INTO FIDE_CATEGORIA_SUMINISTRO_TB (CATEGORIA_ID, NOMBRE, DESCRIPCION)
VALUES (2, 'Higiene Personal', 'Artículos de higiene personal como jabones, champús y toallas.');

INSERT INTO FIDE_CATEGORIA_SUMINISTRO_TB (CATEGORIA_ID, NOMBRE, DESCRIPCION)
VALUES (3, 'Ropa de Cama', 'Sábanas, almohadas, fundas y edredones.');

INSERT INTO FIDE_CATEGORIA_SUMINISTRO_TB (CATEGORIA_ID, NOMBRE, DESCRIPCION)
VALUES (4, 'Mantenimiento', 'Herramientas y materiales para reparaciones y mantenimiento.');

INSERT INTO FIDE_CATEGORIA_SUMINISTRO_TB (CATEGORIA_ID, NOMBRE, DESCRIPCION)
VALUES (5, 'Papelería', 'Materiales de oficina como papel, bolígrafos y carpetas.');

INSERT INTO FIDE_CATEGORIA_SUMINISTRO_TB (CATEGORIA_ID, NOMBRE, DESCRIPCION)
VALUES (6, 'Alimentos y Bebidas', 'Suministros para la cocina y el restaurante.');

INSERT INTO FIDE_CATEGORIA_SUMINISTRO_TB (CATEGORIA_ID, NOMBRE, DESCRIPCION)
VALUES (7, 'Electrodomésticos', 'Pequeños electrodomésticos como secadoras de cabello y planchas.');

INSERT INTO FIDE_CATEGORIA_SUMINISTRO_TB (CATEGORIA_ID, NOMBRE, DESCRIPCION)
VALUES (8, 'Seguridad', 'Equipos de seguridad como extintores y detectores de humo.');

INSERT INTO FIDE_CATEGORIA_SUMINISTRO_TB (CATEGORIA_ID, NOMBRE, DESCRIPCION)
VALUES (9, 'Decoración', 'Elementos decorativos como cuadros, plantas y alfombras.');

INSERT INTO FIDE_CATEGORIA_SUMINISTRO_TB (CATEGORIA_ID, NOMBRE, DESCRIPCION)
VALUES (10, 'Tecnología', 'Equipos tecnológicos como televisores, routers y cámaras.');

INSERT INTO FIDE_CATEGORIA_SUMINISTRO_TB (CATEGORIA_ID, NOMBRE, DESCRIPCION)
VALUES (11, 'Mobiliario', 'Muebles como camas, sillas, mesas y escritorios.');

INSERT INTO FIDE_CATEGORIA_SUMINISTRO_TB (CATEGORIA_ID, NOMBRE, DESCRIPCION)
VALUES (12, 'Amenidades', 'Pequeños detalles como kits de bienvenida y regalos.');

INSERT INTO FIDE_CATEGORIA_SUMINISTRO_TB (CATEGORIA_ID, NOMBRE, DESCRIPCION)
VALUES (13, 'Plomería', 'Artículos y herramientas relacionadas con plomería.');

INSERT INTO FIDE_CATEGORIA_SUMINISTRO_TB (CATEGORIA_ID, NOMBRE, DESCRIPCION)
VALUES (14, 'Iluminación', 'Lámparas, bombillas y sistemas de iluminación.');

INSERT INTO FIDE_CATEGORIA_SUMINISTRO_TB (CATEGORIA_ID, NOMBRE, DESCRIPCION)
VALUES (15, 'Textiles', 'Cortinas, alfombras y otros textiles para decoración.');

INSERT INTO FIDE_CATEGORIA_SUMINISTRO_TB (CATEGORIA_ID, NOMBRE, DESCRIPCION)
VALUES (16, 'Utensilios de Cocina', 'Utensilios básicos como platos, vasos y cubiertos.');

INSERT INTO FIDE_CATEGORIA_SUMINISTRO_TB (CATEGORIA_ID, NOMBRE, DESCRIPCION)
VALUES (17, 'Energía', 'Baterías, pilas y dispositivos de recarga.');

INSERT INTO FIDE_CATEGORIA_SUMINISTRO_TB (CATEGORIA_ID, NOMBRE, DESCRIPCION)
VALUES (18, 'Control de Plagas', 'Suministros para el control y prevención de plagas.');

INSERT INTO FIDE_CATEGORIA_SUMINISTRO_TB (CATEGORIA_ID, NOMBRE, DESCRIPCION)
VALUES (19, 'Transporte', 'Suministros relacionados con el transporte como maleteros.');

INSERT INTO FIDE_CATEGORIA_SUMINISTRO_TB (CATEGORIA_ID, NOMBRE, DESCRIPCION)
VALUES (20, 'Recreación', 'Artículos para entretenimiento como juegos y libros.');

INSERT INTO FIDE_CATEGORIA_SUMINISTRO_TB (CATEGORIA_ID, NOMBRE, DESCRIPCION)
VALUES (21, 'Audio y Video', 'Sistemas de sonido, altavoces y proyectores.');

INSERT INTO FIDE_CATEGORIA_SUMINISTRO_TB (CATEGORIA_ID, NOMBRE, DESCRIPCION)
VALUES (22, 'Climatización', 'Aires acondicionados, ventiladores y calefactores.');

INSERT INTO FIDE_CATEGORIA_SUMINISTRO_TB (CATEGORIA_ID, NOMBRE, DESCRIPCION)
VALUES (23, 'Jardinería', 'Herramientas y materiales para cuidado de jardines.');

INSERT INTO FIDE_CATEGORIA_SUMINISTRO_TB (CATEGORIA_ID, NOMBRE, DESCRIPCION)
VALUES (24, 'Piscina y Spa', 'Suministros para mantenimiento de piscinas y spas.');

INSERT INTO FIDE_CATEGORIA_SUMINISTRO_TB (CATEGORIA_ID, NOMBRE, DESCRIPCION)
VALUES (25, 'Emergencia', 'Botiquines, linternas y otros suministros de emergencia.');

INSERT INTO FIDE_CATEGORIA_SUMINISTRO_TB (CATEGORIA_ID, NOMBRE, DESCRIPCION)
VALUES (26, 'Reparaciones', 'Materiales de reparación para instalaciones y equipos.');

INSERT INTO FIDE_CATEGORIA_SUMINISTRO_TB (CATEGORIA_ID, NOMBRE, DESCRIPCION)
VALUES (27, 'Vehículos', 'Suministros relacionados con el mantenimiento de vehículos.');

INSERT INTO FIDE_CATEGORIA_SUMINISTRO_TB (CATEGORIA_ID, NOMBRE, DESCRIPCION)
VALUES (28, 'Cocina Industrial', 'Equipos y utensilios para cocinas de gran capacidad.');

INSERT INTO FIDE_CATEGORIA_SUMINISTRO_TB (CATEGORIA_ID, NOMBRE, DESCRIPCION)
VALUES (29, 'Electrónica', 'Cables, adaptadores y dispositivos electrónicos.');

INSERT INTO FIDE_CATEGORIA_SUMINISTRO_TB (CATEGORIA_ID, NOMBRE, DESCRIPCION)
VALUES (30, 'Refrigeración', 'Equipos como refrigeradores y congeladores.');

INSERT INTO FIDE_CATEGORIA_SUMINISTRO_TB (CATEGORIA_ID, NOMBRE, DESCRIPCION)
VALUES (31, 'Uniformes', 'Prendas para el personal del hotel.');

INSERT INTO FIDE_CATEGORIA_SUMINISTRO_TB (CATEGORIA_ID, NOMBRE, DESCRIPCION)
VALUES (32, 'Seguridad Digital', 'Cámaras de seguridad y sistemas de monitoreo.');

INSERT INTO FIDE_CATEGORIA_SUMINISTRO_TB (CATEGORIA_ID, NOMBRE, DESCRIPCION)
VALUES (33, 'Decoración de Temporada', 'Artículos para decoración en eventos y temporadas.');

INSERT INTO FIDE_CATEGORIA_SUMINISTRO_TB (CATEGORIA_ID, NOMBRE, DESCRIPCION)
VALUES (34, 'Accesorios de Baño', 'Percheros, jaboneras y cortinas de baño.');

INSERT INTO FIDE_CATEGORIA_SUMINISTRO_TB (CATEGORIA_ID, NOMBRE, DESCRIPCION)
VALUES (35, 'Cristalería', 'Copas, vasos y artículos de vidrio.');

INSERT INTO FIDE_CATEGORIA_SUMINISTRO_TB (CATEGORIA_ID, NOMBRE, DESCRIPCION)
VALUES (36, 'Cubertería', 'Cucharas, cuchillos y tenedores.');

INSERT INTO FIDE_CATEGORIA_SUMINISTRO_TB (CATEGORIA_ID, NOMBRE, DESCRIPCION)
VALUES (37, 'Cerámica', 'Platos y tazas de cerámica.');

INSERT INTO FIDE_CATEGORIA_SUMINISTRO_TB (CATEGORIA_ID, NOMBRE, DESCRIPCION)
VALUES (38, 'Entretenimiento', 'Juegos de mesa, películas y libros.');

INSERT INTO FIDE_CATEGORIA_SUMINISTRO_TB (CATEGORIA_ID, NOMBRE, DESCRIPCION)
VALUES (39, 'Lavandería', 'Suministros para lavado de ropa.');

INSERT INTO FIDE_CATEGORIA_SUMINISTRO_TB (CATEGORIA_ID, NOMBRE, DESCRIPCION)
VALUES (40, 'Cuidado Personal', 'Espejos, cepillos y productos de cuidado personal.');

INSERT INTO FIDE_CATEGORIA_SUMINISTRO_TB (CATEGORIA_ID, NOMBRE, DESCRIPCION)
VALUES (41, 'Iluminación Decorativa', 'Lámparas de diseño y luces decorativas.');

INSERT INTO FIDE_CATEGORIA_SUMINISTRO_TB (CATEGORIA_ID, NOMBRE, DESCRIPCION)
VALUES (42, 'Accesorios para Eventos', 'Toldos, sillas y mesas para eventos.');

INSERT INTO FIDE_CATEGORIA_SUMINISTRO_TB (CATEGORIA_ID, NOMBRE, DESCRIPCION)
VALUES (43, 'Calefacción', 'Radiadores y otros dispositivos de calefacción.');

INSERT INTO FIDE_CATEGORIA_SUMINISTRO_TB (CATEGORIA_ID, NOMBRE, DESCRIPCION)
VALUES (44, 'Reciclaje', 'Contenedores y materiales para reciclaje.');

INSERT INTO FIDE_CATEGORIA_SUMINISTRO_TB (CATEGORIA_ID, NOMBRE, DESCRIPCION)
VALUES (45, 'Vajilla', 'Platos y recipientes de diversos tamaños.');

INSERT INTO FIDE_CATEGORIA_SUMINISTRO_TB (CATEGORIA_ID, NOMBRE, DESCRIPCION)
VALUES (46, 'Espacios Exteriores', 'Suministros para terrazas y áreas al aire libre.');

INSERT INTO FIDE_CATEGORIA_SUMINISTRO_TB (CATEGORIA_ID, NOMBRE, DESCRIPCION)
VALUES (47, 'Cuidado Infantil', 'Cunas, juguetes y accesorios para niños.');

INSERT INTO FIDE_CATEGORIA_SUMINISTRO_TB (CATEGORIA_ID, NOMBRE, DESCRIPCION)
VALUES (48, 'Electrodomésticos de Habitación', 'Microondas y cafeteras.');

INSERT INTO FIDE_CATEGORIA_SUMINISTRO_TB (CATEGORIA_ID, NOMBRE, DESCRIPCION)
VALUES (49, 'Lujo', 'Artículos exclusivos para habitaciones VIP.');

INSERT INTO FIDE_CATEGORIA_SUMINISTRO_TB (CATEGORIA_ID, NOMBRE, DESCRIPCION)
VALUES (50, 'Protección Personal', 'Mascarillas, guantes y desinfectantes.');

--INSERTS TABLA SUMINISTROS
INSERT INTO FIDE_SUMINISTRO_TB (SUMINISTRO_ID, CATEGORIA_ID, PROVEEDOR_ID, CANTIDAD, PRECIO_UNITARIO)
VALUES (1, 1, 101, 500, 10.50);

INSERT INTO FIDE_SUMINISTRO_TB (SUMINISTRO_ID, CATEGORIA_ID, PROVEEDOR_ID, CANTIDAD, PRECIO_UNITARIO)
VALUES (2, 2, 102, 300, 15.75);

INSERT INTO FIDE_SUMINISTRO_TB (SUMINISTRO_ID, CATEGORIA_ID, PROVEEDOR_ID, CANTIDAD, PRECIO_UNITARIO)
VALUES (3, 3, 103, 150, 50.00);

INSERT INTO FIDE_SUMINISTRO_TB (SUMINISTRO_ID, CATEGORIA_ID, PROVEEDOR_ID, CANTIDAD, PRECIO_UNITARIO)
VALUES (4, 4, 104, 100, 35.25);

INSERT INTO FIDE_SUMINISTRO_TB (SUMINISTRO_ID, CATEGORIA_ID, PROVEEDOR_ID, CANTIDAD, PRECIO_UNITARIO)
VALUES (5, 5, 105, 200, 5.00);

INSERT INTO FIDE_SUMINISTRO_TB (SUMINISTRO_ID, CATEGORIA_ID, PROVEEDOR_ID, CANTIDAD, PRECIO_UNITARIO)
VALUES (6, 6, 106, 120, 25.50);

INSERT INTO FIDE_SUMINISTRO_TB (SUMINISTRO_ID, CATEGORIA_ID, PROVEEDOR_ID, CANTIDAD, PRECIO_UNITARIO)
VALUES (7, 7, 107, 50, 75.00);

INSERT INTO FIDE_SUMINISTRO_TB (SUMINISTRO_ID, CATEGORIA_ID, PROVEEDOR_ID, CANTIDAD, PRECIO_UNITARIO)
VALUES (8, 8, 108, 80, 100.00);

INSERT INTO FIDE_SUMINISTRO_TB (SUMINISTRO_ID, CATEGORIA_ID, PROVEEDOR_ID, CANTIDAD, PRECIO_UNITARIO)
VALUES (9, 9, 109, 60, 45.30);

INSERT INTO FIDE_SUMINISTRO_TB (SUMINISTRO_ID, CATEGORIA_ID, PROVEEDOR_ID, CANTIDAD, PRECIO_UNITARIO)
VALUES (10, 10, 110, 40, 150.75);

INSERT INTO FIDE_SUMINISTRO_TB (SUMINISTRO_ID, CATEGORIA_ID, PROVEEDOR_ID, CANTIDAD, PRECIO_UNITARIO)
VALUES (11, 11, 111, 30, 250.00);

INSERT INTO FIDE_SUMINISTRO_TB (SUMINISTRO_ID, CATEGORIA_ID, PROVEEDOR_ID, CANTIDAD, PRECIO_UNITARIO)
VALUES (12, 12, 112, 10, 500.00);

INSERT INTO FIDE_SUMINISTRO_TB (SUMINISTRO_ID, CATEGORIA_ID, PROVEEDOR_ID, CANTIDAD, PRECIO_UNITARIO)
VALUES (13, 13, 113, 200, 8.25);

INSERT INTO FIDE_SUMINISTRO_TB (SUMINISTRO_ID, CATEGORIA_ID, PROVEEDOR_ID, CANTIDAD, PRECIO_UNITARIO)
VALUES (14, 14, 114, 90, 60.00);

INSERT INTO FIDE_SUMINISTRO_TB (SUMINISTRO_ID, CATEGORIA_ID, PROVEEDOR_ID, CANTIDAD, PRECIO_UNITARIO)
VALUES (15, 15, 115, 70, 85.50);

INSERT INTO FIDE_SUMINISTRO_TB (SUMINISTRO_ID, CATEGORIA_ID, PROVEEDOR_ID, CANTIDAD, PRECIO_UNITARIO)
VALUES (16, 16, 116, 500, 2.00);

INSERT INTO FIDE_SUMINISTRO_TB (SUMINISTRO_ID, CATEGORIA_ID, PROVEEDOR_ID, CANTIDAD, PRECIO_UNITARIO)
VALUES (17, 17, 117, 400, 12.75);

INSERT INTO FIDE_SUMINISTRO_TB (SUMINISTRO_ID, CATEGORIA_ID, PROVEEDOR_ID, CANTIDAD, PRECIO_UNITARIO)
VALUES (18, 18, 118, 250, 20.30);

INSERT INTO FIDE_SUMINISTRO_TB (SUMINISTRO_ID, CATEGORIA_ID, PROVEEDOR_ID, CANTIDAD, PRECIO_UNITARIO)
VALUES (19, 19, 119, 60, 75.00);

INSERT INTO FIDE_SUMINISTRO_TB (SUMINISTRO_ID, CATEGORIA_ID, PROVEEDOR_ID, CANTIDAD, PRECIO_UNITARIO)
VALUES (20, 20, 120, 35, 100.00);

INSERT INTO FIDE_SUMINISTRO_TB (SUMINISTRO_ID, CATEGORIA_ID, PROVEEDOR_ID, CANTIDAD, PRECIO_UNITARIO)
VALUES (21, 21, 121, 150, 15.25);

INSERT INTO FIDE_SUMINISTRO_TB (SUMINISTRO_ID, CATEGORIA_ID, PROVEEDOR_ID, CANTIDAD, PRECIO_UNITARIO)
VALUES (22, 22, 122, 200, 22.50);

INSERT INTO FIDE_SUMINISTRO_TB (SUMINISTRO_ID, CATEGORIA_ID, PROVEEDOR_ID, CANTIDAD, PRECIO_UNITARIO)
VALUES (23, 23, 123, 80, 90.00);

INSERT INTO FIDE_SUMINISTRO_TB (SUMINISTRO_ID, CATEGORIA_ID, PROVEEDOR_ID, CANTIDAD, PRECIO_UNITARIO)
VALUES (24, 24, 124, 100, 110.75);

INSERT INTO FIDE_SUMINISTRO_TB (SUMINISTRO_ID, CATEGORIA_ID, PROVEEDOR_ID, CANTIDAD, PRECIO_UNITARIO)
VALUES (25, 25, 125, 500, 5.50);

INSERT INTO FIDE_SUMINISTRO_TB (SUMINISTRO_ID, CATEGORIA_ID, PROVEEDOR_ID, CANTIDAD, PRECIO_UNITARIO)
VALUES (26, 26, 126, 60, 135.25);

INSERT INTO FIDE_SUMINISTRO_TB (SUMINISTRO_ID, CATEGORIA_ID, PROVEEDOR_ID, CANTIDAD, PRECIO_UNITARIO)
VALUES (27, 27, 127, 70, 99.99);

INSERT INTO FIDE_SUMINISTRO_TB (SUMINISTRO_ID, CATEGORIA_ID, PROVEEDOR_ID, CANTIDAD, PRECIO_UNITARIO)
VALUES (28, 28, 128, 150, 45.00);

INSERT INTO FIDE_SUMINISTRO_TB (SUMINISTRO_ID, CATEGORIA_ID, PROVEEDOR_ID, CANTIDAD, PRECIO_UNITARIO)
VALUES (29, 29, 129, 90, 65.75);

INSERT INTO FIDE_SUMINISTRO_TB (SUMINISTRO_ID, CATEGORIA_ID, PROVEEDOR_ID, CANTIDAD, PRECIO_UNITARIO)
VALUES (30, 30, 130, 120, 85.00);

INSERT INTO FIDE_SUMINISTRO_TB (SUMINISTRO_ID, CATEGORIA_ID, PROVEEDOR_ID, CANTIDAD, PRECIO_UNITARIO)
VALUES (31, 1, 101, 400, 12.00);

INSERT INTO FIDE_SUMINISTRO_TB (SUMINISTRO_ID, CATEGORIA_ID, PROVEEDOR_ID, CANTIDAD, PRECIO_UNITARIO)
VALUES (32, 2, 102, 300, 18.25);

INSERT INTO FIDE_SUMINISTRO_TB (SUMINISTRO_ID, CATEGORIA_ID, PROVEEDOR_ID, CANTIDAD, PRECIO_UNITARIO)
VALUES (33, 3, 103, 250, 55.00);

INSERT INTO FIDE_SUMINISTRO_TB (SUMINISTRO_ID, CATEGORIA_ID, PROVEEDOR_ID, CANTIDAD, PRECIO_UNITARIO)
VALUES (34, 4, 104, 150, 30.50);

INSERT INTO FIDE_SUMINISTRO_TB (SUMINISTRO_ID, CATEGORIA_ID, PROVEEDOR_ID, CANTIDAD, PRECIO_UNITARIO)
VALUES (35, 5, 105, 500, 7.00);

INSERT INTO FIDE_SUMINISTRO_TB (SUMINISTRO_ID, CATEGORIA_ID, PROVEEDOR_ID, CANTIDAD, PRECIO_UNITARIO)
VALUES (36, 6, 106, 100, 20.00);

INSERT INTO FIDE_SUMINISTRO_TB (SUMINISTRO_ID, CATEGORIA_ID, PROVEEDOR_ID, CANTIDAD, PRECIO_UNITARIO)
VALUES (37, 7, 107, 75, 80.00);

INSERT INTO FIDE_SUMINISTRO_TB (SUMINISTRO_ID, CATEGORIA_ID, PROVEEDOR_ID, CANTIDAD, PRECIO_UNITARIO)
VALUES (38, 8, 108, 90, 110.25);

INSERT INTO FIDE_SUMINISTRO_TB (SUMINISTRO_ID, CATEGORIA_ID, PROVEEDOR_ID, CANTIDAD, PRECIO_UNITARIO)
VALUES (39, 9, 109, 120, 40.00);

INSERT INTO FIDE_SUMINISTRO_TB (SUMINISTRO_ID, CATEGORIA_ID, PROVEEDOR_ID, CANTIDAD, PRECIO_UNITARIO)
VALUES (40, 10, 110, 50, 200.00);

INSERT INTO FIDE_SUMINISTRO_TB (SUMINISTRO_ID, CATEGORIA_ID, PROVEEDOR_ID, CANTIDAD, PRECIO_UNITARIO)
VALUES (41, 11, 111, 60, 250.75);

INSERT INTO FIDE_SUMINISTRO_TB (SUMINISTRO_ID, CATEGORIA_ID, PROVEEDOR_ID, CANTIDAD, PRECIO_UNITARIO)
VALUES (42, 12, 112, 20, 500.00);

INSERT INTO FIDE_SUMINISTRO_TB (SUMINISTRO_ID, CATEGORIA_ID, PROVEEDOR_ID, CANTIDAD, PRECIO_UNITARIO)
VALUES (43, 13, 113, 180, 10.50);

INSERT INTO FIDE_SUMINISTRO_TB (SUMINISTRO_ID, CATEGORIA_ID, PROVEEDOR_ID, CANTIDAD, PRECIO_UNITARIO)
VALUES (44, 14, 114, 200, 55.00);

INSERT INTO FIDE_SUMINISTRO_TB (SUMINISTRO_ID, CATEGORIA_ID, PROVEEDOR_ID, CANTIDAD, PRECIO_UNITARIO)
VALUES (45, 15, 115, 100, 95.00);

INSERT INTO FIDE_SUMINISTRO_TB (SUMINISTRO_ID, CATEGORIA_ID, PROVEEDOR_ID, CANTIDAD, PRECIO_UNITARIO)
VALUES (46, 16, 116, 400, 3.00);

INSERT INTO FIDE_SUMINISTRO_TB (SUMINISTRO_ID, CATEGORIA_ID, PROVEEDOR_ID, CANTIDAD, PRECIO_UNITARIO)
VALUES (47, 17, 117, 350, 13.25);

INSERT INTO FIDE_SUMINISTRO_TB (SUMINISTRO_ID, CATEGORIA_ID, PROVEEDOR_ID, CANTIDAD, PRECIO_UNITARIO)
VALUES (48, 18, 118, 300, 22.00);

INSERT INTO FIDE_SUMINISTRO_TB (SUMINISTRO_ID, CATEGORIA_ID, PROVEEDOR_ID, CANTIDAD, PRECIO_UNITARIO)
VALUES (49, 19, 119, 90, 70.50);

INSERT INTO FIDE_SUMINISTRO_TB (SUMINISTRO_ID, CATEGORIA_ID, PROVEEDOR_ID, CANTIDAD, PRECIO_UNITARIO)
VALUES (50, 20, 120, 45, 125.00);

INSERT INTO FIDE_SUMINISTRO_TB (SUMINISTRO_ID, CATEGORIA_ID, PROVEEDOR_ID, CANTIDAD, PRECIO_UNITARIO)
VALUES (51, 21, 121, 200, 14.75);

INSERT INTO FIDE_SUMINISTRO_TB (SUMINISTRO_ID, CATEGORIA_ID, PROVEEDOR_ID, CANTIDAD, PRECIO_UNITARIO)
VALUES (52, 22, 122, 400, 20.00);

INSERT INTO FIDE_SUMINISTRO_TB (SUMINISTRO_ID, CATEGORIA_ID, PROVEEDOR_ID, CANTIDAD, PRECIO_UNITARIO)
VALUES (53, 23, 123, 75, 85.00);

INSERT INTO FIDE_SUMINISTRO_TB (SUMINISTRO_ID, CATEGORIA_ID, PROVEEDOR_ID, CANTIDAD, PRECIO_UNITARIO)
VALUES (54, 24, 124, 110, 120.00);

INSERT INTO FIDE_SUMINISTRO_TB (SUMINISTRO_ID, CATEGORIA_ID, PROVEEDOR_ID, CANTIDAD, PRECIO_UNITARIO)
VALUES (55, 25, 125, 450, 6.00);

INSERT INTO FIDE_SUMINISTRO_TB (SUMINISTRO_ID, CATEGORIA_ID, PROVEEDOR_ID, CANTIDAD, PRECIO_UNITARIO)
VALUES (56, 26, 126, 55, 140.25);

INSERT INTO FIDE_SUMINISTRO_TB (SUMINISTRO_ID, CATEGORIA_ID, PROVEEDOR_ID, CANTIDAD, PRECIO_UNITARIO)
VALUES (57, 27, 127, 100, 95.75);

INSERT INTO FIDE_SUMINISTRO_TB (SUMINISTRO_ID, CATEGORIA_ID, PROVEEDOR_ID, CANTIDAD, PRECIO_UNITARIO)
VALUES (58, 28, 128, 125, 50.00);

INSERT INTO FIDE_SUMINISTRO_TB (SUMINISTRO_ID, CATEGORIA_ID, PROVEEDOR_ID, CANTIDAD, PRECIO_UNITARIO)
VALUES (59, 29, 129, 80, 72.25);

INSERT INTO FIDE_SUMINISTRO_TB (SUMINISTRO_ID, CATEGORIA_ID, PROVEEDOR_ID, CANTIDAD, PRECIO_UNITARIO)
VALUES (60, 30, 130, 110, 90.00);

INSERT INTO FIDE_SUMINISTRO_TB (SUMINISTRO_ID, CATEGORIA_ID, PROVEEDOR_ID, CANTIDAD, PRECIO_UNITARIO)
VALUES (61, 1, 101, 450, 11.25);

INSERT INTO FIDE_SUMINISTRO_TB (SUMINISTRO_ID, CATEGORIA_ID, PROVEEDOR_ID, CANTIDAD, PRECIO_UNITARIO)
VALUES (62, 2, 102, 320, 17.50);

INSERT INTO FIDE_SUMINISTRO_TB (SUMINISTRO_ID, CATEGORIA_ID, PROVEEDOR_ID, CANTIDAD, PRECIO_UNITARIO)
VALUES (63, 3, 103, 270, 58.00);

INSERT INTO FIDE_SUMINISTRO_TB (SUMINISTRO_ID, CATEGORIA_ID, PROVEEDOR_ID, CANTIDAD, PRECIO_UNITARIO)
VALUES (64, 4, 104, 120, 32.75);

INSERT INTO FIDE_SUMINISTRO_TB (SUMINISTRO_ID, CATEGORIA_ID, PROVEEDOR_ID, CANTIDAD, PRECIO_UNITARIO)
VALUES (65, 5, 105, 550, 6.75);

INSERT INTO FIDE_SUMINISTRO_TB (SUMINISTRO_ID, CATEGORIA_ID, PROVEEDOR_ID, CANTIDAD, PRECIO_UNITARIO)
VALUES (66, 6, 106, 140, 22.50);

INSERT INTO FIDE_SUMINISTRO_TB (SUMINISTRO_ID, CATEGORIA_ID, PROVEEDOR_ID, CANTIDAD, PRECIO_UNITARIO)
VALUES (67, 7, 107, 80, 82.00);

INSERT INTO FIDE_SUMINISTRO_TB (SUMINISTRO_ID, CATEGORIA_ID, PROVEEDOR_ID, CANTIDAD, PRECIO_UNITARIO)
VALUES (68, 8, 108, 110, 105.00);

INSERT INTO FIDE_SUMINISTRO_TB (SUMINISTRO_ID, CATEGORIA_ID, PROVEEDOR_ID, CANTIDAD, PRECIO_UNITARIO)
VALUES (69, 9, 109, 130, 42.25);

INSERT INTO FIDE_SUMINISTRO_TB (SUMINISTRO_ID, CATEGORIA_ID, PROVEEDOR_ID, CANTIDAD, PRECIO_UNITARIO)
VALUES (70, 10, 110, 60, 180.00);

INSERT INTO FIDE_SUMINISTRO_TB (SUMINISTRO_ID, CATEGORIA_ID, PROVEEDOR_ID, CANTIDAD, PRECIO_UNITARIO)
VALUES (71, 11, 111, 45, 275.50);

INSERT INTO FIDE_SUMINISTRO_TB (SUMINISTRO_ID, CATEGORIA_ID, PROVEEDOR_ID, CANTIDAD, PRECIO_UNITARIO)
VALUES (72, 12, 112, 25, 520.00);

INSERT INTO FIDE_SUMINISTRO_TB (SUMINISTRO_ID, CATEGORIA_ID, PROVEEDOR_ID, CANTIDAD, PRECIO_UNITARIO)
VALUES (73, 13, 113, 170, 9.75);

INSERT INTO FIDE_SUMINISTRO_TB (SUMINISTRO_ID, CATEGORIA_ID, PROVEEDOR_ID, CANTIDAD, PRECIO_UNITARIO)
VALUES (74, 14, 114, 210, 53.50);

INSERT INTO FIDE_SUMINISTRO_TB (SUMINISTRO_ID, CATEGORIA_ID, PROVEEDOR_ID, CANTIDAD, PRECIO_UNITARIO)
VALUES (75, 15, 115, 115, 97.25);

INSERT INTO FIDE_SUMINISTRO_TB (SUMINISTRO_ID, CATEGORIA_ID, PROVEEDOR_ID, CANTIDAD, PRECIO_UNITARIO)
VALUES (76, 16, 116, 480, 2.50);

INSERT INTO FIDE_SUMINISTRO_TB (SUMINISTRO_ID, CATEGORIA_ID, PROVEEDOR_ID, CANTIDAD, PRECIO_UNITARIO)
VALUES (77, 17, 117, 370, 12.25);

INSERT INTO FIDE_SUMINISTRO_TB (SUMINISTRO_ID, CATEGORIA_ID, PROVEEDOR_ID, CANTIDAD, PRECIO_UNITARIO)
VALUES (78, 18, 118, 310, 21.00);

INSERT INTO FIDE_SUMINISTRO_TB (SUMINISTRO_ID, CATEGORIA_ID, PROVEEDOR_ID, CANTIDAD, PRECIO_UNITARIO)
VALUES (79, 19, 119, 95, 73.00);

INSERT INTO FIDE_SUMINISTRO_TB (SUMINISTRO_ID, CATEGORIA_ID, PROVEEDOR_ID, CANTIDAD, PRECIO_UNITARIO)
VALUES (80, 20, 120, 55, 120.75);

INSERT INTO FIDE_SUMINISTRO_TB (SUMINISTRO_ID, CATEGORIA_ID, PROVEEDOR_ID, CANTIDAD, PRECIO_UNITARIO)
VALUES (81, 21, 121, 190, 14.00);

INSERT INTO FIDE_SUMINISTRO_TB (SUMINISTRO_ID, CATEGORIA_ID, PROVEEDOR_ID, CANTIDAD, PRECIO_UNITARIO)
VALUES (82, 22, 122, 410, 19.50);

INSERT INTO FIDE_SUMINISTRO_TB (SUMINISTRO_ID, CATEGORIA_ID, PROVEEDOR_ID, CANTIDAD, PRECIO_UNITARIO)
VALUES (83, 23, 123, 85, 87.00);

INSERT INTO FIDE_SUMINISTRO_TB (SUMINISTRO_ID, CATEGORIA_ID, PROVEEDOR_ID, CANTIDAD, PRECIO_UNITARIO)
VALUES (84, 24, 124, 105, 117.00);

INSERT INTO FIDE_SUMINISTRO_TB (SUMINISTRO_ID, CATEGORIA_ID, PROVEEDOR_ID, CANTIDAD, PRECIO_UNITARIO)
VALUES (85, 25, 125, 460, 5.75);

INSERT INTO FIDE_SUMINISTRO_TB (SUMINISTRO_ID, CATEGORIA_ID, PROVEEDOR_ID, CANTIDAD, PRECIO_UNITARIO)
VALUES (86, 26, 126, 70, 145.50);

INSERT INTO FIDE_SUMINISTRO_TB (SUMINISTRO_ID, CATEGORIA_ID, PROVEEDOR_ID, CANTIDAD, PRECIO_UNITARIO)
VALUES (87, 27, 127, 110, 92.75);

INSERT INTO FIDE_SUMINISTRO_TB (SUMINISTRO_ID, CATEGORIA_ID, PROVEEDOR_ID, CANTIDAD, PRECIO_UNITARIO)
VALUES (88, 28, 128, 145, 48.50);

INSERT INTO FIDE_SUMINISTRO_TB (SUMINISTRO_ID, CATEGORIA_ID, PROVEEDOR_ID, CANTIDAD, PRECIO_UNITARIO)
VALUES (89, 29, 129, 85, 70.25);

INSERT INTO FIDE_SUMINISTRO_TB (SUMINISTRO_ID, CATEGORIA_ID, PROVEEDOR_ID, CANTIDAD, PRECIO_UNITARIO)
VALUES (90, 30, 130, 135, 88.00);

INSERT INTO FIDE_SUMINISTRO_TB (SUMINISTRO_ID, CATEGORIA_ID, PROVEEDOR_ID, CANTIDAD, PRECIO_UNITARIO)
VALUES (91, 1, 101, 500, 12.50);

INSERT INTO FIDE_SUMINISTRO_TB (SUMINISTRO_ID, CATEGORIA_ID, PROVEEDOR_ID, CANTIDAD, PRECIO_UNITARIO)
VALUES (92, 3, 103, 200, 60.00);

INSERT INTO FIDE_SUMINISTRO_TB (SUMINISTRO_ID, CATEGORIA_ID, PROVEEDOR_ID, CANTIDAD, PRECIO_UNITARIO)
VALUES (93, 5, 105, 300, 8.50);

INSERT INTO FIDE_SUMINISTRO_TB (SUMINISTRO_ID, CATEGORIA_ID, PROVEEDOR_ID, CANTIDAD, PRECIO_UNITARIO)
VALUES (94, 7, 107, 90, 85.00);

INSERT INTO FIDE_SUMINISTRO_TB (SUMINISTRO_ID, CATEGORIA_ID, PROVEEDOR_ID, CANTIDAD, PRECIO_UNITARIO)
VALUES (95, 9, 109, 150, 45.50);

INSERT INTO FIDE_SUMINISTRO_TB (SUMINISTRO_ID, CATEGORIA_ID, PROVEEDOR_ID, CANTIDAD, PRECIO_UNITARIO)
VALUES (96, 11, 111, 40, 280.00);

INSERT INTO FIDE_SUMINISTRO_TB (SUMINISTRO_ID, CATEGORIA_ID, PROVEEDOR_ID, CANTIDAD, PRECIO_UNITARIO)
VALUES (97, 13, 113, 120, 10.75);

INSERT INTO FIDE_SUMINISTRO_TB (SUMINISTRO_ID, CATEGORIA_ID, PROVEEDOR_ID, CANTIDAD, PRECIO_UNITARIO)
VALUES (98, 15, 115, 75, 100.00);

INSERT INTO FIDE_SUMINISTRO_TB (SUMINISTRO_ID, CATEGORIA_ID, PROVEEDOR_ID, CANTIDAD, PRECIO_UNITARIO)
VALUES (99, 17, 117, 450, 13.00);

INSERT INTO FIDE_SUMINISTRO_TB (SUMINISTRO_ID, CATEGORIA_ID, PROVEEDOR_ID, CANTIDAD, PRECIO_UNITARIO)
VALUES (100, 20, 120, 50, 125.50);

--INSERTS TABLA INVENTARIO
INSERT INTO FIDE_INVENTARIO_TB (INVENTARIO_ID, HOTEL_ID, SUMINISTRO_ID, CANTIDAD_DISPONIBLE)
VALUES (1, 101, 1, 300);

INSERT INTO FIDE_INVENTARIO_TB (INVENTARIO_ID, HOTEL_ID, SUMINISTRO_ID, CANTIDAD_DISPONIBLE)
VALUES (2, 101, 5, 150);

INSERT INTO FIDE_INVENTARIO_TB (INVENTARIO_ID, HOTEL_ID, SUMINISTRO_ID, CANTIDAD_DISPONIBLE)
VALUES (3, 102, 2, 200);

INSERT INTO FIDE_INVENTARIO_TB (INVENTARIO_ID, HOTEL_ID, SUMINISTRO_ID, CANTIDAD_DISPONIBLE)
VALUES (4, 102, 6, 100);

INSERT INTO FIDE_INVENTARIO_TB (INVENTARIO_ID, HOTEL_ID, SUMINISTRO_ID, CANTIDAD_DISPONIBLE)
VALUES (5, 103, 3, 250);

INSERT INTO FIDE_INVENTARIO_TB (INVENTARIO_ID, HOTEL_ID, SUMINISTRO_ID, CANTIDAD_DISPONIBLE)
VALUES (6, 103, 8, 80);

INSERT INTO FIDE_INVENTARIO_TB (INVENTARIO_ID, HOTEL_ID, SUMINISTRO_ID, CANTIDAD_DISPONIBLE)
VALUES (7, 104, 4, 120);

INSERT INTO FIDE_INVENTARIO_TB (INVENTARIO_ID, HOTEL_ID, SUMINISTRO_ID, CANTIDAD_DISPONIBLE)
VALUES (8, 104, 7, 60);

INSERT INTO FIDE_INVENTARIO_TB (INVENTARIO_ID, HOTEL_ID, SUMINISTRO_ID, CANTIDAD_DISPONIBLE)
VALUES (9, 105, 9, 100);

INSERT INTO FIDE_INVENTARIO_TB (INVENTARIO_ID, HOTEL_ID, SUMINISTRO_ID, CANTIDAD_DISPONIBLE)
VALUES (10, 105, 10, 30);

INSERT INTO FIDE_INVENTARIO_TB (INVENTARIO_ID, HOTEL_ID, SUMINISTRO_ID, CANTIDAD_DISPONIBLE)
VALUES (11, 106, 11, 25);

INSERT INTO FIDE_INVENTARIO_TB (INVENTARIO_ID, HOTEL_ID, SUMINISTRO_ID, CANTIDAD_DISPONIBLE)
VALUES (12, 106, 15, 50);

INSERT INTO FIDE_INVENTARIO_TB (INVENTARIO_ID, HOTEL_ID, SUMINISTRO_ID, CANTIDAD_DISPONIBLE)
VALUES (13, 107, 12, 10);

INSERT INTO FIDE_INVENTARIO_TB (INVENTARIO_ID, HOTEL_ID, SUMINISTRO_ID, CANTIDAD_DISPONIBLE)
VALUES (14, 107, 20, 45);

INSERT INTO FIDE_INVENTARIO_TB (INVENTARIO_ID, HOTEL_ID, SUMINISTRO_ID, CANTIDAD_DISPONIBLE)
VALUES (15, 108, 13, 300);

INSERT INTO FIDE_INVENTARIO_TB (INVENTARIO_ID, HOTEL_ID, SUMINISTRO_ID, CANTIDAD_DISPONIBLE)
VALUES (16, 108, 14, 75);

INSERT INTO FIDE_INVENTARIO_TB (INVENTARIO_ID, HOTEL_ID, SUMINISTRO_ID, CANTIDAD_DISPONIBLE)
VALUES (17, 109, 16, 200);

INSERT INTO FIDE_INVENTARIO_TB (INVENTARIO_ID, HOTEL_ID, SUMINISTRO_ID, CANTIDAD_DISPONIBLE)
VALUES (18, 109, 17, 180);

INSERT INTO FIDE_INVENTARIO_TB (INVENTARIO_ID, HOTEL_ID, SUMINISTRO_ID, CANTIDAD_DISPONIBLE)
VALUES (19, 110, 18, 400);

INSERT INTO FIDE_INVENTARIO_TB (INVENTARIO_ID, HOTEL_ID, SUMINISTRO_ID, CANTIDAD_DISPONIBLE)
VALUES (20, 110, 19, 95);

INSERT INTO FIDE_INVENTARIO_TB (INVENTARIO_ID, HOTEL_ID, SUMINISTRO_ID, CANTIDAD_DISPONIBLE)
VALUES (21, 111, 21, 500);

INSERT INTO FIDE_INVENTARIO_TB (INVENTARIO_ID, HOTEL_ID, SUMINISTRO_ID, CANTIDAD_DISPONIBLE)
VALUES (22, 111, 22, 400);

INSERT INTO FIDE_INVENTARIO_TB (INVENTARIO_ID, HOTEL_ID, SUMINISTRO_ID, CANTIDAD_DISPONIBLE)
VALUES (23, 112, 23, 150);

INSERT INTO FIDE_INVENTARIO_TB (INVENTARIO_ID, HOTEL_ID, SUMINISTRO_ID, CANTIDAD_DISPONIBLE)
VALUES (24, 112, 24, 300);

INSERT INTO FIDE_INVENTARIO_TB (INVENTARIO_ID, HOTEL_ID, SUMINISTRO_ID, CANTIDAD_DISPONIBLE)
VALUES (25, 113, 25, 200);

INSERT INTO FIDE_INVENTARIO_TB (INVENTARIO_ID, HOTEL_ID, SUMINISTRO_ID, CANTIDAD_DISPONIBLE)
VALUES (26, 113, 26, 180);

INSERT INTO FIDE_INVENTARIO_TB (INVENTARIO_ID, HOTEL_ID, SUMINISTRO_ID, CANTIDAD_DISPONIBLE)
VALUES (27, 114, 27, 75);

INSERT INTO FIDE_INVENTARIO_TB (INVENTARIO_ID, HOTEL_ID, SUMINISTRO_ID, CANTIDAD_DISPONIBLE)
VALUES (28, 114, 28, 50);

INSERT INTO FIDE_INVENTARIO_TB (INVENTARIO_ID, HOTEL_ID, SUMINISTRO_ID, CANTIDAD_DISPONIBLE)
VALUES (29, 115, 29, 90);

INSERT INTO FIDE_INVENTARIO_TB (INVENTARIO_ID, HOTEL_ID, SUMINISTRO_ID, CANTIDAD_DISPONIBLE)
VALUES (30, 115, 30, 30);

INSERT INTO FIDE_INVENTARIO_TB (INVENTARIO_ID, HOTEL_ID, SUMINISTRO_ID, CANTIDAD_DISPONIBLE)
VALUES (31, 116, 31, 400);

INSERT INTO FIDE_INVENTARIO_TB (INVENTARIO_ID, HOTEL_ID, SUMINISTRO_ID, CANTIDAD_DISPONIBLE)
VALUES (32, 116, 32, 300);

INSERT INTO FIDE_INVENTARIO_TB (INVENTARIO_ID, HOTEL_ID, SUMINISTRO_ID, CANTIDAD_DISPONIBLE)
VALUES (33, 117, 33, 200);

INSERT INTO FIDE_INVENTARIO_TB (INVENTARIO_ID, HOTEL_ID, SUMINISTRO_ID, CANTIDAD_DISPONIBLE)
VALUES (34, 117, 34, 150);

INSERT INTO FIDE_INVENTARIO_TB (INVENTARIO_ID, HOTEL_ID, SUMINISTRO_ID, CANTIDAD_DISPONIBLE)
VALUES (35, 118, 35, 100);

INSERT INTO FIDE_INVENTARIO_TB (INVENTARIO_ID, HOTEL_ID, SUMINISTRO_ID, CANTIDAD_DISPONIBLE)
VALUES (36, 118, 36, 60);

INSERT INTO FIDE_INVENTARIO_TB (INVENTARIO_ID, HOTEL_ID, SUMINISTRO_ID, CANTIDAD_DISPONIBLE)
VALUES (37, 119, 37, 80);

INSERT INTO FIDE_INVENTARIO_TB (INVENTARIO_ID, HOTEL_ID, SUMINISTRO_ID, CANTIDAD_DISPONIBLE)
VALUES (38, 119, 38, 90);

INSERT INTO FIDE_INVENTARIO_TB (INVENTARIO_ID, HOTEL_ID, SUMINISTRO_ID, CANTIDAD_DISPONIBLE)
VALUES (39, 120, 39, 50);

INSERT INTO FIDE_INVENTARIO_TB (INVENTARIO_ID, HOTEL_ID, SUMINISTRO_ID, CANTIDAD_DISPONIBLE)
VALUES (40, 120, 40, 40);

INSERT INTO FIDE_INVENTARIO_TB (INVENTARIO_ID, HOTEL_ID, SUMINISTRO_ID, CANTIDAD_DISPONIBLE)
VALUES (41, 121, 41, 500);

INSERT INTO FIDE_INVENTARIO_TB (INVENTARIO_ID, HOTEL_ID, SUMINISTRO_ID, CANTIDAD_DISPONIBLE)
VALUES (42, 121, 42, 300);

INSERT INTO FIDE_INVENTARIO_TB (INVENTARIO_ID, HOTEL_ID, SUMINISTRO_ID, CANTIDAD_DISPONIBLE)
VALUES (43, 122, 43, 200);

INSERT INTO FIDE_INVENTARIO_TB (INVENTARIO_ID, HOTEL_ID, SUMINISTRO_ID, CANTIDAD_DISPONIBLE)
VALUES (44, 122, 44, 100);

INSERT INTO FIDE_INVENTARIO_TB (INVENTARIO_ID, HOTEL_ID, SUMINISTRO_ID, CANTIDAD_DISPONIBLE)
VALUES (45, 123, 45, 250);

INSERT INTO FIDE_INVENTARIO_TB (INVENTARIO_ID, HOTEL_ID, SUMINISTRO_ID, CANTIDAD_DISPONIBLE)
VALUES (46, 123, 46, 150);

INSERT INTO FIDE_INVENTARIO_TB (INVENTARIO_ID, HOTEL_ID, SUMINISTRO_ID, CANTIDAD_DISPONIBLE)
VALUES (47, 124, 47, 75);

INSERT INTO FIDE_INVENTARIO_TB (INVENTARIO_ID, HOTEL_ID, SUMINISTRO_ID, CANTIDAD_DISPONIBLE)
VALUES (48, 124, 48, 50);

INSERT INTO FIDE_INVENTARIO_TB (INVENTARIO_ID, HOTEL_ID, SUMINISTRO_ID, CANTIDAD_DISPONIBLE)
VALUES (49, 125, 49, 90);

INSERT INTO FIDE_INVENTARIO_TB (INVENTARIO_ID, HOTEL_ID, SUMINISTRO_ID, CANTIDAD_DISPONIBLE)
VALUES (50, 125, 50, 30);

INSERT INTO FIDE_INVENTARIO_TB (INVENTARIO_ID, HOTEL_ID, SUMINISTRO_ID, CANTIDAD_DISPONIBLE)
VALUES (51, 126, 1, 400);

INSERT INTO FIDE_INVENTARIO_TB (INVENTARIO_ID, HOTEL_ID, SUMINISTRO_ID, CANTIDAD_DISPONIBLE)
VALUES (52, 126, 2, 250);

INSERT INTO FIDE_INVENTARIO_TB (INVENTARIO_ID, HOTEL_ID, SUMINISTRO_ID, CANTIDAD_DISPONIBLE)
VALUES (53, 127, 3, 150);

INSERT INTO FIDE_INVENTARIO_TB (INVENTARIO_ID, HOTEL_ID, SUMINISTRO_ID, CANTIDAD_DISPONIBLE)
VALUES (54, 127, 4, 200);

INSERT INTO FIDE_INVENTARIO_TB (INVENTARIO_ID, HOTEL_ID, SUMINISTRO_ID, CANTIDAD_DISPONIBLE)
VALUES (55, 128, 5, 300);

INSERT INTO FIDE_INVENTARIO_TB (INVENTARIO_ID, HOTEL_ID, SUMINISTRO_ID, CANTIDAD_DISPONIBLE)
VALUES (56, 128, 6, 120);

INSERT INTO FIDE_INVENTARIO_TB (INVENTARIO_ID, HOTEL_ID, SUMINISTRO_ID, CANTIDAD_DISPONIBLE)
VALUES (57, 129, 7, 90);

INSERT INTO FIDE_INVENTARIO_TB (INVENTARIO_ID, HOTEL_ID, SUMINISTRO_ID, CANTIDAD_DISPONIBLE)
VALUES (58, 129, 8, 75);

INSERT INTO FIDE_INVENTARIO_TB (INVENTARIO_ID, HOTEL_ID, SUMINISTRO_ID, CANTIDAD_DISPONIBLE)
VALUES (59, 130, 9, 60);

INSERT INTO FIDE_INVENTARIO_TB (INVENTARIO_ID, HOTEL_ID, SUMINISTRO_ID, CANTIDAD_DISPONIBLE)
VALUES (60, 130, 10, 40);

INSERT INTO FIDE_INVENTARIO_TB (INVENTARIO_ID, HOTEL_ID, SUMINISTRO_ID, CANTIDAD_DISPONIBLE)
VALUES (61, 131, 11, 25);

INSERT INTO FIDE_INVENTARIO_TB (INVENTARIO_ID, HOTEL_ID, SUMINISTRO_ID, CANTIDAD_DISPONIBLE)
VALUES (62, 131, 12, 15);

INSERT INTO FIDE_INVENTARIO_TB (INVENTARIO_ID, HOTEL_ID, SUMINISTRO_ID, CANTIDAD_DISPONIBLE)
VALUES (63, 132, 13, 300);

INSERT INTO FIDE_INVENTARIO_TB (INVENTARIO_ID, HOTEL_ID, SUMINISTRO_ID, CANTIDAD_DISPONIBLE)
VALUES (64, 132, 14, 200);

INSERT INTO FIDE_INVENTARIO_TB (INVENTARIO_ID, HOTEL_ID, SUMINISTRO_ID, CANTIDAD_DISPONIBLE)
VALUES (65, 133, 15, 150);

INSERT INTO FIDE_INVENTARIO_TB (INVENTARIO_ID, HOTEL_ID, SUMINISTRO_ID, CANTIDAD_DISPONIBLE)
VALUES (66, 133, 16, 100);

INSERT INTO FIDE_INVENTARIO_TB (INVENTARIO_ID, HOTEL_ID, SUMINISTRO_ID, CANTIDAD_DISPONIBLE)
VALUES (67, 134, 17, 80);

INSERT INTO FIDE_INVENTARIO_TB (INVENTARIO_ID, HOTEL_ID, SUMINISTRO_ID, CANTIDAD_DISPONIBLE)
VALUES (68, 134, 18, 75);

INSERT INTO FIDE_INVENTARIO_TB (INVENTARIO_ID, HOTEL_ID, SUMINISTRO_ID, CANTIDAD_DISPONIBLE)
VALUES (69, 135, 19, 60);

INSERT INTO FIDE_INVENTARIO_TB (INVENTARIO_ID, HOTEL_ID, SUMINISTRO_ID, CANTIDAD_DISPONIBLE)
VALUES (70, 135, 20, 55);

INSERT INTO FIDE_INVENTARIO_TB (INVENTARIO_ID, HOTEL_ID, SUMINISTRO_ID, CANTIDAD_DISPONIBLE)
VALUES (71, 136, 21, 500);

INSERT INTO FIDE_INVENTARIO_TB (INVENTARIO_ID, HOTEL_ID, SUMINISTRO_ID, CANTIDAD_DISPONIBLE)
VALUES (72, 136, 22, 450);

INSERT INTO FIDE_INVENTARIO_TB (INVENTARIO_ID, HOTEL_ID, SUMINISTRO_ID, CANTIDAD_DISPONIBLE)
VALUES (73, 137, 23, 300);

INSERT INTO FIDE_INVENTARIO_TB (INVENTARIO_ID, HOTEL_ID, SUMINISTRO_ID, CANTIDAD_DISPONIBLE)
VALUES (74, 137, 24, 250);

INSERT INTO FIDE_INVENTARIO_TB (INVENTARIO_ID, HOTEL_ID, SUMINISTRO_ID, CANTIDAD_DISPONIBLE)
VALUES (75, 138, 25, 200);

INSERT INTO FIDE_INVENTARIO_TB (INVENTARIO_ID, HOTEL_ID, SUMINISTRO_ID, CANTIDAD_DISPONIBLE)
VALUES (76, 138, 26, 150);

INSERT INTO FIDE_INVENTARIO_TB (INVENTARIO_ID, HOTEL_ID, SUMINISTRO_ID, CANTIDAD_DISPONIBLE)
VALUES (77, 139, 27, 120);

INSERT INTO FIDE_INVENTARIO_TB (INVENTARIO_ID, HOTEL_ID, SUMINISTRO_ID, CANTIDAD_DISPONIBLE)
VALUES (78, 139, 28, 100);

INSERT INTO FIDE_INVENTARIO_TB (INVENTARIO_ID, HOTEL_ID, SUMINISTRO_ID, CANTIDAD_DISPONIBLE)
VALUES (79, 140, 29, 75);

INSERT INTO FIDE_INVENTARIO_TB (INVENTARIO_ID, HOTEL_ID, SUMINISTRO_ID, CANTIDAD_DISPONIBLE)
VALUES (80, 140, 30, 50);

INSERT INTO FIDE_INVENTARIO_TB (INVENTARIO_ID, HOTEL_ID, SUMINISTRO_ID, CANTIDAD_DISPONIBLE)
VALUES (81, 141, 31, 500);

INSERT INTO FIDE_INVENTARIO_TB (INVENTARIO_ID, HOTEL_ID, SUMINISTRO_ID, CANTIDAD_DISPONIBLE)
VALUES (82, 141, 32, 400);

INSERT INTO FIDE_INVENTARIO_TB (INVENTARIO_ID, HOTEL_ID, SUMINISTRO_ID, CANTIDAD_DISPONIBLE)
VALUES (83, 142, 33, 300);

INSERT INTO FIDE_INVENTARIO_TB (INVENTARIO_ID, HOTEL_ID, SUMINISTRO_ID, CANTIDAD_DISPONIBLE)
VALUES (84, 142, 34, 250);

INSERT INTO FIDE_INVENTARIO_TB (INVENTARIO_ID, HOTEL_ID, SUMINISTRO_ID, CANTIDAD_DISPONIBLE)
VALUES (85, 143, 35, 200);

INSERT INTO FIDE_INVENTARIO_TB (INVENTARIO_ID, HOTEL_ID, SUMINISTRO_ID, CANTIDAD_DISPONIBLE)
VALUES (86, 143, 36, 150);

INSERT INTO FIDE_INVENTARIO_TB (INVENTARIO_ID, HOTEL_ID, SUMINISTRO_ID, CANTIDAD_DISPONIBLE)
VALUES (87, 144, 37, 120);

INSERT INTO FIDE_INVENTARIO_TB (INVENTARIO_ID, HOTEL_ID, SUMINISTRO_ID, CANTIDAD_DISPONIBLE)
VALUES (88, 144, 38, 100);

INSERT INTO FIDE_INVENTARIO_TB (INVENTARIO_ID, HOTEL_ID, SUMINISTRO_ID, CANTIDAD_DISPONIBLE)
VALUES (89, 145, 39, 75);

INSERT INTO FIDE_INVENTARIO_TB (INVENTARIO_ID, HOTEL_ID, SUMINISTRO_ID, CANTIDAD_DISPONIBLE)
VALUES (90, 145, 40, 60);

INSERT INTO FIDE_INVENTARIO_TB (INVENTARIO_ID, HOTEL_ID, SUMINISTRO_ID, CANTIDAD_DISPONIBLE)
VALUES (91, 146, 41, 550);

INSERT INTO FIDE_INVENTARIO_TB (INVENTARIO_ID, HOTEL_ID, SUMINISTRO_ID, CANTIDAD_DISPONIBLE)
VALUES (92, 146, 42, 450);

INSERT INTO FIDE_INVENTARIO_TB (INVENTARIO_ID, HOTEL_ID, SUMINISTRO_ID, CANTIDAD_DISPONIBLE)
VALUES (93, 147, 43, 350);

INSERT INTO FIDE_INVENTARIO_TB (INVENTARIO_ID, HOTEL_ID, SUMINISTRO_ID, CANTIDAD_DISPONIBLE)
VALUES (94, 147, 44, 250);

INSERT INTO FIDE_INVENTARIO_TB (INVENTARIO_ID, HOTEL_ID, SUMINISTRO_ID, CANTIDAD_DISPONIBLE)
VALUES (95, 148, 45, 200);

INSERT INTO FIDE_INVENTARIO_TB (INVENTARIO_ID, HOTEL_ID, SUMINISTRO_ID, CANTIDAD_DISPONIBLE)
VALUES (96, 148, 46, 150);

INSERT INTO FIDE_INVENTARIO_TB (INVENTARIO_ID, HOTEL_ID, SUMINISTRO_ID, CANTIDAD_DISPONIBLE)
VALUES (97, 149, 47, 120);

INSERT INTO FIDE_INVENTARIO_TB (INVENTARIO_ID, HOTEL_ID, SUMINISTRO_ID, CANTIDAD_DISPONIBLE)
VALUES (98, 149, 48, 100);

INSERT INTO FIDE_INVENTARIO_TB (INVENTARIO_ID, HOTEL_ID, SUMINISTRO_ID, CANTIDAD_DISPONIBLE)
VALUES (99, 150, 49, 75);

INSERT INTO FIDE_INVENTARIO_TB (INVENTARIO_ID, HOTEL_ID, SUMINISTRO_ID, CANTIDAD_DISPONIBLE)
VALUES (100, 150, 50, 50);

--INSERTS TABLA SERVICIO ADICIONAL
INSERT INTO FIDE_SERVICIO_ADICIONAL_TB (SERVICIO_ID, NOMBRE, DESCRIPCION, PRECIO)
VALUES (1, 'Spa', 'Acceso al spa y tratamientos relajantes.', 50.00);

INSERT INTO FIDE_SERVICIO_ADICIONAL_TB (SERVICIO_ID, NOMBRE, DESCRIPCION, PRECIO)
VALUES (2, 'Desayuno Buffet', 'Desayuno tipo buffet con opciones variadas.', 15.00);

INSERT INTO FIDE_SERVICIO_ADICIONAL_TB (SERVICIO_ID, NOMBRE, DESCRIPCION, PRECIO)
VALUES (3, 'Cena Gourmet', 'Cena gourmet con opciones de menú internacional.', 40.00);

INSERT INTO FIDE_SERVICIO_ADICIONAL_TB (SERVICIO_ID, NOMBRE, DESCRIPCION, PRECIO)
VALUES (4, 'Transporte Aeropuerto', 'Transporte privado desde/hacia el aeropuerto.', 30.00);

INSERT INTO FIDE_SERVICIO_ADICIONAL_TB (SERVICIO_ID, NOMBRE, DESCRIPCION, PRECIO)
VALUES (5, 'Excursiones', 'Excursiones locales con guías certificados.', 60.00);

INSERT INTO FIDE_SERVICIO_ADICIONAL_TB (SERVICIO_ID, NOMBRE, DESCRIPCION, PRECIO)
VALUES (6, 'Servicio de Lavandería', 'Lavado y planchado de ropa.', 20.00);

INSERT INTO FIDE_SERVICIO_ADICIONAL_TB (SERVICIO_ID, NOMBRE, DESCRIPCION, PRECIO)
VALUES (7, 'Acceso al Gimnasio', 'Acceso ilimitado al gimnasio del hotel.', 10.00);

INSERT INTO FIDE_SERVICIO_ADICIONAL_TB (SERVICIO_ID, NOMBRE, DESCRIPCION, PRECIO)
VALUES (8, 'Servicio a la Habitación', 'Servicio a la habitación disponible las 24 horas.', 5.00);

INSERT INTO FIDE_SERVICIO_ADICIONAL_TB (SERVICIO_ID, NOMBRE, DESCRIPCION, PRECIO)
VALUES (9, 'Estacionamiento', 'Estacionamiento privado y seguro.', 8.00);

INSERT INTO FIDE_SERVICIO_ADICIONAL_TB (SERVICIO_ID, NOMBRE, DESCRIPCION, PRECIO)
VALUES (10, 'Acceso a la Piscina', 'Acceso a la piscina con áreas recreativas.', 12.00);

INSERT INTO FIDE_SERVICIO_ADICIONAL_TB (SERVICIO_ID, NOMBRE, DESCRIPCION, PRECIO)
VALUES (11, 'Masajes', 'Sesiones de masajes terapéuticos.', 45.00);

INSERT INTO FIDE_SERVICIO_ADICIONAL_TB (SERVICIO_ID, NOMBRE, DESCRIPCION, PRECIO)
VALUES (12, 'Tours en Bicicleta', 'Tours guiados en bicicleta por la zona.', 25.00);

INSERT INTO FIDE_SERVICIO_ADICIONAL_TB (SERVICIO_ID, NOMBRE, DESCRIPCION, PRECIO)
VALUES (13, 'Cenas Temáticas', 'Cenas con temáticas culturales y entretenimiento.', 35.00);

INSERT INTO FIDE_SERVICIO_ADICIONAL_TB (SERVICIO_ID, NOMBRE, DESCRIPCION, PRECIO)
VALUES (14, 'Alquiler de Bicicletas', 'Alquiler de bicicletas para explorar la ciudad.', 15.00);

INSERT INTO FIDE_SERVICIO_ADICIONAL_TB (SERVICIO_ID, NOMBRE, DESCRIPCION, PRECIO)
VALUES (15, 'Eventos Corporativos', 'Espacios y servicios para reuniones empresariales.', 100.00);

INSERT INTO FIDE_SERVICIO_ADICIONAL_TB (SERVICIO_ID, NOMBRE, DESCRIPCION, PRECIO)
VALUES (16, 'Banquetes', 'Organización de banquetes para eventos especiales.', 120.00);

INSERT INTO FIDE_SERVICIO_ADICIONAL_TB (SERVICIO_ID, NOMBRE, DESCRIPCION, PRECIO)
VALUES (17, 'Cuidado Infantil', 'Servicio de niñera y actividades para niños.', 25.00);

INSERT INTO FIDE_SERVICIO_ADICIONAL_TB (SERVICIO_ID, NOMBRE, DESCRIPCION, PRECIO)
VALUES (18, 'Clases de Yoga', 'Clases de yoga con instructor certificado.', 18.00);

INSERT INTO FIDE_SERVICIO_ADICIONAL_TB (SERVICIO_ID, NOMBRE, DESCRIPCION, PRECIO)
VALUES (19, 'Cocteles en la Piscina', 'Cocteles y snacks en el área de piscina.', 10.00);

INSERT INTO FIDE_SERVICIO_ADICIONAL_TB (SERVICIO_ID, NOMBRE, DESCRIPCION, PRECIO)
VALUES (20, 'Fotografía Profesional', 'Sesiones de fotografía profesional.', 80.00);

-- Nuevos inserts para FIDE_SERVICIO_ADICIONAL_TB
INSERT INTO FIDE_SERVICIO_ADICIONAL_TB (SERVICIO_ID, NOMBRE, DESCRIPCION, PRECIO)
VALUES (21, 'Clases de Natación', 'Clases de natación con instructor certificado.', 30.00);

INSERT INTO FIDE_SERVICIO_ADICIONAL_TB (SERVICIO_ID, NOMBRE, DESCRIPCION, PRECIO)
VALUES (22, 'Cena Romántica', 'Cena romántica para dos con decoración especial.', 50.00);

INSERT INTO FIDE_SERVICIO_ADICIONAL_TB (SERVICIO_ID, NOMBRE, DESCRIPCION, PRECIO)
VALUES (23, 'Tour Gastronómico', 'Tour por los mejores restaurantes locales.', 70.00);

INSERT INTO FIDE_SERVICIO_ADICIONAL_TB (SERVICIO_ID, NOMBRE, DESCRIPCION, PRECIO)
VALUES (24, 'Alquiler de Autos', 'Alquiler de vehículos para transporte personal.', 90.00);

INSERT INTO FIDE_SERVICIO_ADICIONAL_TB (SERVICIO_ID, NOMBRE, DESCRIPCION, PRECIO)
VALUES (25, 'Servicio de Cafetería', 'Bebidas y snacks disponibles en la habitación.', 8.00);

INSERT INTO FIDE_SERVICIO_ADICIONAL_TB (SERVICIO_ID, NOMBRE, DESCRIPCION, PRECIO)
VALUES (26, 'Eventos Sociales', 'Organización de bodas y eventos familiares.', 150.00);

INSERT INTO FIDE_SERVICIO_ADICIONAL_TB (SERVICIO_ID, NOMBRE, DESCRIPCION, PRECIO)
VALUES (27, 'Excursiones Acuáticas', 'Tours en kayak y actividades acuáticas.', 45.00);

INSERT INTO FIDE_SERVICIO_ADICIONAL_TB (SERVICIO_ID, NOMBRE, DESCRIPCION, PRECIO)
VALUES (28, 'Servicio de Concierge', 'Asistencia personalizada para reservas y actividades.', 20.00);

INSERT INTO FIDE_SERVICIO_ADICIONAL_TB (SERVICIO_ID, NOMBRE, DESCRIPCION, PRECIO)
VALUES (29, 'Alquiler de Equipos Deportivos', 'Alquiler de raquetas, pelotas y más.', 15.00);

INSERT INTO FIDE_SERVICIO_ADICIONAL_TB (SERVICIO_ID, NOMBRE, DESCRIPCION, PRECIO)
VALUES (30, 'Mini Bar', 'Acceso a bebidas y snacks en el minibar.', 12.00);

INSERT INTO FIDE_SERVICIO_ADICIONAL_TB (SERVICIO_ID, NOMBRE, DESCRIPCION, PRECIO)
VALUES (31, 'Asistencia Médica', 'Atención médica disponible las 24 horas.', 50.00);

INSERT INTO FIDE_SERVICIO_ADICIONAL_TB (SERVICIO_ID, NOMBRE, DESCRIPCION, PRECIO)
VALUES (32, 'Cuidado de Mascotas', 'Servicio de guardería para mascotas.', 25.00);

INSERT INTO FIDE_SERVICIO_ADICIONAL_TB (SERVICIO_ID, NOMBRE, DESCRIPCION, PRECIO)
VALUES (33, 'Talleres Culturales', 'Clases de cocina, arte y cultura local.', 30.00);

INSERT INTO FIDE_SERVICIO_ADICIONAL_TB (SERVICIO_ID, NOMBRE, DESCRIPCION, PRECIO)
VALUES (34, 'Acceso a la Sala de Juegos', 'Sala de videojuegos y juegos de mesa.', 15.00);

INSERT INTO FIDE_SERVICIO_ADICIONAL_TB (SERVICIO_ID, NOMBRE, DESCRIPCION, PRECIO)
VALUES (35, 'Alquiler de Drones', 'Alquiler de drones para fotografía y video.', 75.00);

INSERT INTO FIDE_SERVICIO_ADICIONAL_TB (SERVICIO_ID, NOMBRE, DESCRIPCION, PRECIO)
VALUES (36, 'Clases de Baile', 'Clases de salsa, tango y más.', 20.00);

INSERT INTO FIDE_SERVICIO_ADICIONAL_TB (SERVICIO_ID, NOMBRE, DESCRIPCION, PRECIO)
VALUES (37, 'Excursiones Nocturnas', 'Exploración guiada de la ciudad por la noche.', 35.00);

INSERT INTO FIDE_SERVICIO_ADICIONAL_TB (SERVICIO_ID, NOMBRE, DESCRIPCION, PRECIO)
VALUES (38, 'Paseos en Barco', 'Tours en barco por ríos o lagos cercanos.', 60.00);

INSERT INTO FIDE_SERVICIO_ADICIONAL_TB (SERVICIO_ID, NOMBRE, DESCRIPCION, PRECIO)
VALUES (39, 'Taller de Fotografía', 'Clases de fotografía para principiantes.', 25.00);

INSERT INTO FIDE_SERVICIO_ADICIONAL_TB (SERVICIO_ID, NOMBRE, DESCRIPCION, PRECIO)
VALUES (40, 'Taller de Pintura', 'Clases de pintura para todas las edades.', 20.00);

INSERT INTO FIDE_SERVICIO_ADICIONAL_TB (SERVICIO_ID, NOMBRE, DESCRIPCION, PRECIO)
VALUES (41, 'Taller de Manualidades', 'Actividades de manualidades para niños y adultos.', 15.00);

INSERT INTO FIDE_SERVICIO_ADICIONAL_TB (SERVICIO_ID, NOMBRE, DESCRIPCION, PRECIO)
VALUES (42, 'Eventos Musicales', 'Conciertos y presentaciones en vivo.', 50.00);

INSERT INTO FIDE_SERVICIO_ADICIONAL_TB (SERVICIO_ID, NOMBRE, DESCRIPCION, PRECIO)
VALUES (43, 'Acceso a Biblioteca', 'Acceso a libros y materiales de lectura.', 10.00);

INSERT INTO FIDE_SERVICIO_ADICIONAL_TB (SERVICIO_ID, NOMBRE, DESCRIPCION, PRECIO)
VALUES (44, 'Clases de Idiomas', 'Clases intensivas de idiomas locales.', 40.00);

INSERT INTO FIDE_SERVICIO_ADICIONAL_TB (SERVICIO_ID, NOMBRE, DESCRIPCION, PRECIO)
VALUES (45, 'Servicios de Spa Premium', 'Tratamientos exclusivos de spa.', 100.00);

INSERT INTO FIDE_SERVICIO_ADICIONAL_TB (SERVICIO_ID, NOMBRE, DESCRIPCION, PRECIO)
VALUES (46, 'Decoración para Eventos', 'Decoración personalizada para eventos.', 120.00);

INSERT INTO FIDE_SERVICIO_ADICIONAL_TB (SERVICIO_ID, NOMBRE, DESCRIPCION, PRECIO)
VALUES (47, 'Servicio de Té', 'Variedad de tés servidos en la habitación.', 10.00);

INSERT INTO FIDE_SERVICIO_ADICIONAL_TB (SERVICIO_ID, NOMBRE, DESCRIPCION, PRECIO)
VALUES (48, 'Degustaciones de Vinos', 'Catas de vinos internacionales.', 50.00);

INSERT INTO FIDE_SERVICIO_ADICIONAL_TB (SERVICIO_ID, NOMBRE, DESCRIPCION, PRECIO)
VALUES (49, 'Excursiones Fotográficas', 'Tours diseñados para amantes de la fotografía.', 60.00);

INSERT INTO FIDE_SERVICIO_ADICIONAL_TB (SERVICIO_ID, NOMBRE, DESCRIPCION, PRECIO)
VALUES (50, 'Sesiones de Meditación', 'Clases guiadas de meditación.', 15.00);

INSERT INTO FIDE_SERVICIO_ADICIONAL_TB (SERVICIO_ID, NOMBRE, DESCRIPCION, PRECIO)
VALUES (51, 'Estancias Prolongadas', 'Ofertas especiales para estadías largas.', 200.00);

INSERT INTO FIDE_SERVICIO_ADICIONAL_TB (SERVICIO_ID, NOMBRE, DESCRIPCION, PRECIO)
VALUES (52, 'Guías Turísticos', 'Guías profesionales para recorridos personalizados.', 40.00);

INSERT INTO FIDE_SERVICIO_ADICIONAL_TB (SERVICIO_ID, NOMBRE, DESCRIPCION, PRECIO)
VALUES (53, 'Cuidado Personal', 'Productos de belleza y cuidado personal.', 30.00);

INSERT INTO FIDE_SERVICIO_ADICIONAL_TB (SERVICIO_ID, NOMBRE, DESCRIPCION, PRECIO)
VALUES (54, 'Actividades Infantiles', 'Juegos y actividades supervisadas para niños.', 20.00);

INSERT INTO FIDE_SERVICIO_ADICIONAL_TB (SERVICIO_ID, NOMBRE, DESCRIPCION, PRECIO)
VALUES (55, 'Bebidas Premium', 'Selección de bebidas premium en el bar.', 50.00);

INSERT INTO FIDE_SERVICIO_ADICIONAL_TB (SERVICIO_ID, NOMBRE, DESCRIPCION, PRECIO)
VALUES (56, 'Taller de Cocina Local', 'Aprende a preparar platillos locales.', 35.00);

INSERT INTO FIDE_SERVICIO_ADICIONAL_TB (SERVICIO_ID, NOMBRE, DESCRIPCION, PRECIO)
VALUES (57, 'Clases de Surf', 'Clases de surf para principiantes y avanzados.', 80.00);

INSERT INTO FIDE_SERVICIO_ADICIONAL_TB (SERVICIO_ID, NOMBRE, DESCRIPCION, PRECIO)
VALUES (58, 'Alquiler de Motocicletas', 'Explora la ciudad en motocicleta.', 100.00);

INSERT INTO FIDE_SERVICIO_ADICIONAL_TB (SERVICIO_ID, NOMBRE, DESCRIPCION, PRECIO)
VALUES (59, 'Viajes en Globo Aerostático', 'Experimenta vistas impresionantes desde el aire.', 300.00);

INSERT INTO FIDE_SERVICIO_ADICIONAL_TB (SERVICIO_ID, NOMBRE, DESCRIPCION, PRECIO)
VALUES (60, 'Entrenador Personal', 'Entrenamiento personalizado en el gimnasio.', 50.00);

INSERT INTO FIDE_SERVICIO_ADICIONAL_TB (SERVICIO_ID, NOMBRE, DESCRIPCION, PRECIO)
VALUES (61, 'Clases de Zumba', 'Sesiones de zumba grupales con instructor.', 20.00);

INSERT INTO FIDE_SERVICIO_ADICIONAL_TB (SERVICIO_ID, NOMBRE, DESCRIPCION, PRECIO)
VALUES (62, 'Servicio de Floristería', 'Arreglos florales personalizados.', 35.00);

INSERT INTO FIDE_SERVICIO_ADICIONAL_TB (SERVICIO_ID, NOMBRE, DESCRIPCION, PRECIO)
VALUES (63, 'Desayuno en la Habitación', 'Servicio de desayuno directamente a la habitación.', 25.00);

INSERT INTO FIDE_SERVICIO_ADICIONAL_TB (SERVICIO_ID, NOMBRE, DESCRIPCION, PRECIO)
VALUES (64, 'Planificación de Bodas', 'Servicio integral para bodas en el hotel.', 500.00);

INSERT INTO FIDE_SERVICIO_ADICIONAL_TB (SERVICIO_ID, NOMBRE, DESCRIPCION, PRECIO)
VALUES (65, 'Tours en Helicóptero', 'Vuelos panorámicos sobre la ciudad.', 250.00);

INSERT INTO FIDE_SERVICIO_ADICIONAL_TB (SERVICIO_ID, NOMBRE, DESCRIPCION, PRECIO)
VALUES (66, 'Cenas Privadas', 'Cenas exclusivas con chef privado.', 150.00);

INSERT INTO FIDE_SERVICIO_ADICIONAL_TB (SERVICIO_ID, NOMBRE, DESCRIPCION, PRECIO)
VALUES (67, 'Excursiones en Montaña', 'Rutas guiadas por montañas cercanas.', 60.00);

INSERT INTO FIDE_SERVICIO_ADICIONAL_TB (SERVICIO_ID, NOMBRE, DESCRIPCION, PRECIO)
VALUES (68, 'Tratamientos Faciales', 'Tratamientos de cuidado y limpieza facial.', 50.00);

INSERT INTO FIDE_SERVICIO_ADICIONAL_TB (SERVICIO_ID, NOMBRE, DESCRIPCION, PRECIO)
VALUES (69, 'Tour Histórico', 'Recorrido guiado por sitios históricos locales.', 30.00);

INSERT INTO FIDE_SERVICIO_ADICIONAL_TB (SERVICIO_ID, NOMBRE, DESCRIPCION, PRECIO)
VALUES (70, 'Taller de Mixología', 'Aprende a preparar cocteles con expertos.', 40.00);

INSERT INTO FIDE_SERVICIO_ADICIONAL_TB (SERVICIO_ID, NOMBRE, DESCRIPCION, PRECIO)
VALUES (71, 'Asesoría de Moda', 'Servicio personalizado de estilo y moda.', 70.00);

INSERT INTO FIDE_SERVICIO_ADICIONAL_TB (SERVICIO_ID, NOMBRE, DESCRIPCION, PRECIO)
VALUES (72, 'Servicio de Planchado', 'Prensado profesional de prendas.', 15.00);

INSERT INTO FIDE_SERVICIO_ADICIONAL_TB (SERVICIO_ID, NOMBRE, DESCRIPCION, PRECIO)
VALUES (73, 'Decoración Romántica', 'Decoración especial para aniversarios y ocasiones especiales.', 60.00);

INSERT INTO FIDE_SERVICIO_ADICIONAL_TB (SERVICIO_ID, NOMBRE, DESCRIPCION, PRECIO)
VALUES (74, 'Paquete Todo Incluido', 'Incluye acceso a todos los servicios del hotel.', 200.00);

INSERT INTO FIDE_SERVICIO_ADICIONAL_TB (SERVICIO_ID, NOMBRE, DESCRIPCION, PRECIO)
VALUES (75, 'Entrenamiento en Yoga', 'Sesiones privadas de yoga con instructor.', 50.00);

INSERT INTO FIDE_SERVICIO_ADICIONAL_TB (SERVICIO_ID, NOMBRE, DESCRIPCION, PRECIO)
VALUES (76, 'Peluquería', 'Corte, peinado y otros servicios de belleza.', 40.00);

INSERT INTO FIDE_SERVICIO_ADICIONAL_TB (SERVICIO_ID, NOMBRE, DESCRIPCION, PRECIO)
VALUES (77, 'Fotografía de Eventos', 'Sesiones de fotografía profesional para eventos.', 100.00);

INSERT INTO FIDE_SERVICIO_ADICIONAL_TB (SERVICIO_ID, NOMBRE, DESCRIPCION, PRECIO)
VALUES (78, 'Catas de Chocolate', 'Catas guiadas con chocolates locales.', 35.00);

INSERT INTO FIDE_SERVICIO_ADICIONAL_TB (SERVICIO_ID, NOMBRE, DESCRIPCION, PRECIO)
VALUES (79, 'Transporte VIP', 'Servicio de transporte exclusivo de lujo.', 200.00);

INSERT INTO FIDE_SERVICIO_ADICIONAL_TB (SERVICIO_ID, NOMBRE, DESCRIPCION, PRECIO)
VALUES (80, 'Cocteles Personalizados', 'Preparación de cocteles exclusivos.', 25.00);

INSERT INTO FIDE_SERVICIO_ADICIONAL_TB (SERVICIO_ID, NOMBRE, DESCRIPCION, PRECIO)
VALUES (81, 'Decoración Navideña', 'Decoración de habitaciones con temática navideña.', 50.00);

INSERT INTO FIDE_SERVICIO_ADICIONAL_TB (SERVICIO_ID, NOMBRE, DESCRIPCION, PRECIO)
VALUES (82, 'Servicio de Alquiler de Trajes', 'Trajes y vestidos para eventos especiales.', 80.00);

INSERT INTO FIDE_SERVICIO_ADICIONAL_TB (SERVICIO_ID, NOMBRE, DESCRIPCION, PRECIO)
VALUES (83, 'Excursión de Pesca', 'Excursión guiada para pesca recreativa.', 75.00);

INSERT INTO FIDE_SERVICIO_ADICIONAL_TB (SERVICIO_ID, NOMBRE, DESCRIPCION, PRECIO)
VALUES (84, 'Cena con Chef Invitado', 'Experiencia culinaria con chefs destacados.', 200.00);

INSERT INTO FIDE_SERVICIO_ADICIONAL_TB (SERVICIO_ID, NOMBRE, DESCRIPCION, PRECIO)
VALUES (85, 'Servicios de Traducción', 'Traducción personalizada para huéspedes internacionales.', 50.00);

INSERT INTO FIDE_SERVICIO_ADICIONAL_TB (SERVICIO_ID, NOMBRE, DESCRIPCION, PRECIO)
VALUES (86, 'Cenas Culturales', 'Cenas temáticas basadas en culturas locales.', 60.00);

INSERT INTO FIDE_SERVICIO_ADICIONAL_TB (SERVICIO_ID, NOMBRE, DESCRIPCION, PRECIO)
VALUES (87, 'Actividades para Grupos', 'Actividades recreativas grupales organizadas.', 100.00);

INSERT INTO FIDE_SERVICIO_ADICIONAL_TB (SERVICIO_ID, NOMBRE, DESCRIPCION, PRECIO)
VALUES (88, 'Servicio de Guarda Equipaje', 'Almacenamiento seguro de equipaje.', 10.00);

INSERT INTO FIDE_SERVICIO_ADICIONAL_TB (SERVICIO_ID, NOMBRE, DESCRIPCION, PRECIO)
VALUES (89, 'Tour en Vehículos Todo Terreno', 'Recorrido por terrenos difíciles con guías expertos.', 120.00);

INSERT INTO FIDE_SERVICIO_ADICIONAL_TB (SERVICIO_ID, NOMBRE, DESCRIPCION, PRECIO)
VALUES (90, 'Servicios de Alquiler de Juguetes', 'Opciones para entretenimiento de niños.', 15.00);

INSERT INTO FIDE_SERVICIO_ADICIONAL_TB (SERVICIO_ID, NOMBRE, DESCRIPCION, PRECIO)
VALUES (91, 'Clases de Cocina Gourmet', 'Aprende recetas exclusivas con chefs expertos.', 70.00);

INSERT INTO FIDE_SERVICIO_ADICIONAL_TB (SERVICIO_ID, NOMBRE, DESCRIPCION, PRECIO)
VALUES (92, 'Tratamiento Capilar', 'Cuidado intensivo para el cabello.', 30.00);

INSERT INTO FIDE_SERVICIO_ADICIONAL_TB (SERVICIO_ID, NOMBRE, DESCRIPCION, PRECIO)
VALUES (93, 'Excursión en Islas', 'Tours guiados por islas cercanas.', 120.00);

INSERT INTO FIDE_SERVICIO_ADICIONAL_TB (SERVICIO_ID, NOMBRE, DESCRIPCION, PRECIO)
VALUES (94, 'Juegos Virtuales', 'Acceso a juegos de realidad virtual.', 20.00);

INSERT INTO FIDE_SERVICIO_ADICIONAL_TB (SERVICIO_ID, NOMBRE, DESCRIPCION, PRECIO)
VALUES (95, 'Clases de Esquí Acuático', 'Entrenamiento para disfrutar de este deporte.', 90.00);

INSERT INTO FIDE_SERVICIO_ADICIONAL_TB (SERVICIO_ID, NOMBRE, DESCRIPCION, PRECIO)
VALUES (96, 'Servicio de Sommelier', 'Asesoramiento en selección de vinos.', 50.00);

INSERT INTO FIDE_SERVICIO_ADICIONAL_TB (SERVICIO_ID, NOMBRE, DESCRIPCION, PRECIO)
VALUES (97, 'Experiencia de Senderismo', 'Rutas guiadas para exploración natural.', 40.00);

INSERT INTO FIDE_SERVICIO_ADICIONAL_TB (SERVICIO_ID, NOMBRE, DESCRIPCION, PRECIO)
VALUES (98, 'Cenas en la Terraza', 'Cenas románticas al aire libre.', 100.00);

INSERT INTO FIDE_SERVICIO_ADICIONAL_TB (SERVICIO_ID, NOMBRE, DESCRIPCION, PRECIO)
VALUES (99, 'Clases de Piano', 'Aprende a tocar piano con instructores expertos.', 50.00);

INSERT INTO FIDE_SERVICIO_ADICIONAL_TB (SERVICIO_ID, NOMBRE, DESCRIPCION, PRECIO)
VALUES (100, 'Entrenamiento en Escalada', 'Sesiones de escalada con equipo especializado.', 80.00);

--INSERTS TABLA RESERVACION
INSERT INTO FIDE_RESERVACION_TB (RESERVACION_ID, HOTEL_ID, HUESPED_ID, HABITACION_ID, ESTADO, FECHA_RESERVACION)
VALUES (1, 101, 201, 301, 'CONFIRMADA', TO_DATE('2024-11-26', 'YYYY-MM-DD'));

INSERT INTO FIDE_RESERVACION_TB (RESERVACION_ID, HOTEL_ID, HUESPED_ID, HABITACION_ID, ESTADO, FECHA_RESERVACION)
VALUES (2, 102, 202, 302, 'CANCELADA', TO_DATE('2024-11-25', 'YYYY-MM-DD'));

INSERT INTO FIDE_RESERVACION_TB (RESERVACION_ID, HOTEL_ID, HUESPED_ID, HABITACION_ID, ESTADO, FECHA_RESERVACION)
VALUES (3, 103, 203, 303, 'EN PROCESO', TO_DATE('2024-11-27', 'YYYY-MM-DD'));

INSERT INTO FIDE_RESERVACION_TB (RESERVACION_ID, HOTEL_ID, HUESPED_ID, HABITACION_ID, ESTADO, FECHA_RESERVACION)
VALUES (4, 104, 204, 304, 'CONFIRMADA', TO_DATE('2024-12-01', 'YYYY-MM-DD'));

INSERT INTO FIDE_RESERVACION_TB (RESERVACION_ID, HOTEL_ID, HUESPED_ID, HABITACION_ID, ESTADO, FECHA_RESERVACION)
VALUES (5, 105, 205, 305, 'COMPLETADA', TO_DATE('2024-11-20', 'YYYY-MM-DD'));

INSERT INTO FIDE_RESERVACION_TB (RESERVACION_ID, HOTEL_ID, HUESPED_ID, HABITACION_ID, ESTADO, FECHA_RESERVACION)
VALUES (6, 106, 206, 306, 'CONFIRMADA', TO_DATE('2024-11-28', 'YYYY-MM-DD'));

INSERT INTO FIDE_RESERVACION_TB (RESERVACION_ID, HOTEL_ID, HUESPED_ID, HABITACION_ID, ESTADO, FECHA_RESERVACION)
VALUES (7, 107, 207, 307, 'EN PROCESO', TO_DATE('2024-12-02', 'YYYY-MM-DD'));

INSERT INTO FIDE_RESERVACION_TB (RESERVACION_ID, HOTEL_ID, HUESPED_ID, HABITACION_ID, ESTADO, FECHA_RESERVACION)
VALUES (8, 108, 208, 308, 'CANCELADA', TO_DATE('2024-11-21', 'YYYY-MM-DD'));

INSERT INTO FIDE_RESERVACION_TB (RESERVACION_ID, HOTEL_ID, HUESPED_ID, HABITACION_ID, ESTADO, FECHA_RESERVACION)
VALUES (9, 109, 209, 309, 'CONFIRMADA', TO_DATE('2024-11-26', 'YYYY-MM-DD'));

INSERT INTO FIDE_RESERVACION_TB (RESERVACION_ID, HOTEL_ID, HUESPED_ID, HABITACION_ID, ESTADO, FECHA_RESERVACION)
VALUES (10, 110, 210, 310, 'CONFIRMADA', TO_DATE('2024-12-05', 'YYYY-MM-DD'));

INSERT INTO FIDE_RESERVACION_TB (RESERVACION_ID, HOTEL_ID, HUESPED_ID, HABITACION_ID, ESTADO, FECHA_RESERVACION)
VALUES (11, 111, 211, 311, 'COMPLETADA', TO_DATE('2024-11-19', 'YYYY-MM-DD'));

INSERT INTO FIDE_RESERVACION_TB (RESERVACION_ID, HOTEL_ID, HUESPED_ID, HABITACION_ID, ESTADO, FECHA_RESERVACION)
VALUES (12, 112, 212, 312, 'EN PROCESO', TO_DATE('2024-11-29', 'YYYY-MM-DD'));

INSERT INTO FIDE_RESERVACION_TB (RESERVACION_ID, HOTEL_ID, HUESPED_ID, HABITACION_ID, ESTADO, FECHA_RESERVACION)
VALUES (13, 113, 213, 313, 'CONFIRMADA', TO_DATE('2024-11-30', 'YYYY-MM-DD'));

INSERT INTO FIDE_RESERVACION_TB (RESERVACION_ID, HOTEL_ID, HUESPED_ID, HABITACION_ID, ESTADO, FECHA_RESERVACION)
VALUES (14, 114, 214, 314, 'CANCELADA', TO_DATE('2024-11-22', 'YYYY-MM-DD'));

INSERT INTO FIDE_RESERVACION_TB (RESERVACION_ID, HOTEL_ID, HUESPED_ID, HABITACION_ID, ESTADO, FECHA_RESERVACION)
VALUES (15, 115, 215, 315, 'CONFIRMADA', TO_DATE('2024-12-06', 'YYYY-MM-DD'));

INSERT INTO FIDE_RESERVACION_TB (RESERVACION_ID, HOTEL_ID, HUESPED_ID, HABITACION_ID, ESTADO, FECHA_RESERVACION)
VALUES (16, 116, 216, 316, 'EN PROCESO', TO_DATE('2024-11-23', 'YYYY-MM-DD'));

INSERT INTO FIDE_RESERVACION_TB (RESERVACION_ID, HOTEL_ID, HUESPED_ID, HABITACION_ID, ESTADO, FECHA_RESERVACION)
VALUES (17, 117, 217, 317, 'COMPLETADA', TO_DATE('2024-11-18', 'YYYY-MM-DD'));

INSERT INTO FIDE_RESERVACION_TB (RESERVACION_ID, HOTEL_ID, HUESPED_ID, HABITACION_ID, ESTADO, FECHA_RESERVACION)
VALUES (18, 118, 218, 318, 'CANCELADA', TO_DATE('2024-12-03', 'YYYY-MM-DD'));

INSERT INTO FIDE_RESERVACION_TB (RESERVACION_ID, HOTEL_ID, HUESPED_ID, HABITACION_ID, ESTADO, FECHA_RESERVACION)
VALUES (19, 119, 219, 319, 'CONFIRMADA', TO_DATE('2024-11-28', 'YYYY-MM-DD'));

INSERT INTO FIDE_RESERVACION_TB (RESERVACION_ID, HOTEL_ID, HUESPED_ID, HABITACION_ID, ESTADO, FECHA_RESERVACION)
VALUES (20, 120, 220, 320, 'CONFIRMADA', TO_DATE('2024-12-04', 'YYYY-MM-DD'));

INSERT INTO FIDE_RESERVACION_TB (RESERVACION_ID, HOTEL_ID, HUESPED_ID, HABITACION_ID, ESTADO, FECHA_RESERVACION)
VALUES (21, 121, 221, 321, 'CONFIRMADA', TO_DATE('2024-12-10', 'YYYY-MM-DD'));

INSERT INTO FIDE_RESERVACION_TB (RESERVACION_ID, HOTEL_ID, HUESPED_ID, HABITACION_ID, ESTADO, FECHA_RESERVACION)
VALUES (22, 122, 222, 322, 'CANCELADA', TO_DATE('2024-12-01', 'YYYY-MM-DD'));

INSERT INTO FIDE_RESERVACION_TB (RESERVACION_ID, HOTEL_ID, HUESPED_ID, HABITACION_ID, ESTADO, FECHA_RESERVACION)
VALUES (23, 123, 223, 323, 'EN PROCESO', TO_DATE('2024-12-02', 'YYYY-MM-DD'));

INSERT INTO FIDE_RESERVACION_TB (RESERVACION_ID, HOTEL_ID, HUESPED_ID, HABITACION_ID, ESTADO, FECHA_RESERVACION)
VALUES (24, 124, 224, 324, 'COMPLETADA', TO_DATE('2024-11-25', 'YYYY-MM-DD'));

INSERT INTO FIDE_RESERVACION_TB (RESERVACION_ID, HOTEL_ID, HUESPED_ID, HABITACION_ID, ESTADO, FECHA_RESERVACION)
VALUES (25, 125, 225, 325, 'CONFIRMADA', TO_DATE('2024-12-11', 'YYYY-MM-DD'));

INSERT INTO FIDE_RESERVACION_TB (RESERVACION_ID, HOTEL_ID, HUESPED_ID, HABITACION_ID, ESTADO, FECHA_RESERVACION)
VALUES (26, 126, 226, 326, 'CANCELADA', TO_DATE('2024-12-12', 'YYYY-MM-DD'));

INSERT INTO FIDE_RESERVACION_TB (RESERVACION_ID, HOTEL_ID, HUESPED_ID, HABITACION_ID, ESTADO, FECHA_RESERVACION)
VALUES (27, 127, 227, 327, 'EN PROCESO', TO_DATE('2024-11-30', 'YYYY-MM-DD'));

INSERT INTO FIDE_RESERVACION_TB (RESERVACION_ID, HOTEL_ID, HUESPED_ID, HABITACION_ID, ESTADO, FECHA_RESERVACION)
VALUES (28, 128, 228, 328, 'COMPLETADA', TO_DATE('2024-11-29', 'YYYY-MM-DD'));

INSERT INTO FIDE_RESERVACION_TB (RESERVACION_ID, HOTEL_ID, HUESPED_ID, HABITACION_ID, ESTADO, FECHA_RESERVACION)
VALUES (29, 129, 229, 329, 'CONFIRMADA', TO_DATE('2024-12-05', 'YYYY-MM-DD'));

INSERT INTO FIDE_RESERVACION_TB (RESERVACION_ID, HOTEL_ID, HUESPED_ID, HABITACION_ID, ESTADO, FECHA_RESERVACION)
VALUES (30, 130, 230, 330, 'EN PROCESO', TO_DATE('2024-12-07', 'YYYY-MM-DD'));

INSERT INTO FIDE_RESERVACION_TB (RESERVACION_ID, HOTEL_ID, HUESPED_ID, HABITACION_ID, ESTADO, FECHA_RESERVACION)
VALUES (31, 131, 231, 331, 'CANCELADA', TO_DATE('2024-12-09', 'YYYY-MM-DD'));

INSERT INTO FIDE_RESERVACION_TB (RESERVACION_ID, HOTEL_ID, HUESPED_ID, HABITACION_ID, ESTADO, FECHA_RESERVACION)
VALUES (32, 132, 232, 332, 'COMPLETADA', TO_DATE('2024-11-24', 'YYYY-MM-DD'));

INSERT INTO FIDE_RESERVACION_TB (RESERVACION_ID, HOTEL_ID, HUESPED_ID, HABITACION_ID, ESTADO, FECHA_RESERVACION)
VALUES (33, 133, 233, 333, 'CONFIRMADA', TO_DATE('2024-12-08', 'YYYY-MM-DD'));

INSERT INTO FIDE_RESERVACION_TB (RESERVACION_ID, HOTEL_ID, HUESPED_ID, HABITACION_ID, ESTADO, FECHA_RESERVACION)
VALUES (34, 134, 234, 334, 'CANCELADA', TO_DATE('2024-12-03', 'YYYY-MM-DD'));

INSERT INTO FIDE_RESERVACION_TB (RESERVACION_ID, HOTEL_ID, HUESPED_ID, HABITACION_ID, ESTADO, FECHA_RESERVACION)
VALUES (35, 135, 235, 335, 'EN PROCESO', TO_DATE('2024-11-26', 'YYYY-MM-DD'));

INSERT INTO FIDE_RESERVACION_TB (RESERVACION_ID, HOTEL_ID, HUESPED_ID, HABITACION_ID, ESTADO, FECHA_RESERVACION)
VALUES (36, 136, 236, 336, 'CONFIRMADA', TO_DATE('2024-12-10', 'YYYY-MM-DD'));

INSERT INTO FIDE_RESERVACION_TB (RESERVACION_ID, HOTEL_ID, HUESPED_ID, HABITACION_ID, ESTADO, FECHA_RESERVACION)
VALUES (37, 137, 237, 337, 'COMPLETADA', TO_DATE('2024-11-28', 'YYYY-MM-DD'));

INSERT INTO FIDE_RESERVACION_TB (RESERVACION_ID, HOTEL_ID, HUESPED_ID, HABITACION_ID, ESTADO, FECHA_RESERVACION)
VALUES (38, 138, 238, 338, 'EN PROCESO', TO_DATE('2024-11-27', 'YYYY-MM-DD'));

INSERT INTO FIDE_RESERVACION_TB (RESERVACION_ID, HOTEL_ID, HUESPED_ID, HABITACION_ID, ESTADO, FECHA_RESERVACION)
VALUES (39, 139, 239, 339, 'CONFIRMADA', TO_DATE('2024-12-06', 'YYYY-MM-DD'));

INSERT INTO FIDE_RESERVACION_TB (RESERVACION_ID, HOTEL_ID, HUESPED_ID, HABITACION_ID, ESTADO, FECHA_RESERVACION)
VALUES (40, 140, 240, 340, 'CANCELADA', TO_DATE('2024-12-13', 'YYYY-MM-DD'));

INSERT INTO FIDE_RESERVACION_TB (RESERVACION_ID, HOTEL_ID, HUESPED_ID, HABITACION_ID, ESTADO, FECHA_RESERVACION)
VALUES (41, 141, 241, 341, 'COMPLETADA', TO_DATE('2024-11-23', 'YYYY-MM-DD'));

INSERT INTO FIDE_RESERVACION_TB (RESERVACION_ID, HOTEL_ID, HUESPED_ID, HABITACION_ID, ESTADO, FECHA_RESERVACION)
VALUES (42, 142, 242, 342, 'CONFIRMADA', TO_DATE('2024-12-09', 'YYYY-MM-DD'));

INSERT INTO FIDE_RESERVACION_TB (RESERVACION_ID, HOTEL_ID, HUESPED_ID, HABITACION_ID, ESTADO, FECHA_RESERVACION)
VALUES (43, 143, 243, 343, 'EN PROCESO', TO_DATE('2024-11-30', 'YYYY-MM-DD'));

INSERT INTO FIDE_RESERVACION_TB (RESERVACION_ID, HOTEL_ID, HUESPED_ID, HABITACION_ID, ESTADO, FECHA_RESERVACION)
VALUES (44, 144, 244, 344, 'CANCELADA', TO_DATE('2024-12-12', 'YYYY-MM-DD'));

INSERT INTO FIDE_RESERVACION_TB (RESERVACION_ID, HOTEL_ID, HUESPED_ID, HABITACION_ID, ESTADO, FECHA_RESERVACION)
VALUES (45, 145, 245, 345, 'COMPLETADA', TO_DATE('2024-11-29', 'YYYY-MM-DD'));

INSERT INTO FIDE_RESERVACION_TB (RESERVACION_ID, HOTEL_ID, HUESPED_ID, HABITACION_ID, ESTADO, FECHA_RESERVACION)
VALUES (46, 146, 246, 346, 'CONFIRMADA', TO_DATE('2024-12-11', 'YYYY-MM-DD'));

INSERT INTO FIDE_RESERVACION_TB (RESERVACION_ID, HOTEL_ID, HUESPED_ID, HABITACION_ID, ESTADO, FECHA_RESERVACION)
VALUES (47, 147, 247, 347, 'EN PROCESO', TO_DATE('2024-12-08', 'YYYY-MM-DD'));

INSERT INTO FIDE_RESERVACION_TB (RESERVACION_ID, HOTEL_ID, HUESPED_ID, HABITACION_ID, ESTADO, FECHA_RESERVACION)
VALUES (48, 148, 248, 348, 'CANCELADA', TO_DATE('2024-12-04', 'YYYY-MM-DD'));

INSERT INTO FIDE_RESERVACION_TB (RESERVACION_ID, HOTEL_ID, HUESPED_ID, HABITACION_ID, ESTADO, FECHA_RESERVACION)
VALUES (49, 149, 249, 349, 'COMPLETADA', TO_DATE('2024-11-26', 'YYYY-MM-DD'));

INSERT INTO FIDE_RESERVACION_TB (RESERVACION_ID, HOTEL_ID, HUESPED_ID, HABITACION_ID, ESTADO, FECHA_RESERVACION)
VALUES (50, 150, 250, 350, 'CONFIRMADA', TO_DATE('2024-12-14', 'YYYY-MM-DD'));

INSERT INTO FIDE_RESERVACION_TB (RESERVACION_ID, HOTEL_ID, HUESPED_ID, HABITACION_ID, ESTADO, FECHA_RESERVACION)
VALUES (51, 151, 251, 351, 'CONFIRMADA', TO_DATE('2024-12-20', 'YYYY-MM-DD'));

INSERT INTO FIDE_RESERVACION_TB (RESERVACION_ID, HOTEL_ID, HUESPED_ID, HABITACION_ID, ESTADO, FECHA_RESERVACION)
VALUES (52, 152, 252, 352, 'EN PROCESO', TO_DATE('2024-12-18', 'YYYY-MM-DD'));

INSERT INTO FIDE_RESERVACION_TB (RESERVACION_ID, HOTEL_ID, HUESPED_ID, HABITACION_ID, ESTADO, FECHA_RESERVACION)
VALUES (53, 153, 253, 353, 'CANCELADA', TO_DATE('2024-12-15', 'YYYY-MM-DD'));

INSERT INTO FIDE_RESERVACION_TB (RESERVACION_ID, HOTEL_ID, HUESPED_ID, HABITACION_ID, ESTADO, FECHA_RESERVACION)
VALUES (54, 154, 254, 354, 'COMPLETADA', TO_DATE('2024-12-17', 'YYYY-MM-DD'));

INSERT INTO FIDE_RESERVACION_TB (RESERVACION_ID, HOTEL_ID, HUESPED_ID, HABITACION_ID, ESTADO, FECHA_RESERVACION)
VALUES (55, 155, 255, 355, 'CONFIRMADA', TO_DATE('2024-12-22', 'YYYY-MM-DD'));

INSERT INTO FIDE_RESERVACION_TB (RESERVACION_ID, HOTEL_ID, HUESPED_ID, HABITACION_ID, ESTADO, FECHA_RESERVACION)
VALUES (56, 156, 256, 356, 'CANCELADA', TO_DATE('2024-12-21', 'YYYY-MM-DD'));

INSERT INTO FIDE_RESERVACION_TB (RESERVACION_ID, HOTEL_ID, HUESPED_ID, HABITACION_ID, ESTADO, FECHA_RESERVACION)
VALUES (57, 157, 257, 357, 'EN PROCESO', TO_DATE('2024-12-16', 'YYYY-MM-DD'));

INSERT INTO FIDE_RESERVACION_TB (RESERVACION_ID, HOTEL_ID, HUESPED_ID, HABITACION_ID, ESTADO, FECHA_RESERVACION)
VALUES (58, 158, 258, 358, 'COMPLETADA', TO_DATE('2024-12-19', 'YYYY-MM-DD'));

INSERT INTO FIDE_RESERVACION_TB (RESERVACION_ID, HOTEL_ID, HUESPED_ID, HABITACION_ID, ESTADO, FECHA_RESERVACION)
VALUES (59, 159, 259, 359, 'CONFIRMADA', TO_DATE('2024-12-23', 'YYYY-MM-DD'));

INSERT INTO FIDE_RESERVACION_TB (RESERVACION_ID, HOTEL_ID, HUESPED_ID, HABITACION_ID, ESTADO, FECHA_RESERVACION)
VALUES (60, 160, 260, 360, 'EN PROCESO', TO_DATE('2024-12-24', 'YYYY-MM-DD'));

INSERT INTO FIDE_RESERVACION_TB (RESERVACION_ID, HOTEL_ID, HUESPED_ID, HABITACION_ID, ESTADO, FECHA_RESERVACION)
VALUES (61, 161, 261, 361, 'CANCELADA', TO_DATE('2024-12-25', 'YYYY-MM-DD'));

INSERT INTO FIDE_RESERVACION_TB (RESERVACION_ID, HOTEL_ID, HUESPED_ID, HABITACION_ID, ESTADO, FECHA_RESERVACION)
VALUES (62, 162, 262, 362, 'COMPLETADA', TO_DATE('2024-12-26', 'YYYY-MM-DD'));

INSERT INTO FIDE_RESERVACION_TB (RESERVACION_ID, HOTEL_ID, HUESPED_ID, HABITACION_ID, ESTADO, FECHA_RESERVACION)
VALUES (63, 163, 263, 363, 'CONFIRMADA', TO_DATE('2024-12-28', 'YYYY-MM-DD'));

INSERT INTO FIDE_RESERVACION_TB (RESERVACION_ID, HOTEL_ID, HUESPED_ID, HABITACION_ID, ESTADO, FECHA_RESERVACION)
VALUES (64, 164, 264, 364, 'CANCELADA', TO_DATE('2024-12-27', 'YYYY-MM-DD'));

INSERT INTO FIDE_RESERVACION_TB (RESERVACION_ID, HOTEL_ID, HUESPED_ID, HABITACION_ID, ESTADO, FECHA_RESERVACION)
VALUES (65, 165, 265, 365, 'EN PROCESO', TO_DATE('2024-12-29', 'YYYY-MM-DD'));

INSERT INTO FIDE_RESERVACION_TB (RESERVACION_ID, HOTEL_ID, HUESPED_ID, HABITACION_ID, ESTADO, FECHA_RESERVACION)
VALUES (66, 166, 266, 366, 'COMPLETADA', TO_DATE('2024-12-30', 'YYYY-MM-DD'));

INSERT INTO FIDE_RESERVACION_TB (RESERVACION_ID, HOTEL_ID, HUESPED_ID, HABITACION_ID, ESTADO, FECHA_RESERVACION)
VALUES (67, 167, 267, 367, 'CONFIRMADA', TO_DATE('2024-12-31', 'YYYY-MM-DD'));

INSERT INTO FIDE_RESERVACION_TB (RESERVACION_ID, HOTEL_ID, HUESPED_ID, HABITACION_ID, ESTADO, FECHA_RESERVACION)
VALUES (68, 168, 268, 368, 'CANCELADA', TO_DATE('2025-01-01', 'YYYY-MM-DD'));

INSERT INTO FIDE_RESERVACION_TB (RESERVACION_ID, HOTEL_ID, HUESPED_ID, HABITACION_ID, ESTADO, FECHA_RESERVACION)
VALUES (69, 169, 269, 369, 'COMPLETADA', TO_DATE('2025-01-02', 'YYYY-MM-DD'));

INSERT INTO FIDE_RESERVACION_TB (RESERVACION_ID, HOTEL_ID, HUESPED_ID, HABITACION_ID, ESTADO, FECHA_RESERVACION)
VALUES (70, 170, 270, 370, 'CONFIRMADA', TO_DATE('2025-01-03', 'YYYY-MM-DD'));

INSERT INTO FIDE_RESERVACION_TB (RESERVACION_ID, HOTEL_ID, HUESPED_ID, HABITACION_ID, ESTADO, FECHA_RESERVACION)
VALUES (71, 171, 271, 371, 'EN PROCESO', TO_DATE('2025-01-04', 'YYYY-MM-DD'));

INSERT INTO FIDE_RESERVACION_TB (RESERVACION_ID, HOTEL_ID, HUESPED_ID, HABITACION_ID, ESTADO, FECHA_RESERVACION)
VALUES (72, 172, 272, 372, 'CANCELADA', TO_DATE('2025-01-05', 'YYYY-MM-DD'));

INSERT INTO FIDE_RESERVACION_TB (RESERVACION_ID, HOTEL_ID, HUESPED_ID, HABITACION_ID, ESTADO, FECHA_RESERVACION)
VALUES (73, 173, 273, 373, 'COMPLETADA', TO_DATE('2025-01-06', 'YYYY-MM-DD'));

INSERT INTO FIDE_RESERVACION_TB (RESERVACION_ID, HOTEL_ID, HUESPED_ID, HABITACION_ID, ESTADO, FECHA_RESERVACION)
VALUES (74, 174, 274, 374, 'CONFIRMADA', TO_DATE('2025-01-07', 'YYYY-MM-DD'));

INSERT INTO FIDE_RESERVACION_TB (RESERVACION_ID, HOTEL_ID, HUESPED_ID, HABITACION_ID, ESTADO, FECHA_RESERVACION)
VALUES (75, 175, 275, 375, 'EN PROCESO', TO_DATE('2025-01-08', 'YYYY-MM-DD'));

INSERT INTO FIDE_RESERVACION_TB (RESERVACION_ID, HOTEL_ID, HUESPED_ID, HABITACION_ID, ESTADO, FECHA_RESERVACION)
VALUES (76, 176, 276, 376, 'CANCELADA', TO_DATE('2025-01-09', 'YYYY-MM-DD'));

INSERT INTO FIDE_RESERVACION_TB (RESERVACION_ID, HOTEL_ID, HUESPED_ID, HABITACION_ID, ESTADO, FECHA_RESERVACION)
VALUES (77, 177, 277, 377, 'COMPLETADA', TO_DATE('2025-01-10', 'YYYY-MM-DD'));

INSERT INTO FIDE_RESERVACION_TB (RESERVACION_ID, HOTEL_ID, HUESPED_ID, HABITACION_ID, ESTADO, FECHA_RESERVACION)
VALUES (78, 178, 278, 378, 'CONFIRMADA', TO_DATE('2025-01-11', 'YYYY-MM-DD'));

INSERT INTO FIDE_RESERVACION_TB (RESERVACION_ID, HOTEL_ID, HUESPED_ID, HABITACION_ID, ESTADO, FECHA_RESERVACION)
VALUES (79, 179, 279, 379, 'CANCELADA', TO_DATE('2025-01-12', 'YYYY-MM-DD'));

INSERT INTO FIDE_RESERVACION_TB (RESERVACION_ID, HOTEL_ID, HUESPED_ID, HABITACION_ID, ESTADO, FECHA_RESERVACION)
VALUES (80, 180, 280, 380, 'EN PROCESO', TO_DATE('2025-01-13', 'YYYY-MM-DD'));

INSERT INTO FIDE_RESERVACION_TB (RESERVACION_ID, HOTEL_ID, HUESPED_ID, HABITACION_ID, ESTADO, FECHA_RESERVACION)
VALUES (81, 181, 281, 381, 'COMPLETADA', TO_DATE('2025-01-14', 'YYYY-MM-DD'));

INSERT INTO FIDE_RESERVACION_TB (RESERVACION_ID, HOTEL_ID, HUESPED_ID, HABITACION_ID, ESTADO, FECHA_RESERVACION)
VALUES (82, 182, 282, 382, 'CONFIRMADA', TO_DATE('2025-01-15', 'YYYY-MM-DD'));

INSERT INTO FIDE_RESERVACION_TB (RESERVACION_ID, HOTEL_ID, HUESPED_ID, HABITACION_ID, ESTADO, FECHA_RESERVACION)
VALUES (83, 183, 283, 383, 'EN PROCESO', TO_DATE('2025-01-16', 'YYYY-MM-DD'));

INSERT INTO FIDE_RESERVACION_TB (RESERVACION_ID, HOTEL_ID, HUESPED_ID, HABITACION_ID, ESTADO, FECHA_RESERVACION)
VALUES (84, 184, 284, 384, 'CANCELADA', TO_DATE('2025-01-17', 'YYYY-MM-DD'));

INSERT INTO FIDE_RESERVACION_TB (RESERVACION_ID, HOTEL_ID, HUESPED_ID, HABITACION_ID, ESTADO, FECHA_RESERVACION)
VALUES (85, 185, 285, 385, 'COMPLETADA', TO_DATE('2025-01-18', 'YYYY-MM-DD'));

INSERT INTO FIDE_RESERVACION_TB (RESERVACION_ID, HOTEL_ID, HUESPED_ID, HABITACION_ID, ESTADO, FECHA_RESERVACION)
VALUES (86, 186, 286, 386, 'CONFIRMADA', TO_DATE('2025-01-19', 'YYYY-MM-DD'));

INSERT INTO FIDE_RESERVACION_TB (RESERVACION_ID, HOTEL_ID, HUESPED_ID, HABITACION_ID, ESTADO, FECHA_RESERVACION)
VALUES (87, 187, 287, 387, 'EN PROCESO', TO_DATE('2025-01-20', 'YYYY-MM-DD'));

INSERT INTO FIDE_RESERVACION_TB (RESERVACION_ID, HOTEL_ID, HUESPED_ID, HABITACION_ID, ESTADO, FECHA_RESERVACION)
VALUES (88, 188, 288, 388, 'CANCELADA', TO_DATE('2025-01-21', 'YYYY-MM-DD'));

INSERT INTO FIDE_RESERVACION_TB (RESERVACION_ID, HOTEL_ID, HUESPED_ID, HABITACION_ID, ESTADO, FECHA_RESERVACION)
VALUES (89, 189, 289, 389, 'COMPLETADA', TO_DATE('2025-01-22', 'YYYY-MM-DD'));

INSERT INTO FIDE_RESERVACION_TB (RESERVACION_ID, HOTEL_ID, HUESPED_ID, HABITACION_ID, ESTADO, FECHA_RESERVACION)
VALUES (90, 190, 290, 390, 'CONFIRMADA', TO_DATE('2025-01-23', 'YYYY-MM-DD'));

INSERT INTO FIDE_RESERVACION_TB (RESERVACION_ID, HOTEL_ID, HUESPED_ID, HABITACION_ID, ESTADO, FECHA_RESERVACION)
VALUES (91, 191, 291, 391, 'CONFIRMADA', TO_DATE('2025-01-24', 'YYYY-MM-DD'));

INSERT INTO FIDE_RESERVACION_TB (RESERVACION_ID, HOTEL_ID, HUESPED_ID, HABITACION_ID, ESTADO, FECHA_RESERVACION)
VALUES (92, 192, 292, 392, 'CANCELADA', TO_DATE('2025-01-25', 'YYYY-MM-DD'));

INSERT INTO FIDE_RESERVACION_TB (RESERVACION_ID, HOTEL_ID, HUESPED_ID, HABITACION_ID, ESTADO, FECHA_RESERVACION)
VALUES (93, 193, 293, 393, 'EN PROCESO', TO_DATE('2025-01-26', 'YYYY-MM-DD'));

INSERT INTO FIDE_RESERVACION_TB (RESERVACION_ID, HOTEL_ID, HUESPED_ID, HABITACION_ID, ESTADO, FECHA_RESERVACION)
VALUES (94, 194, 294, 394, 'COMPLETADA', TO_DATE('2025-01-27', 'YYYY-MM-DD'));

INSERT INTO FIDE_RESERVACION_TB (RESERVACION_ID, HOTEL_ID, HUESPED_ID, HABITACION_ID, ESTADO, FECHA_RESERVACION)
VALUES (95, 195, 295, 395, 'CONFIRMADA', TO_DATE('2025-01-28', 'YYYY-MM-DD'));

INSERT INTO FIDE_RESERVACION_TB (RESERVACION_ID, HOTEL_ID, HUESPED_ID, HABITACION_ID, ESTADO, FECHA_RESERVACION)
VALUES (96, 196, 296, 396, 'CANCELADA', TO_DATE('2025-01-29', 'YYYY-MM-DD'));

INSERT INTO FIDE_RESERVACION_TB (RESERVACION_ID, HOTEL_ID, HUESPED_ID, HABITACION_ID, ESTADO, FECHA_RESERVACION)
VALUES (97, 197, 297, 397, 'EN PROCESO', TO_DATE('2025-01-30', 'YYYY-MM-DD'));

INSERT INTO FIDE_RESERVACION_TB (RESERVACION_ID, HOTEL_ID, HUESPED_ID, HABITACION_ID, ESTADO, FECHA_RESERVACION)
VALUES (98, 198, 298, 398, 'COMPLETADA', TO_DATE('2025-01-31', 'YYYY-MM-DD'));

INSERT INTO FIDE_RESERVACION_TB (RESERVACION_ID, HOTEL_ID, HUESPED_ID, HABITACION_ID, ESTADO, FECHA_RESERVACION)
VALUES (99, 199, 299, 399, 'CONFIRMADA', TO_DATE('2025-02-01', 'YYYY-MM-DD'));

INSERT INTO FIDE_RESERVACION_TB (RESERVACION_ID, HOTEL_ID, HUESPED_ID, HABITACION_ID, ESTADO, FECHA_RESERVACION)
VALUES (100, 200, 300, 400, 'CANCELADA', TO_DATE('2025-02-02', 'YYYY-MM-DD'));

--INSERTS TABLA RESERVACION SERVICIO
INSERT INTO FIDE_RESERVACION_SERVICIO_TB (RESERVACION_SERVICIO_ID, RESERVACION_ID, SERVICIO_ID)
VALUES (1, 1, 1);

INSERT INTO FIDE_RESERVACION_SERVICIO_TB (RESERVACION_SERVICIO_ID, RESERVACION_ID, SERVICIO_ID)
VALUES (2, 2, 2);

INSERT INTO FIDE_RESERVACION_SERVICIO_TB (RESERVACION_SERVICIO_ID, RESERVACION_ID, SERVICIO_ID)
VALUES (3, 3, 3);

INSERT INTO FIDE_RESERVACION_SERVICIO_TB (RESERVACION_SERVICIO_ID, RESERVACION_ID, SERVICIO_ID)
VALUES (4, 4, 4);

INSERT INTO FIDE_RESERVACION_SERVICIO_TB (RESERVACION_SERVICIO_ID, RESERVACION_ID, SERVICIO_ID)
VALUES (5, 5, 5);

INSERT INTO FIDE_RESERVACION_SERVICIO_TB (RESERVACION_SERVICIO_ID, RESERVACION_ID, SERVICIO_ID)
VALUES (6, 6, 6);

INSERT INTO FIDE_RESERVACION_SERVICIO_TB (RESERVACION_SERVICIO_ID, RESERVACION_ID, SERVICIO_ID)
VALUES (7, 7, 7);

INSERT INTO FIDE_RESERVACION_SERVICIO_TB (RESERVACION_SERVICIO_ID, RESERVACION_ID, SERVICIO_ID)
VALUES (8, 8, 8);

INSERT INTO FIDE_RESERVACION_SERVICIO_TB (RESERVACION_SERVICIO_ID, RESERVACION_ID, SERVICIO_ID)
VALUES (9, 9, 9);

INSERT INTO FIDE_RESERVACION_SERVICIO_TB (RESERVACION_SERVICIO_ID, RESERVACION_ID, SERVICIO_ID)
VALUES (10, 10, 10);

INSERT INTO FIDE_RESERVACION_SERVICIO_TB (RESERVACION_SERVICIO_ID, RESERVACION_ID, SERVICIO_ID)
VALUES (11, 11, 11);

INSERT INTO FIDE_RESERVACION_SERVICIO_TB (RESERVACION_SERVICIO_ID, RESERVACION_ID, SERVICIO_ID)
VALUES (12, 12, 12);

INSERT INTO FIDE_RESERVACION_SERVICIO_TB (RESERVACION_SERVICIO_ID, RESERVACION_ID, SERVICIO_ID)
VALUES (13, 13, 13);

INSERT INTO FIDE_RESERVACION_SERVICIO_TB (RESERVACION_SERVICIO_ID, RESERVACION_ID, SERVICIO_ID)
VALUES (14, 14, 14);

INSERT INTO FIDE_RESERVACION_SERVICIO_TB (RESERVACION_SERVICIO_ID, RESERVACION_ID, SERVICIO_ID)
VALUES (15, 15, 15);

INSERT INTO FIDE_RESERVACION_SERVICIO_TB (RESERVACION_SERVICIO_ID, RESERVACION_ID, SERVICIO_ID)
VALUES (16, 16, 16);

INSERT INTO FIDE_RESERVACION_SERVICIO_TB (RESERVACION_SERVICIO_ID, RESERVACION_ID, SERVICIO_ID)
VALUES (17, 17, 17);

INSERT INTO FIDE_RESERVACION_SERVICIO_TB (RESERVACION_SERVICIO_ID, RESERVACION_ID, SERVICIO_ID)
VALUES (18, 18, 18);

INSERT INTO FIDE_RESERVACION_SERVICIO_TB (RESERVACION_SERVICIO_ID, RESERVACION_ID, SERVICIO_ID)
VALUES (19, 19, 19);

INSERT INTO FIDE_RESERVACION_SERVICIO_TB (RESERVACION_SERVICIO_ID, RESERVACION_ID, SERVICIO_ID)
VALUES (20, 20, 20);

INSERT INTO FIDE_RESERVACION_SERVICIO_TB (RESERVACION_SERVICIO_ID, RESERVACION_ID, SERVICIO_ID)
VALUES (21, 21, 1);

INSERT INTO FIDE_RESERVACION_SERVICIO_TB (RESERVACION_SERVICIO_ID, RESERVACION_ID, SERVICIO_ID)
VALUES (22, 22, 2);

INSERT INTO FIDE_RESERVACION_SERVICIO_TB (RESERVACION_SERVICIO_ID, RESERVACION_ID, SERVICIO_ID)
VALUES (23, 23, 3);

INSERT INTO FIDE_RESERVACION_SERVICIO_TB (RESERVACION_SERVICIO_ID, RESERVACION_ID, SERVICIO_ID)
VALUES (24, 24, 4);

INSERT INTO FIDE_RESERVACION_SERVICIO_TB (RESERVACION_SERVICIO_ID, RESERVACION_ID, SERVICIO_ID)
VALUES (25, 25, 5);

INSERT INTO FIDE_RESERVACION_SERVICIO_TB (RESERVACION_SERVICIO_ID, RESERVACION_ID, SERVICIO_ID)
VALUES (26, 26, 6);

INSERT INTO FIDE_RESERVACION_SERVICIO_TB (RESERVACION_SERVICIO_ID, RESERVACION_ID, SERVICIO_ID)
VALUES (27, 27, 7);

INSERT INTO FIDE_RESERVACION_SERVICIO_TB (RESERVACION_SERVICIO_ID, RESERVACION_ID, SERVICIO_ID)
VALUES (28, 28, 8);

INSERT INTO FIDE_RESERVACION_SERVICIO_TB (RESERVACION_SERVICIO_ID, RESERVACION_ID, SERVICIO_ID)
VALUES (29, 29, 9);

INSERT INTO FIDE_RESERVACION_SERVICIO_TB (RESERVACION_SERVICIO_ID, RESERVACION_ID, SERVICIO_ID)
VALUES (30, 30, 10);

INSERT INTO FIDE_RESERVACION_SERVICIO_TB (RESERVACION_SERVICIO_ID, RESERVACION_ID, SERVICIO_ID)
VALUES (31, 31, 11);

INSERT INTO FIDE_RESERVACION_SERVICIO_TB (RESERVACION_SERVICIO_ID, RESERVACION_ID, SERVICIO_ID)
VALUES (32, 32, 12);

INSERT INTO FIDE_RESERVACION_SERVICIO_TB (RESERVACION_SERVICIO_ID, RESERVACION_ID, SERVICIO_ID)
VALUES (33, 33, 13);

INSERT INTO FIDE_RESERVACION_SERVICIO_TB (RESERVACION_SERVICIO_ID, RESERVACION_ID, SERVICIO_ID)
VALUES (34, 34, 14);

INSERT INTO FIDE_RESERVACION_SERVICIO_TB (RESERVACION_SERVICIO_ID, RESERVACION_ID, SERVICIO_ID)
VALUES (35, 35, 15);

INSERT INTO FIDE_RESERVACION_SERVICIO_TB (RESERVACION_SERVICIO_ID, RESERVACION_ID, SERVICIO_ID)
VALUES (36, 36, 16);

INSERT INTO FIDE_RESERVACION_SERVICIO_TB (RESERVACION_SERVICIO_ID, RESERVACION_ID, SERVICIO_ID)
VALUES (37, 37, 17);

INSERT INTO FIDE_RESERVACION_SERVICIO_TB (RESERVACION_SERVICIO_ID, RESERVACION_ID, SERVICIO_ID)
VALUES (38, 38, 18);

INSERT INTO FIDE_RESERVACION_SERVICIO_TB (RESERVACION_SERVICIO_ID, RESERVACION_ID, SERVICIO_ID)
VALUES (39, 39, 19);

INSERT INTO FIDE_RESERVACION_SERVICIO_TB (RESERVACION_SERVICIO_ID, RESERVACION_ID, SERVICIO_ID)
VALUES (40, 40, 20);

INSERT INTO FIDE_RESERVACION_SERVICIO_TB (RESERVACION_SERVICIO_ID, RESERVACION_ID, SERVICIO_ID)
VALUES (41, 21, 2);

INSERT INTO FIDE_RESERVACION_SERVICIO_TB (RESERVACION_SERVICIO_ID, RESERVACION_ID, SERVICIO_ID)
VALUES (42, 22, 3);

INSERT INTO FIDE_RESERVACION_SERVICIO_TB (RESERVACION_SERVICIO_ID, RESERVACION_ID, SERVICIO_ID)
VALUES (43, 23, 4);

INSERT INTO FIDE_RESERVACION_SERVICIO_TB (RESERVACION_SERVICIO_ID, RESERVACION_ID, SERVICIO_ID)
VALUES (44, 24, 5);

INSERT INTO FIDE_RESERVACION_SERVICIO_TB (RESERVACION_SERVICIO_ID, RESERVACION_ID, SERVICIO_ID)
VALUES (45, 25, 6);

INSERT INTO FIDE_RESERVACION_SERVICIO_TB (RESERVACION_SERVICIO_ID, RESERVACION_ID, SERVICIO_ID)
VALUES (46, 26, 7);

INSERT INTO FIDE_RESERVACION_SERVICIO_TB (RESERVACION_SERVICIO_ID, RESERVACION_ID, SERVICIO_ID)
VALUES (47, 27, 8);

INSERT INTO FIDE_RESERVACION_SERVICIO_TB (RESERVACION_SERVICIO_ID, RESERVACION_ID, SERVICIO_ID)
VALUES (48, 28, 9);

INSERT INTO FIDE_RESERVACION_SERVICIO_TB (RESERVACION_SERVICIO_ID, RESERVACION_ID, SERVICIO_ID)
VALUES (49, 29, 10);

INSERT INTO FIDE_RESERVACION_SERVICIO_TB (RESERVACION_SERVICIO_ID, RESERVACION_ID, SERVICIO_ID)
VALUES (50, 30, 11);

INSERT INTO FIDE_RESERVACION_SERVICIO_TB (RESERVACION_SERVICIO_ID, RESERVACION_ID, SERVICIO_ID)
VALUES (51, 31, 12);

INSERT INTO FIDE_RESERVACION_SERVICIO_TB (RESERVACION_SERVICIO_ID, RESERVACION_ID, SERVICIO_ID)
VALUES (52, 32, 13);

INSERT INTO FIDE_RESERVACION_SERVICIO_TB (RESERVACION_SERVICIO_ID, RESERVACION_ID, SERVICIO_ID)
VALUES (53, 33, 14);

INSERT INTO FIDE_RESERVACION_SERVICIO_TB (RESERVACION_SERVICIO_ID, RESERVACION_ID, SERVICIO_ID)
VALUES (54, 34, 15);

INSERT INTO FIDE_RESERVACION_SERVICIO_TB (RESERVACION_SERVICIO_ID, RESERVACION_ID, SERVICIO_ID)
VALUES (55, 35, 16);

INSERT INTO FIDE_RESERVACION_SERVICIO_TB (RESERVACION_SERVICIO_ID, RESERVACION_ID, SERVICIO_ID)
VALUES (56, 36, 17);

INSERT INTO FIDE_RESERVACION_SERVICIO_TB (RESERVACION_SERVICIO_ID, RESERVACION_ID, SERVICIO_ID)
VALUES (57, 37, 18);

INSERT INTO FIDE_RESERVACION_SERVICIO_TB (RESERVACION_SERVICIO_ID, RESERVACION_ID, SERVICIO_ID)
VALUES (58, 38, 19);

INSERT INTO FIDE_RESERVACION_SERVICIO_TB (RESERVACION_SERVICIO_ID, RESERVACION_ID, SERVICIO_ID)
VALUES (59, 39, 20);

INSERT INTO FIDE_RESERVACION_SERVICIO_TB (RESERVACION_SERVICIO_ID, RESERVACION_ID, SERVICIO_ID)
VALUES (60, 40, 21);

INSERT INTO FIDE_RESERVACION_SERVICIO_TB (RESERVACION_SERVICIO_ID, RESERVACION_ID, SERVICIO_ID)
VALUES (61, 31, 22);

INSERT INTO FIDE_RESERVACION_SERVICIO_TB (RESERVACION_SERVICIO_ID, RESERVACION_ID, SERVICIO_ID)
VALUES (62, 32, 23);

INSERT INTO FIDE_RESERVACION_SERVICIO_TB (RESERVACION_SERVICIO_ID, RESERVACION_ID, SERVICIO_ID)
VALUES (63, 33, 24);

INSERT INTO FIDE_RESERVACION_SERVICIO_TB (RESERVACION_SERVICIO_ID, RESERVACION_ID, SERVICIO_ID)
VALUES (64, 34, 25);

INSERT INTO FIDE_RESERVACION_SERVICIO_TB (RESERVACION_SERVICIO_ID, RESERVACION_ID, SERVICIO_ID)
VALUES (65, 35, 26);

INSERT INTO FIDE_RESERVACION_SERVICIO_TB (RESERVACION_SERVICIO_ID, RESERVACION_ID, SERVICIO_ID)
VALUES (66, 36, 27);

INSERT INTO FIDE_RESERVACION_SERVICIO_TB (RESERVACION_SERVICIO_ID, RESERVACION_ID, SERVICIO_ID)
VALUES (67, 37, 28);

INSERT INTO FIDE_RESERVACION_SERVICIO_TB (RESERVACION_SERVICIO_ID, RESERVACION_ID, SERVICIO_ID)
VALUES (68, 38, 29);

INSERT INTO FIDE_RESERVACION_SERVICIO_TB (RESERVACION_SERVICIO_ID, RESERVACION_ID, SERVICIO_ID)
VALUES (69, 39, 30);

INSERT INTO FIDE_RESERVACION_SERVICIO_TB (RESERVACION_SERVICIO_ID, RESERVACION_ID, SERVICIO_ID)
VALUES (70, 40, 31);

INSERT INTO FIDE_RESERVACION_SERVICIO_TB (RESERVACION_SERVICIO_ID, RESERVACION_ID, SERVICIO_ID)
VALUES (71, 41, 5);

INSERT INTO FIDE_RESERVACION_SERVICIO_TB (RESERVACION_SERVICIO_ID, RESERVACION_ID, SERVICIO_ID)
VALUES (72, 42, 6);

INSERT INTO FIDE_RESERVACION_SERVICIO_TB (RESERVACION_SERVICIO_ID, RESERVACION_ID, SERVICIO_ID)
VALUES (73, 43, 7);

INSERT INTO FIDE_RESERVACION_SERVICIO_TB (RESERVACION_SERVICIO_ID, RESERVACION_ID, SERVICIO_ID)
VALUES (74, 44, 8);

INSERT INTO FIDE_RESERVACION_SERVICIO_TB (RESERVACION_SERVICIO_ID, RESERVACION_ID, SERVICIO_ID)
VALUES (75, 45, 9);

INSERT INTO FIDE_RESERVACION_SERVICIO_TB (RESERVACION_SERVICIO_ID, RESERVACION_ID, SERVICIO_ID)
VALUES (76, 46, 10);

INSERT INTO FIDE_RESERVACION_SERVICIO_TB (RESERVACION_SERVICIO_ID, RESERVACION_ID, SERVICIO_ID)
VALUES (77, 47, 11);

INSERT INTO FIDE_RESERVACION_SERVICIO_TB (RESERVACION_SERVICIO_ID, RESERVACION_ID, SERVICIO_ID)
VALUES (78, 48, 12);

INSERT INTO FIDE_RESERVACION_SERVICIO_TB (RESERVACION_SERVICIO_ID, RESERVACION_ID, SERVICIO_ID)
VALUES (79, 49, 13);

INSERT INTO FIDE_RESERVACION_SERVICIO_TB (RESERVACION_SERVICIO_ID, RESERVACION_ID, SERVICIO_ID)
VALUES (80, 50, 14);

INSERT INTO FIDE_RESERVACION_SERVICIO_TB (RESERVACION_SERVICIO_ID, RESERVACION_ID, SERVICIO_ID)
VALUES (81, 51, 15);

INSERT INTO FIDE_RESERVACION_SERVICIO_TB (RESERVACION_SERVICIO_ID, RESERVACION_ID, SERVICIO_ID)
VALUES (82, 52, 16);

INSERT INTO FIDE_RESERVACION_SERVICIO_TB (RESERVACION_SERVICIO_ID, RESERVACION_ID, SERVICIO_ID)
VALUES (83, 53, 17);

INSERT INTO FIDE_RESERVACION_SERVICIO_TB (RESERVACION_SERVICIO_ID, RESERVACION_ID, SERVICIO_ID)
VALUES (84, 54, 18);

INSERT INTO FIDE_RESERVACION_SERVICIO_TB (RESERVACION_SERVICIO_ID, RESERVACION_ID, SERVICIO_ID)
VALUES (85, 55, 19);

INSERT INTO FIDE_RESERVACION_SERVICIO_TB (RESERVACION_SERVICIO_ID, RESERVACION_ID, SERVICIO_ID)
VALUES (86, 56, 20);

INSERT INTO FIDE_RESERVACION_SERVICIO_TB (RESERVACION_SERVICIO_ID, RESERVACION_ID, SERVICIO_ID)
VALUES (87, 57, 21);

INSERT INTO FIDE_RESERVACION_SERVICIO_TB (RESERVACION_SERVICIO_ID, RESERVACION_ID, SERVICIO_ID)
VALUES (88, 58, 22);

INSERT INTO FIDE_RESERVACION_SERVICIO_TB (RESERVACION_SERVICIO_ID, RESERVACION_ID, SERVICIO_ID)
VALUES (89, 59, 23);

INSERT INTO FIDE_RESERVACION_SERVICIO_TB (RESERVACION_SERVICIO_ID, RESERVACION_ID, SERVICIO_ID)
VALUES (90, 60, 24);

INSERT INTO FIDE_RESERVACION_SERVICIO_TB (RESERVACION_SERVICIO_ID, RESERVACION_ID, SERVICIO_ID)
VALUES (91, 51, 5);

INSERT INTO FIDE_RESERVACION_SERVICIO_TB (RESERVACION_SERVICIO_ID, RESERVACION_ID, SERVICIO_ID)
VALUES (92, 52, 6);

INSERT INTO FIDE_RESERVACION_SERVICIO_TB (RESERVACION_SERVICIO_ID, RESERVACION_ID, SERVICIO_ID)
VALUES (93, 53, 7);

INSERT INTO FIDE_RESERVACION_SERVICIO_TB (RESERVACION_SERVICIO_ID, RESERVACION_ID, SERVICIO_ID)
VALUES (94, 54, 8);

INSERT INTO FIDE_RESERVACION_SERVICIO_TB (RESERVACION_SERVICIO_ID, RESERVACION_ID, SERVICIO_ID)
VALUES (95, 55, 9);

INSERT INTO FIDE_RESERVACION_SERVICIO_TB (RESERVACION_SERVICIO_ID, RESERVACION_ID, SERVICIO_ID)
VALUES (96, 56, 10);

INSERT INTO FIDE_RESERVACION_SERVICIO_TB (RESERVACION_SERVICIO_ID, RESERVACION_ID, SERVICIO_ID)
VALUES (97, 57, 11);

INSERT INTO FIDE_RESERVACION_SERVICIO_TB (RESERVACION_SERVICIO_ID, RESERVACION_ID, SERVICIO_ID)
VALUES (98, 58, 12);

INSERT INTO FIDE_RESERVACION_SERVICIO_TB (RESERVACION_SERVICIO_ID, RESERVACION_ID, SERVICIO_ID)
VALUES (99, 59, 13);

INSERT INTO FIDE_RESERVACION_SERVICIO_TB (RESERVACION_SERVICIO_ID, RESERVACION_ID, SERVICIO_ID)
VALUES (100, 60, 14);

--INSERTS TABLA RESERVACION RESTAURANTE
INSERT INTO FIDE_RESERVACION_RESTAURANTE_TB (RESERVACION_RESTAURANTE_ID, RESTAURANTE_ID, RESERVACION_ID, FECHA, ESTADO)
VALUES (1, 1, 1, TO_DATE('2024-12-01', 'YYYY-MM-DD'), 'CONFIRMADA');

INSERT INTO FIDE_RESERVACION_RESTAURANTE_TB (RESERVACION_RESTAURANTE_ID, RESTAURANTE_ID, RESERVACION_ID, FECHA, ESTADO)
VALUES (2, 2, 2, TO_DATE('2024-12-02', 'YYYY-MM-DD'), 'PENDIENTE');

INSERT INTO FIDE_RESERVACION_RESTAURANTE_TB (RESERVACION_RESTAURANTE_ID, RESTAURANTE_ID, RESERVACION_ID, FECHA, ESTADO)
VALUES (3, 3, 3, TO_DATE('2024-12-03', 'YYYY-MM-DD'), 'CANCELADA');

INSERT INTO FIDE_RESERVACION_RESTAURANTE_TB (RESERVACION_RESTAURANTE_ID, RESTAURANTE_ID, RESERVACION_ID, FECHA, ESTADO)
VALUES (4, 4, 4, TO_DATE('2024-12-04', 'YYYY-MM-DD'), 'COMPLETADA');

INSERT INTO FIDE_RESERVACION_RESTAURANTE_TB (RESERVACION_RESTAURANTE_ID, RESTAURANTE_ID, RESERVACION_ID, FECHA, ESTADO)
VALUES (5, 5, 5, TO_DATE('2024-12-05', 'YYYY-MM-DD'), 'CONFIRMADA');

INSERT INTO FIDE_RESERVACION_RESTAURANTE_TB (RESERVACION_RESTAURANTE_ID, RESTAURANTE_ID, RESERVACION_ID, FECHA, ESTADO)
VALUES (6, 6, 6, TO_DATE('2024-12-06', 'YYYY-MM-DD'), 'PENDIENTE');

INSERT INTO FIDE_RESERVACION_RESTAURANTE_TB (RESERVACION_RESTAURANTE_ID, RESTAURANTE_ID, RESERVACION_ID, FECHA, ESTADO)
VALUES (7, 7, 7, TO_DATE('2024-12-07', 'YYYY-MM-DD'), 'CANCELADA');

INSERT INTO FIDE_RESERVACION_RESTAURANTE_TB (RESERVACION_RESTAURANTE_ID, RESTAURANTE_ID, RESERVACION_ID, FECHA, ESTADO)
VALUES (8, 8, 8, TO_DATE('2024-12-08', 'YYYY-MM-DD'), 'COMPLETADA');

INSERT INTO FIDE_RESERVACION_RESTAURANTE_TB (RESERVACION_RESTAURANTE_ID, RESTAURANTE_ID, RESERVACION_ID, FECHA, ESTADO)
VALUES (9, 9, 9, TO_DATE('2024-12-09', 'YYYY-MM-DD'), 'CONFIRMADA');

INSERT INTO FIDE_RESERVACION_RESTAURANTE_TB (RESERVACION_RESTAURANTE_ID, RESTAURANTE_ID, RESERVACION_ID, FECHA, ESTADO)
VALUES (10, 10, 10, TO_DATE('2024-12-10', 'YYYY-MM-DD'), 'COMPLETADA');

INSERT INTO FIDE_RESERVACION_RESTAURANTE_TB (RESERVACION_RESTAURANTE_ID, RESTAURANTE_ID, RESERVACION_ID, FECHA, ESTADO)
VALUES (11, 11, 11, TO_DATE('2024-12-11', 'YYYY-MM-DD'), 'CONFIRMADA');

INSERT INTO FIDE_RESERVACION_RESTAURANTE_TB (RESERVACION_RESTAURANTE_ID, RESTAURANTE_ID, RESERVACION_ID, FECHA, ESTADO)
VALUES (12, 12, 12, TO_DATE('2024-12-12', 'YYYY-MM-DD'), 'PENDIENTE');

INSERT INTO FIDE_RESERVACION_RESTAURANTE_TB (RESERVACION_RESTAURANTE_ID, RESTAURANTE_ID, RESERVACION_ID, FECHA, ESTADO)
VALUES (13, 13, 13, TO_DATE('2024-12-13', 'YYYY-MM-DD'), 'CANCELADA');

INSERT INTO FIDE_RESERVACION_RESTAURANTE_TB (RESERVACION_RESTAURANTE_ID, RESTAURANTE_ID, RESERVACION_ID, FECHA, ESTADO)
VALUES (14, 14, 14, TO_DATE('2024-12-14', 'YYYY-MM-DD'), 'COMPLETADA');

INSERT INTO FIDE_RESERVACION_RESTAURANTE_TB (RESERVACION_RESTAURANTE_ID, RESTAURANTE_ID, RESERVACION_ID, FECHA, ESTADO)
VALUES (15, 15, 15, TO_DATE('2024-12-15', 'YYYY-MM-DD'), 'CONFIRMADA');

INSERT INTO FIDE_RESERVACION_RESTAURANTE_TB (RESERVACION_RESTAURANTE_ID, RESTAURANTE_ID, RESERVACION_ID, FECHA, ESTADO)
VALUES (16, 16, 16, TO_DATE('2024-12-16', 'YYYY-MM-DD'), 'PENDIENTE');

INSERT INTO FIDE_RESERVACION_RESTAURANTE_TB (RESERVACION_RESTAURANTE_ID, RESTAURANTE_ID, RESERVACION_ID, FECHA, ESTADO)
VALUES (17, 17, 17, TO_DATE('2024-12-17', 'YYYY-MM-DD'), 'CANCELADA');

INSERT INTO FIDE_RESERVACION_RESTAURANTE_TB (RESERVACION_RESTAURANTE_ID, RESTAURANTE_ID, RESERVACION_ID, FECHA, ESTADO)
VALUES (18, 18, 18, TO_DATE('2024-12-18', 'YYYY-MM-DD'), 'COMPLETADA');

INSERT INTO FIDE_RESERVACION_RESTAURANTE_TB (RESERVACION_RESTAURANTE_ID, RESTAURANTE_ID, RESERVACION_ID, FECHA, ESTADO)
VALUES (19, 19, 19, TO_DATE('2024-12-19', 'YYYY-MM-DD'), 'CONFIRMADA');

INSERT INTO FIDE_RESERVACION_RESTAURANTE_TB (RESERVACION_RESTAURANTE_ID, RESTAURANTE_ID, RESERVACION_ID, FECHA, ESTADO)
VALUES (20, 20, 20, TO_DATE('2024-12-20', 'YYYY-MM-DD'), 'PENDIENTE');

INSERT INTO FIDE_RESERVACION_RESTAURANTE_TB (RESERVACION_RESTAURANTE_ID, RESTAURANTE_ID, RESERVACION_ID, FECHA, ESTADO)
VALUES (21, 1, 21, TO_DATE('2024-12-21', 'YYYY-MM-DD'), 'CONFIRMADA');

INSERT INTO FIDE_RESERVACION_RESTAURANTE_TB (RESERVACION_RESTAURANTE_ID, RESTAURANTE_ID, RESERVACION_ID, FECHA, ESTADO)
VALUES (22, 2, 22, TO_DATE('2024-12-22', 'YYYY-MM-DD'), 'PENDIENTE');

INSERT INTO FIDE_RESERVACION_RESTAURANTE_TB (RESERVACION_RESTAURANTE_ID, RESTAURANTE_ID, RESERVACION_ID, FECHA, ESTADO)
VALUES (23, 3, 23, TO_DATE('2024-12-23', 'YYYY-MM-DD'), 'CANCELADA');

INSERT INTO FIDE_RESERVACION_RESTAURANTE_TB (RESERVACION_RESTAURANTE_ID, RESTAURANTE_ID, RESERVACION_ID, FECHA, ESTADO)
VALUES (24, 4, 24, TO_DATE('2024-12-24', 'YYYY-MM-DD'), 'COMPLETADA');

INSERT INTO FIDE_RESERVACION_RESTAURANTE_TB (RESERVACION_RESTAURANTE_ID, RESTAURANTE_ID, RESERVACION_ID, FECHA, ESTADO)
VALUES (25, 5, 25, TO_DATE('2024-12-25', 'YYYY-MM-DD'), 'CONFIRMADA');

INSERT INTO FIDE_RESERVACION_RESTAURANTE_TB (RESERVACION_RESTAURANTE_ID, RESTAURANTE_ID, RESERVACION_ID, FECHA, ESTADO)
VALUES (26, 6, 26, TO_DATE('2024-12-26', 'YYYY-MM-DD'), 'PENDIENTE');

INSERT INTO FIDE_RESERVACION_RESTAURANTE_TB (RESERVACION_RESTAURANTE_ID, RESTAURANTE_ID, RESERVACION_ID, FECHA, ESTADO)
VALUES (27, 7, 27, TO_DATE('2024-12-27', 'YYYY-MM-DD'), 'CANCELADA');

INSERT INTO FIDE_RESERVACION_RESTAURANTE_TB (RESERVACION_RESTAURANTE_ID, RESTAURANTE_ID, RESERVACION_ID, FECHA, ESTADO)
VALUES (28, 8, 28, TO_DATE('2024-12-28', 'YYYY-MM-DD'), 'COMPLETADA');

INSERT INTO FIDE_RESERVACION_RESTAURANTE_TB (RESERVACION_RESTAURANTE_ID, RESTAURANTE_ID, RESERVACION_ID, FECHA, ESTADO)
VALUES (29, 9, 29, TO_DATE('2024-12-29', 'YYYY-MM-DD'), 'CONFIRMADA');

INSERT INTO FIDE_RESERVACION_RESTAURANTE_TB (RESERVACION_RESTAURANTE_ID, RESTAURANTE_ID, RESERVACION_ID, FECHA, ESTADO)
VALUES (30, 10, 30, TO_DATE('2024-12-30', 'YYYY-MM-DD'), 'PENDIENTE');

INSERT INTO FIDE_RESERVACION_RESTAURANTE_TB (RESERVACION_RESTAURANTE_ID, RESTAURANTE_ID, RESERVACION_ID, FECHA, ESTADO)
VALUES (31, 11, 31, TO_DATE('2024-12-31', 'YYYY-MM-DD'), 'CANCELADA');

INSERT INTO FIDE_RESERVACION_RESTAURANTE_TB (RESERVACION_RESTAURANTE_ID, RESTAURANTE_ID, RESERVACION_ID, FECHA, ESTADO)
VALUES (32, 12, 32, TO_DATE('2025-01-01', 'YYYY-MM-DD'), 'CONFIRMADA');

INSERT INTO FIDE_RESERVACION_RESTAURANTE_TB (RESERVACION_RESTAURANTE_ID, RESTAURANTE_ID, RESERVACION_ID, FECHA, ESTADO)
VALUES (33, 13, 33, TO_DATE('2025-01-02', 'YYYY-MM-DD'), 'PENDIENTE');

INSERT INTO FIDE_RESERVACION_RESTAURANTE_TB (RESERVACION_RESTAURANTE_ID, RESTAURANTE_ID, RESERVACION_ID, FECHA, ESTADO)
VALUES (34, 14, 34, TO_DATE('2025-01-03', 'YYYY-MM-DD'), 'COMPLETADA');

INSERT INTO FIDE_RESERVACION_RESTAURANTE_TB (RESERVACION_RESTAURANTE_ID, RESTAURANTE_ID, RESERVACION_ID, FECHA, ESTADO)
VALUES (35, 15, 35, TO_DATE('2025-01-04', 'YYYY-MM-DD'), 'CONFIRMADA');

INSERT INTO FIDE_RESERVACION_RESTAURANTE_TB (RESERVACION_RESTAURANTE_ID, RESTAURANTE_ID, RESERVACION_ID, FECHA, ESTADO)
VALUES (36, 16, 36, TO_DATE('2025-01-05', 'YYYY-MM-DD'), 'PENDIENTE');

INSERT INTO FIDE_RESERVACION_RESTAURANTE_TB (RESERVACION_RESTAURANTE_ID, RESTAURANTE_ID, RESERVACION_ID, FECHA, ESTADO)
VALUES (37, 17, 37, TO_DATE('2025-01-06', 'YYYY-MM-DD'), 'CANCELADA');

INSERT INTO FIDE_RESERVACION_RESTAURANTE_TB (RESERVACION_RESTAURANTE_ID, RESTAURANTE_ID, RESERVACION_ID, FECHA, ESTADO)
VALUES (38, 18, 38, TO_DATE('2025-01-07', 'YYYY-MM-DD'), 'COMPLETADA');

INSERT INTO FIDE_RESERVACION_RESTAURANTE_TB (RESERVACION_RESTAURANTE_ID, RESTAURANTE_ID, RESERVACION_ID, FECHA, ESTADO)
VALUES (39, 19, 39, TO_DATE('2025-01-08', 'YYYY-MM-DD'), 'CONFIRMADA');

INSERT INTO FIDE_RESERVACION_RESTAURANTE_TB (RESERVACION_RESTAURANTE_ID, RESTAURANTE_ID, RESERVACION_ID, FECHA, ESTADO)
VALUES (40, 20, 40, TO_DATE('2025-01-09', 'YYYY-MM-DD'), 'PENDIENTE');

INSERT INTO FIDE_RESERVACION_RESTAURANTE_TB (RESERVACION_RESTAURANTE_ID, RESTAURANTE_ID, RESERVACION_ID, FECHA, ESTADO)
VALUES (41, 1, 41, TO_DATE('2025-01-10', 'YYYY-MM-DD'), 'CANCELADA');

INSERT INTO FIDE_RESERVACION_RESTAURANTE_TB (RESERVACION_RESTAURANTE_ID, RESTAURANTE_ID, RESERVACION_ID, FECHA, ESTADO)
VALUES (42, 2, 42, TO_DATE('2025-01-11', 'YYYY-MM-DD'), 'CONFIRMADA');

INSERT INTO FIDE_RESERVACION_RESTAURANTE_TB (RESERVACION_RESTAURANTE_ID, RESTAURANTE_ID, RESERVACION_ID, FECHA, ESTADO)
VALUES (43, 3, 43, TO_DATE('2025-01-12', 'YYYY-MM-DD'), 'PENDIENTE');

INSERT INTO FIDE_RESERVACION_RESTAURANTE_TB (RESERVACION_RESTAURANTE_ID, RESTAURANTE_ID, RESERVACION_ID, FECHA, ESTADO)
VALUES (44, 4, 44, TO_DATE('2025-01-13', 'YYYY-MM-DD'), 'COMPLETADA');

INSERT INTO FIDE_RESERVACION_RESTAURANTE_TB (RESERVACION_RESTAURANTE_ID, RESTAURANTE_ID, RESERVACION_ID, FECHA, ESTADO)
VALUES (45, 5, 45, TO_DATE('2025-01-14', 'YYYY-MM-DD'), 'CONFIRMADA');

INSERT INTO FIDE_RESERVACION_RESTAURANTE_TB (RESERVACION_RESTAURANTE_ID, RESTAURANTE_ID, RESERVACION_ID, FECHA, ESTADO)
VALUES (46, 6, 46, TO_DATE('2025-01-15', 'YYYY-MM-DD'), 'PENDIENTE');

INSERT INTO FIDE_RESERVACION_RESTAURANTE_TB (RESERVACION_RESTAURANTE_ID, RESTAURANTE_ID, RESERVACION_ID, FECHA, ESTADO)
VALUES (47, 7, 47, TO_DATE('2025-01-16', 'YYYY-MM-DD'), 'CANCELADA');

INSERT INTO FIDE_RESERVACION_RESTAURANTE_TB (RESERVACION_RESTAURANTE_ID, RESTAURANTE_ID, RESERVACION_ID, FECHA, ESTADO)
VALUES (48, 8, 48, TO_DATE('2025-01-17', 'YYYY-MM-DD'), 'COMPLETADA');

INSERT INTO FIDE_RESERVACION_RESTAURANTE_TB (RESERVACION_RESTAURANTE_ID, RESTAURANTE_ID, RESERVACION_ID, FECHA, ESTADO)
VALUES (49, 9, 49, TO_DATE('2025-01-18', 'YYYY-MM-DD'), 'CONFIRMADA');

INSERT INTO FIDE_RESERVACION_RESTAURANTE_TB (RESERVACION_RESTAURANTE_ID, RESTAURANTE_ID, RESERVACION_ID, FECHA, ESTADO)
VALUES (50, 10, 50, TO_DATE('2025-01-19', 'YYYY-MM-DD'), 'PENDIENTE');

INSERT INTO FIDE_RESERVACION_RESTAURANTE_TB (RESERVACION_RESTAURANTE_ID, RESTAURANTE_ID, RESERVACION_ID, FECHA, ESTADO)
VALUES (51, 11, 51, TO_DATE('2025-01-20', 'YYYY-MM-DD'), 'CONFIRMADA');

INSERT INTO FIDE_RESERVACION_RESTAURANTE_TB (RESERVACION_RESTAURANTE_ID, RESTAURANTE_ID, RESERVACION_ID, FECHA, ESTADO)
VALUES (52, 12, 52, TO_DATE('2025-01-21', 'YYYY-MM-DD'), 'CANCELADA');

INSERT INTO FIDE_RESERVACION_RESTAURANTE_TB (RESERVACION_RESTAURANTE_ID, RESTAURANTE_ID, RESERVACION_ID, FECHA, ESTADO)
VALUES (53, 13, 53, TO_DATE('2025-01-22', 'YYYY-MM-DD'), 'PENDIENTE');

INSERT INTO FIDE_RESERVACION_RESTAURANTE_TB (RESERVACION_RESTAURANTE_ID, RESTAURANTE_ID, RESERVACION_ID, FECHA, ESTADO)
VALUES (54, 14, 54, TO_DATE('2025-01-23', 'YYYY-MM-DD'), 'COMPLETADA');

INSERT INTO FIDE_RESERVACION_RESTAURANTE_TB (RESERVACION_RESTAURANTE_ID, RESTAURANTE_ID, RESERVACION_ID, FECHA, ESTADO)
VALUES (55, 15, 55, TO_DATE('2025-01-24', 'YYYY-MM-DD'), 'CONFIRMADA');

INSERT INTO FIDE_RESERVACION_RESTAURANTE_TB (RESERVACION_RESTAURANTE_ID, RESTAURANTE_ID, RESERVACION_ID, FECHA, ESTADO)
VALUES (56, 16, 56, TO_DATE('2025-01-25', 'YYYY-MM-DD'), 'CANCELADA');

INSERT INTO FIDE_RESERVACION_RESTAURANTE_TB (RESERVACION_RESTAURANTE_ID, RESTAURANTE_ID, RESERVACION_ID, FECHA, ESTADO)
VALUES (57, 17, 57, TO_DATE('2025-01-26', 'YYYY-MM-DD'), 'COMPLETADA');

INSERT INTO FIDE_RESERVACION_RESTAURANTE_TB (RESERVACION_RESTAURANTE_ID, RESTAURANTE_ID, RESERVACION_ID, FECHA, ESTADO)
VALUES (58, 18, 58, TO_DATE('2025-01-27', 'YYYY-MM-DD'), 'PENDIENTE');

INSERT INTO FIDE_RESERVACION_RESTAURANTE_TB (RESERVACION_RESTAURANTE_ID, RESTAURANTE_ID, RESERVACION_ID, FECHA, ESTADO)
VALUES (59, 19, 59, TO_DATE('2025-01-28', 'YYYY-MM-DD'), 'CONFIRMADA');

INSERT INTO FIDE_RESERVACION_RESTAURANTE_TB (RESERVACION_RESTAURANTE_ID, RESTAURANTE_ID, RESERVACION_ID, FECHA, ESTADO)
VALUES (60, 20, 60, TO_DATE('2025-01-29', 'YYYY-MM-DD'), 'PENDIENTE');

INSERT INTO FIDE_RESERVACION_RESTAURANTE_TB (RESERVACION_RESTAURANTE_ID, RESTAURANTE_ID, RESERVACION_ID, FECHA, ESTADO)
VALUES (61, 1, 61, TO_DATE('2025-01-30', 'YYYY-MM-DD'), 'CANCELADA');

INSERT INTO FIDE_RESERVACION_RESTAURANTE_TB (RESERVACION_RESTAURANTE_ID, RESTAURANTE_ID, RESERVACION_ID, FECHA, ESTADO)
VALUES (62, 2, 62, TO_DATE('2025-01-31', 'YYYY-MM-DD'), 'CONFIRMADA');

INSERT INTO FIDE_RESERVACION_RESTAURANTE_TB (RESERVACION_RESTAURANTE_ID, RESTAURANTE_ID, RESERVACION_ID, FECHA, ESTADO)
VALUES (63, 3, 63, TO_DATE('2025-02-01', 'YYYY-MM-DD'), 'COMPLETADA');

INSERT INTO FIDE_RESERVACION_RESTAURANTE_TB (RESERVACION_RESTAURANTE_ID, RESTAURANTE_ID, RESERVACION_ID, FECHA, ESTADO)
VALUES (64, 4, 64, TO_DATE('2025-02-02', 'YYYY-MM-DD'), 'CANCELADA');

INSERT INTO FIDE_RESERVACION_RESTAURANTE_TB (RESERVACION_RESTAURANTE_ID, RESTAURANTE_ID, RESERVACION_ID, FECHA, ESTADO)
VALUES (65, 5, 65, TO_DATE('2025-02-03', 'YYYY-MM-DD'), 'PENDIENTE');

INSERT INTO FIDE_RESERVACION_RESTAURANTE_TB (RESERVACION_RESTAURANTE_ID, RESTAURANTE_ID, RESERVACION_ID, FECHA, ESTADO)
VALUES (66, 6, 66, TO_DATE('2025-02-04', 'YYYY-MM-DD'), 'CONFIRMADA');

INSERT INTO FIDE_RESERVACION_RESTAURANTE_TB (RESERVACION_RESTAURANTE_ID, RESTAURANTE_ID, RESERVACION_ID, FECHA, ESTADO)
VALUES (67, 7, 67, TO_DATE('2025-02-05', 'YYYY-MM-DD'), 'CANCELADA');

INSERT INTO FIDE_RESERVACION_RESTAURANTE_TB (RESERVACION_RESTAURANTE_ID, RESTAURANTE_ID, RESERVACION_ID, FECHA, ESTADO)
VALUES (68, 8, 68, TO_DATE('2025-02-06', 'YYYY-MM-DD'), 'COMPLETADA');

INSERT INTO FIDE_RESERVACION_RESTAURANTE_TB (RESERVACION_RESTAURANTE_ID, RESTAURANTE_ID, RESERVACION_ID, FECHA, ESTADO)
VALUES (69, 9, 69, TO_DATE('2025-02-07', 'YYYY-MM-DD'), 'CONFIRMADA');

INSERT INTO FIDE_RESERVACION_RESTAURANTE_TB (RESERVACION_RESTAURANTE_ID, RESTAURANTE_ID, RESERVACION_ID, FECHA, ESTADO)
VALUES (70, 10, 70, TO_DATE('2025-02-08', 'YYYY-MM-DD'), 'PENDIENTE');

INSERT INTO FIDE_RESERVACION_RESTAURANTE_TB (RESERVACION_RESTAURANTE_ID, RESTAURANTE_ID, RESERVACION_ID, FECHA, ESTADO)
VALUES (71, 11, 71, TO_DATE('2025-02-09', 'YYYY-MM-DD'), 'CONFIRMADA');

INSERT INTO FIDE_RESERVACION_RESTAURANTE_TB (RESERVACION_RESTAURANTE_ID, RESTAURANTE_ID, RESERVACION_ID, FECHA, ESTADO)
VALUES (72, 12, 72, TO_DATE('2025-02-10', 'YYYY-MM-DD'), 'PENDIENTE');

INSERT INTO FIDE_RESERVACION_RESTAURANTE_TB (RESERVACION_RESTAURANTE_ID, RESTAURANTE_ID, RESERVACION_ID, FECHA, ESTADO)
VALUES (73, 13, 73, TO_DATE('2025-02-11', 'YYYY-MM-DD'), 'CANCELADA');

INSERT INTO FIDE_RESERVACION_RESTAURANTE_TB (RESERVACION_RESTAURANTE_ID, RESTAURANTE_ID, RESERVACION_ID, FECHA, ESTADO)
VALUES (74, 14, 74, TO_DATE('2025-02-12', 'YYYY-MM-DD'), 'COMPLETADA');

INSERT INTO FIDE_RESERVACION_RESTAURANTE_TB (RESERVACION_RESTAURANTE_ID, RESTAURANTE_ID, RESERVACION_ID, FECHA, ESTADO)
VALUES (75, 15, 75, TO_DATE('2025-02-13', 'YYYY-MM-DD'), 'CONFIRMADA');

INSERT INTO FIDE_RESERVACION_RESTAURANTE_TB (RESERVACION_RESTAURANTE_ID, RESTAURANTE_ID, RESERVACION_ID, FECHA, ESTADO)
VALUES (76, 16, 76, TO_DATE('2025-02-14', 'YYYY-MM-DD'), 'PENDIENTE');

INSERT INTO FIDE_RESERVACION_RESTAURANTE_TB (RESERVACION_RESTAURANTE_ID, RESTAURANTE_ID, RESERVACION_ID, FECHA, ESTADO)
VALUES (77, 17, 77, TO_DATE('2025-02-15', 'YYYY-MM-DD'), 'CANCELADA');

INSERT INTO FIDE_RESERVACION_RESTAURANTE_TB (RESERVACION_RESTAURANTE_ID, RESTAURANTE_ID, RESERVACION_ID, FECHA, ESTADO)
VALUES (78, 18, 78, TO_DATE('2025-02-16', 'YYYY-MM-DD'), 'COMPLETADA');

INSERT INTO FIDE_RESERVACION_RESTAURANTE_TB (RESERVACION_RESTAURANTE_ID, RESTAURANTE_ID, RESERVACION_ID, FECHA, ESTADO)
VALUES (79, 19, 79, TO_DATE('2025-02-17', 'YYYY-MM-DD'), 'CONFIRMADA');

INSERT INTO FIDE_RESERVACION_RESTAURANTE_TB (RESERVACION_RESTAURANTE_ID, RESTAURANTE_ID, RESERVACION_ID, FECHA, ESTADO)
VALUES (80, 20, 80, TO_DATE('2025-02-18', 'YYYY-MM-DD'), 'PENDIENTE');

INSERT INTO FIDE_RESERVACION_RESTAURANTE_TB (RESERVACION_RESTAURANTE_ID, RESTAURANTE_ID, RESERVACION_ID, FECHA, ESTADO)
VALUES (81, 1, 81, TO_DATE('2025-02-19', 'YYYY-MM-DD'), 'CONFIRMADA');

INSERT INTO FIDE_RESERVACION_RESTAURANTE_TB (RESERVACION_RESTAURANTE_ID, RESTAURANTE_ID, RESERVACION_ID, FECHA, ESTADO)
VALUES (82, 2, 82, TO_DATE('2025-02-20', 'YYYY-MM-DD'), 'CANCELADA');

INSERT INTO FIDE_RESERVACION_RESTAURANTE_TB (RESERVACION_RESTAURANTE_ID, RESTAURANTE_ID, RESERVACION_ID, FECHA, ESTADO)
VALUES (83, 3, 83, TO_DATE('2025-02-21', 'YYYY-MM-DD'), 'COMPLETADA');

INSERT INTO FIDE_RESERVACION_RESTAURANTE_TB (RESERVACION_RESTAURANTE_ID, RESTAURANTE_ID, RESERVACION_ID, FECHA, ESTADO)
VALUES (84, 4, 84, TO_DATE('2025-02-22', 'YYYY-MM-DD'), 'PENDIENTE');

INSERT INTO FIDE_RESERVACION_RESTAURANTE_TB (RESERVACION_RESTAURANTE_ID, RESTAURANTE_ID, RESERVACION_ID, FECHA, ESTADO)
VALUES (85, 5, 85, TO_DATE('2025-02-23', 'YYYY-MM-DD'), 'CONFIRMADA');

INSERT INTO FIDE_RESERVACION_RESTAURANTE_TB (RESERVACION_RESTAURANTE_ID, RESTAURANTE_ID, RESERVACION_ID, FECHA, ESTADO)
VALUES (86, 6, 86, TO_DATE('2025-02-24', 'YYYY-MM-DD'), 'CANCELADA');

INSERT INTO FIDE_RESERVACION_RESTAURANTE_TB (RESERVACION_RESTAURANTE_ID, RESTAURANTE_ID, RESERVACION_ID, FECHA, ESTADO)
VALUES (87, 7, 87, TO_DATE('2025-02-25', 'YYYY-MM-DD'), 'COMPLETADA');

INSERT INTO FIDE_RESERVACION_RESTAURANTE_TB (RESERVACION_RESTAURANTE_ID, RESTAURANTE_ID, RESERVACION_ID, FECHA, ESTADO)
VALUES (88, 8, 88, TO_DATE('2025-02-26', 'YYYY-MM-DD'), 'PENDIENTE');

INSERT INTO FIDE_RESERVACION_RESTAURANTE_TB (RESERVACION_RESTAURANTE_ID, RESTAURANTE_ID, RESERVACION_ID, FECHA, ESTADO)
VALUES (89, 9, 89, TO_DATE('2025-02-27', 'YYYY-MM-DD'), 'CONFIRMADA');

INSERT INTO FIDE_RESERVACION_RESTAURANTE_TB (RESERVACION_RESTAURANTE_ID, RESTAURANTE_ID, RESERVACION_ID, FECHA, ESTADO)
VALUES (90, 10, 90, TO_DATE('2025-02-28', 'YYYY-MM-DD'), 'PENDIENTE');

INSERT INTO FIDE_RESERVACION_RESTAURANTE_TB (RESERVACION_RESTAURANTE_ID, RESTAURANTE_ID, RESERVACION_ID, FECHA, ESTADO)
VALUES (91, 11, 91, TO_DATE('2025-03-01', 'YYYY-MM-DD'), 'CONFIRMADA');

INSERT INTO FIDE_RESERVACION_RESTAURANTE_TB (RESERVACION_RESTAURANTE_ID, RESTAURANTE_ID, RESERVACION_ID, FECHA, ESTADO)
VALUES (92, 12, 92, TO_DATE('2025-03-02', 'YYYY-MM-DD'), 'CANCELADA');

INSERT INTO FIDE_RESERVACION_RESTAURANTE_TB (RESERVACION_RESTAURANTE_ID, RESTAURANTE_ID, RESERVACION_ID, FECHA, ESTADO)
VALUES (93, 13, 93, TO_DATE('2025-03-03', 'YYYY-MM-DD'), 'COMPLETADA');

INSERT INTO FIDE_RESERVACION_RESTAURANTE_TB (RESERVACION_RESTAURANTE_ID, RESTAURANTE_ID, RESERVACION_ID, FECHA, ESTADO)
VALUES (94, 14, 94, TO_DATE('2025-03-04', 'YYYY-MM-DD'), 'PENDIENTE');

INSERT INTO FIDE_RESERVACION_RESTAURANTE_TB (RESERVACION_RESTAURANTE_ID, RESTAURANTE_ID, RESERVACION_ID, FECHA, ESTADO)
VALUES (95, 15, 95, TO_DATE('2025-03-05', 'YYYY-MM-DD'), 'CONFIRMADA');

INSERT INTO FIDE_RESERVACION_RESTAURANTE_TB (RESERVACION_RESTAURANTE_ID, RESTAURANTE_ID, RESERVACION_ID, FECHA, ESTADO)
VALUES (96, 16, 96, TO_DATE('2025-03-06', 'YYYY-MM-DD'), 'CANCELADA');

INSERT INTO FIDE_RESERVACION_RESTAURANTE_TB (RESERVACION_RESTAURANTE_ID, RESTAURANTE_ID, RESERVACION_ID, FECHA, ESTADO)
VALUES (97, 17, 97, TO_DATE('2025-03-07', 'YYYY-MM-DD'), 'COMPLETADA');

INSERT INTO FIDE_RESERVACION_RESTAURANTE_TB (RESERVACION_RESTAURANTE_ID, RESTAURANTE_ID, RESERVACION_ID, FECHA, ESTADO)
VALUES (98, 18, 98, TO_DATE('2025-03-08', 'YYYY-MM-DD'), 'PENDIENTE');

INSERT INTO FIDE_RESERVACION_RESTAURANTE_TB (RESERVACION_RESTAURANTE_ID, RESTAURANTE_ID, RESERVACION_ID, FECHA, ESTADO)
VALUES (99, 19, 99, TO_DATE('2025-03-09', 'YYYY-MM-DD'), 'CONFIRMADA');

INSERT INTO FIDE_RESERVACION_RESTAURANTE_TB (RESERVACION_RESTAURANTE_ID, RESTAURANTE_ID, RESERVACION_ID, FECHA, ESTADO)
VALUES (100, 20, 100, TO_DATE('2025-03-10', 'YYYY-MM-DD'), 'PENDIENTE');

--INSERTS TABLA METODO DE PAGO
INSERT INTO FIDE_METODO_PAGO_TB (METODO_PAGO_ID, NOMBRE)
VALUES (1, 'Tarjeta de Crédito');

INSERT INTO FIDE_METODO_PAGO_TB (METODO_PAGO_ID, NOMBRE)
VALUES (2, 'Tarjeta de Débito');

INSERT INTO FIDE_METODO_PAGO_TB (METODO_PAGO_ID, NOMBRE)
VALUES (3, 'Transferencia Bancaria');

INSERT INTO FIDE_METODO_PAGO_TB (METODO_PAGO_ID, NOMBRE)
VALUES (4, 'Efectivo');

INSERT INTO FIDE_METODO_PAGO_TB (METODO_PAGO_ID, NOMBRE)
VALUES (5, 'PayPal');

INSERT INTO FIDE_METODO_PAGO_TB (METODO_PAGO_ID, NOMBRE)
VALUES (6, 'Apple Pay');

INSERT INTO FIDE_METODO_PAGO_TB (METODO_PAGO_ID, NOMBRE)
VALUES (7, 'Google Pay');

INSERT INTO FIDE_METODO_PAGO_TB (METODO_PAGO_ID, NOMBRE)
VALUES (8, 'Criptomonedas');

INSERT INTO FIDE_METODO_PAGO_TB (METODO_PAGO_ID, NOMBRE)
VALUES (9, 'Cheque');

INSERT INTO FIDE_METODO_PAGO_TB (METODO_PAGO_ID, NOMBRE)
VALUES (10, 'Tasa Cero');

INSERT INTO FIDE_METODO_PAGO_TB (METODO_PAGO_ID, NOMBRE)
VALUES (11, 'Sinpe');

--INSERTS TABLA PROMOCION
INSERT INTO FIDE_PROMOCION_TB (PROMOCION_ID, DESCRIPCION, DESCUENTO, FECHA_INICIO, FECHA_FIN)
VALUES (1, 'Descuento de temporada en habitaciones', 20.00, TO_DATE('2024-12-01', 'YYYY-MM-DD'), TO_DATE('2024-12-31', 'YYYY-MM-DD'));

INSERT INTO FIDE_PROMOCION_TB (PROMOCION_ID, DESCRIPCION, DESCUENTO, FECHA_INICIO, FECHA_FIN)
VALUES (2, 'Oferta especial en restaurantes', 15.00, TO_DATE('2024-12-10', 'YYYY-MM-DD'), TO_DATE('2024-12-20', 'YYYY-MM-DD'));

INSERT INTO FIDE_PROMOCION_TB (PROMOCION_ID, DESCRIPCION, DESCUENTO, FECHA_INICIO, FECHA_FIN)
VALUES (3, 'Descuento por reservas anticipadas', 10.00, TO_DATE('2024-11-01', 'YYYY-MM-DD'), TO_DATE('2024-12-31', 'YYYY-MM-DD'));

INSERT INTO FIDE_PROMOCION_TB (PROMOCION_ID, DESCRIPCION, DESCUENTO, FECHA_INICIO, FECHA_FIN)
VALUES (4, 'Promoción para eventos corporativos', 25.00, TO_DATE('2024-12-01', 'YYYY-MM-DD'), TO_DATE('2025-01-31', 'YYYY-MM-DD'));

INSERT INTO FIDE_PROMOCION_TB (PROMOCION_ID, DESCRIPCION, DESCUENTO, FECHA_INICIO, FECHA_FIN)
VALUES (5, 'Descuento por estadías prolongadas', 30.00, TO_DATE('2024-12-05', 'YYYY-MM-DD'), TO_DATE('2024-12-25', 'YYYY-MM-DD'));

INSERT INTO FIDE_PROMOCION_TB (PROMOCION_ID, DESCRIPCION, DESCUENTO, FECHA_INICIO, FECHA_FIN)
VALUES (6, 'Oferta especial para familias', 18.50, TO_DATE('2024-12-15', 'YYYY-MM-DD'), TO_DATE('2024-12-31', 'YYYY-MM-DD'));

INSERT INTO FIDE_PROMOCION_TB (PROMOCION_ID, DESCRIPCION, DESCUENTO, FECHA_INICIO, FECHA_FIN)
VALUES (7, 'Black Friday: Descuento en todos los servicios', 50.00, TO_DATE('2024-11-29', 'YYYY-MM-DD'), TO_DATE('2024-11-29', 'YYYY-MM-DD'));

INSERT INTO FIDE_PROMOCION_TB (PROMOCION_ID, DESCRIPCION, DESCUENTO, FECHA_INICIO, FECHA_FIN)
VALUES (8, 'Cyber Monday: Descuento en reservas en línea', 40.00, TO_DATE('2024-12-02', 'YYYY-MM-DD'), TO_DATE('2024-12-02', 'YYYY-MM-DD'));

INSERT INTO FIDE_PROMOCION_TB (PROMOCION_ID, DESCRIPCION, DESCUENTO, FECHA_INICIO, FECHA_FIN)
VALUES (9, 'Descuento especial para miembros', 12.00, TO_DATE('2024-12-01', 'YYYY-MM-DD'), TO_DATE('2024-12-31', 'YYYY-MM-DD'));

INSERT INTO FIDE_PROMOCION_TB (PROMOCION_ID, DESCRIPCION, DESCUENTO, FECHA_INICIO, FECHA_FIN)
VALUES (10, 'Oferta limitada para nuevos clientes', 22.50, TO_DATE('2024-12-01', 'YYYY-MM-DD'), TO_DATE('2025-01-15', 'YYYY-MM-DD'));

INSERT INTO FIDE_PROMOCION_TB (PROMOCION_ID, DESCRIPCION, DESCUENTO, FECHA_INICIO, FECHA_FIN)
VALUES (11, 'Descuento navideño en habitaciones', 25.00, TO_DATE('2024-12-20', 'YYYY-MM-DD'), TO_DATE('2024-12-27', 'YYYY-MM-DD'));

INSERT INTO FIDE_PROMOCION_TB (PROMOCION_ID, DESCRIPCION, DESCUENTO, FECHA_INICIO, FECHA_FIN)
VALUES (12, 'Oferta especial en spa y relajación', 15.50, TO_DATE('2025-01-01', 'YYYY-MM-DD'), TO_DATE('2025-01-15', 'YYYY-MM-DD'));

INSERT INTO FIDE_PROMOCION_TB (PROMOCION_ID, DESCRIPCION, DESCUENTO, FECHA_INICIO, FECHA_FIN)
VALUES (13, 'Descuento por reservas grupales', 20.00, TO_DATE('2024-12-10', 'YYYY-MM-DD'), TO_DATE('2025-01-10', 'YYYY-MM-DD'));

INSERT INTO FIDE_PROMOCION_TB (PROMOCION_ID, DESCRIPCION, DESCUENTO, FECHA_INICIO, FECHA_FIN)
VALUES (14, 'Promoción de verano en restaurantes', 10.00, TO_DATE('2024-12-15', 'YYYY-MM-DD'), TO_DATE('2025-01-15', 'YYYY-MM-DD'));

INSERT INTO FIDE_PROMOCION_TB (PROMOCION_ID, DESCRIPCION, DESCUENTO, FECHA_INICIO, FECHA_FIN)
VALUES (15, 'Oferta exclusiva para estudiantes', 12.50, TO_DATE('2024-12-01', 'YYYY-MM-DD'), TO_DATE('2024-12-31', 'YYYY-MM-DD'));

INSERT INTO FIDE_PROMOCION_TB (PROMOCION_ID, DESCRIPCION, DESCUENTO, FECHA_INICIO, FECHA_FIN)
VALUES (16, 'Descuento por pago en efectivo', 8.00, TO_DATE('2024-12-01', 'YYYY-MM-DD'), TO_DATE('2024-12-31', 'YYYY-MM-DD'));

INSERT INTO FIDE_PROMOCION_TB (PROMOCION_ID, DESCRIPCION, DESCUENTO, FECHA_INICIO, FECHA_FIN)
VALUES (17, 'Semana de la amistad: descuentos especiales', 18.00, TO_DATE('2025-02-10', 'YYYY-MM-DD'), TO_DATE('2025-02-20', 'YYYY-MM-DD'));

INSERT INTO FIDE_PROMOCION_TB (PROMOCION_ID, DESCRIPCION, DESCUENTO, FECHA_INICIO, FECHA_FIN)
VALUES (18, 'Descuento para clientes frecuentes', 15.00, TO_DATE('2024-12-01', 'YYYY-MM-DD'), TO_DATE('2025-01-31', 'YYYY-MM-DD'));

INSERT INTO FIDE_PROMOCION_TB (PROMOCION_ID, DESCRIPCION, DESCUENTO, FECHA_INICIO, FECHA_FIN)
VALUES (19, 'Oferta especial por aniversario del hotel', 30.00, TO_DATE('2024-12-15', 'YYYY-MM-DD'), TO_DATE('2024-12-20', 'YYYY-MM-DD'));

INSERT INTO FIDE_PROMOCION_TB (PROMOCION_ID, DESCRIPCION, DESCUENTO, FECHA_INICIO, FECHA_FIN)
VALUES (20, 'Promoción de fin de año', 50.00, TO_DATE('2024-12-31', 'YYYY-MM-DD'), TO_DATE('2024-12-31', 'YYYY-MM-DD'));

INSERT INTO FIDE_PROMOCION_TB (PROMOCION_ID, DESCRIPCION, DESCUENTO, FECHA_INICIO, FECHA_FIN)
VALUES (21, 'Descuento exclusivo para reservas online', 25.00, TO_DATE('2025-01-01', 'YYYY-MM-DD'), TO_DATE('2025-01-10', 'YYYY-MM-DD'));

INSERT INTO FIDE_PROMOCION_TB (PROMOCION_ID, DESCRIPCION, DESCUENTO, FECHA_INICIO, FECHA_FIN)
VALUES (22, 'Oferta en cenas románticas', 20.00, TO_DATE('2025-02-14', 'YYYY-MM-DD'), TO_DATE('2025-02-14', 'YYYY-MM-DD'));

INSERT INTO FIDE_PROMOCION_TB (PROMOCION_ID, DESCRIPCION, DESCUENTO, FECHA_INICIO, FECHA_FIN)
VALUES (23, 'Promoción para huéspedes con mascotas', 15.00, TO_DATE('2025-01-15', 'YYYY-MM-DD'), TO_DATE('2025-02-15', 'YYYY-MM-DD'));

INSERT INTO FIDE_PROMOCION_TB (PROMOCION_ID, DESCRIPCION, DESCUENTO, FECHA_INICIO, FECHA_FIN)
VALUES (24, 'Descuento en servicios de transporte', 10.00, TO_DATE('2025-01-05', 'YYYY-MM-DD'), TO_DATE('2025-01-25', 'YYYY-MM-DD'));

INSERT INTO FIDE_PROMOCION_TB (PROMOCION_ID, DESCRIPCION, DESCUENTO, FECHA_INICIO, FECHA_FIN)
VALUES (25, 'Oferta especial en actividades recreativas', 12.00, TO_DATE('2025-02-01', 'YYYY-MM-DD'), TO_DATE('2025-02-28', 'YYYY-MM-DD'));

INSERT INTO FIDE_PROMOCION_TB (PROMOCION_ID, DESCRIPCION, DESCUENTO, FECHA_INICIO, FECHA_FIN)
VALUES (26, 'Promoción para parejas en luna de miel', 18.00, TO_DATE('2025-02-01', 'YYYY-MM-DD'), TO_DATE('2025-02-28', 'YYYY-MM-DD'));

INSERT INTO FIDE_PROMOCION_TB (PROMOCION_ID, DESCRIPCION, DESCUENTO, FECHA_INICIO, FECHA_FIN)
VALUES (27, 'Descuento en alquiler de salones de eventos', 25.00, TO_DATE('2025-01-01', 'YYYY-MM-DD'), TO_DATE('2025-01-31', 'YYYY-MM-DD'));

INSERT INTO FIDE_PROMOCION_TB (PROMOCION_ID, DESCRIPCION, DESCUENTO, FECHA_INICIO, FECHA_FIN)
VALUES (28, 'Promoción por cumpleaños', 10.00, TO_DATE('2025-01-01', 'YYYY-MM-DD'), TO_DATE('2025-12-31', 'YYYY-MM-DD'));

INSERT INTO FIDE_PROMOCION_TB (PROMOCION_ID, DESCRIPCION, DESCUENTO, FECHA_INICIO, FECHA_FIN)
VALUES (29, 'Semana del amor: descuento en habitaciones dobles', 20.00, TO_DATE('2025-02-10', 'YYYY-MM-DD'), TO_DATE('2025-02-20', 'YYYY-MM-DD'));

INSERT INTO FIDE_PROMOCION_TB (PROMOCION_ID, DESCRIPCION, DESCUENTO, FECHA_INICIO, FECHA_FIN)
VALUES (30, 'Descuento exclusivo para socios del club', 15.00, TO_DATE('2025-01-01', 'YYYY-MM-DD'), TO_DATE('2025-03-31', 'YYYY-MM-DD'));

INSERT INTO FIDE_PROMOCION_TB (PROMOCION_ID, DESCRIPCION, DESCUENTO, FECHA_INICIO, FECHA_FIN)
VALUES (31, 'Promoción de Pascua', 12.00, TO_DATE('2025-03-01', 'YYYY-MM-DD'), TO_DATE('2025-04-01', 'YYYY-MM-DD'));

INSERT INTO FIDE_PROMOCION_TB (PROMOCION_ID, DESCRIPCION, DESCUENTO, FECHA_INICIO, FECHA_FIN)
VALUES (32, 'Descuento en paquetes todo incluido', 30.00, TO_DATE('2025-01-15', 'YYYY-MM-DD'), TO_DATE('2025-02-15', 'YYYY-MM-DD'));

INSERT INTO FIDE_PROMOCION_TB (PROMOCION_ID, DESCRIPCION, DESCUENTO, FECHA_INICIO, FECHA_FIN)
VALUES (33, 'Promoción de año nuevo', 35.00, TO_DATE('2025-01-01', 'YYYY-MM-DD'), TO_DATE('2025-01-05', 'YYYY-MM-DD'));

INSERT INTO FIDE_PROMOCION_TB (PROMOCION_ID, DESCRIPCION, DESCUENTO, FECHA_INICIO, FECHA_FIN)
VALUES (34, 'Descuento en excursiones locales', 20.00, TO_DATE('2025-01-20', 'YYYY-MM-DD'), TO_DATE('2025-02-20', 'YYYY-MM-DD'));

INSERT INTO FIDE_PROMOCION_TB (PROMOCION_ID, DESCRIPCION, DESCUENTO, FECHA_INICIO, FECHA_FIN)
VALUES (35, 'Descuento en reservas largas', 28.00, TO_DATE('2025-01-01', 'YYYY-MM-DD'), TO_DATE('2025-03-01', 'YYYY-MM-DD'));

INSERT INTO FIDE_PROMOCION_TB (PROMOCION_ID, DESCRIPCION, DESCUENTO, FECHA_INICIO, FECHA_FIN)
VALUES (36, 'Promoción de invierno', 15.00, TO_DATE('2025-01-10', 'YYYY-MM-DD'), TO_DATE('2025-02-28', 'YYYY-MM-DD'));

INSERT INTO FIDE_PROMOCION_TB (PROMOCION_ID, DESCRIPCION, DESCUENTO, FECHA_INICIO, FECHA_FIN)
VALUES (37, 'Descuento para reservas en horarios nocturnos', 8.00, TO_DATE('2025-01-01', 'YYYY-MM-DD'), TO_DATE('2025-01-31', 'YYYY-MM-DD'));

INSERT INTO FIDE_PROMOCION_TB (PROMOCION_ID, DESCRIPCION, DESCUENTO, FECHA_INICIO, FECHA_FIN)
VALUES (38, 'Oferta para reservaciones corporativas', 22.00, TO_DATE('2025-01-01', 'YYYY-MM-DD'), TO_DATE('2025-02-15', 'YYYY-MM-DD'));

INSERT INTO FIDE_PROMOCION_TB (PROMOCION_ID, DESCRIPCION, DESCUENTO, FECHA_INICIO, FECHA_FIN)
VALUES (39, 'Semana del medio ambiente: descuentos especiales', 18.00, TO_DATE('2025-06-01', 'YYYY-MM-DD'), TO_DATE('2025-06-07', 'YYYY-MM-DD'));

INSERT INTO FIDE_PROMOCION_TB (PROMOCION_ID, DESCRIPCION, DESCUENTO, FECHA_INICIO, FECHA_FIN)
VALUES (40, 'Descuento por referir a un amigo', 12.00, TO_DATE('2025-01-01', 'YYYY-MM-DD'), TO_DATE('2025-12-31', 'YYYY-MM-DD'));

INSERT INTO FIDE_PROMOCION_TB (PROMOCION_ID, DESCRIPCION, DESCUENTO, FECHA_INICIO, FECHA_FIN)
VALUES (41, 'Promoción por el Día de la Madre', 20.00, TO_DATE('2025-05-10', 'YYYY-MM-DD'), TO_DATE('2025-05-10', 'YYYY-MM-DD'));

INSERT INTO FIDE_PROMOCION_TB (PROMOCION_ID, DESCRIPCION, DESCUENTO, FECHA_INICIO, FECHA_FIN)
VALUES (42, 'Descuento exclusivo en reservas premium', 25.00, TO_DATE('2025-02-01', 'YYYY-MM-DD'), TO_DATE('2025-02-28', 'YYYY-MM-DD'));

INSERT INTO FIDE_PROMOCION_TB (PROMOCION_ID, DESCRIPCION, DESCUENTO, FECHA_INICIO, FECHA_FIN)
VALUES (43, 'Oferta especial para eventos privados', 30.00, TO_DATE('2025-03-01', 'YYYY-MM-DD'), TO_DATE('2025-03-31', 'YYYY-MM-DD'));

INSERT INTO FIDE_PROMOCION_TB (PROMOCION_ID, DESCRIPCION, DESCUENTO, FECHA_INICIO, FECHA_FIN)
VALUES (44, 'Descuento por reservas con puntos acumulados', 15.00, TO_DATE('2025-01-01', 'YYYY-MM-DD'), TO_DATE('2025-12-31', 'YYYY-MM-DD'));

INSERT INTO FIDE_PROMOCION_TB (PROMOCION_ID, DESCRIPCION, DESCUENTO, FECHA_INICIO, FECHA_FIN)
VALUES (45, 'Descuento en reservas durante días festivos', 12.50, TO_DATE('2025-04-01', 'YYYY-MM-DD'), TO_DATE('2025-04-07', 'YYYY-MM-DD'));

INSERT INTO FIDE_PROMOCION_TB (PROMOCION_ID, DESCRIPCION, DESCUENTO, FECHA_INICIO, FECHA_FIN)
VALUES (46, 'Oferta para reservas en temporada baja', 20.00, TO_DATE('2025-06-01', 'YYYY-MM-DD'), TO_DATE('2025-06-30', 'YYYY-MM-DD'));

INSERT INTO FIDE_PROMOCION_TB (PROMOCION_ID, DESCRIPCION, DESCUENTO, FECHA_INICIO, FECHA_FIN)
VALUES (47, 'Promoción de primavera en suites familiares', 18.00, TO_DATE('2025-03-15', 'YYYY-MM-DD'), TO_DATE('2025-04-15', 'YYYY-MM-DD'));

INSERT INTO FIDE_PROMOCION_TB (PROMOCION_ID, DESCRIPCION, DESCUENTO, FECHA_INICIO, FECHA_FIN)
VALUES (48, 'Descuento especial en paquetes combinados', 25.00, TO_DATE('2025-05-01', 'YYYY-MM-DD'), TO_DATE('2025-05-31', 'YYYY-MM-DD'));

INSERT INTO FIDE_PROMOCION_TB (PROMOCION_ID, DESCRIPCION, DESCUENTO, FECHA_INICIO, FECHA_FIN)
VALUES (49, 'Semana del cliente: descuentos en todos los servicios', 22.00, TO_DATE('2025-06-01', 'YYYY-MM-DD'), TO_DATE('2025-06-07', 'YYYY-MM-DD'));

INSERT INTO FIDE_PROMOCION_TB (PROMOCION_ID, DESCRIPCION, DESCUENTO, FECHA_INICIO, FECHA_FIN)
VALUES (50, 'Promoción exclusiva para nuevos socios', 15.00, TO_DATE('2025-01-01', 'YYYY-MM-DD'), TO_DATE('2025-03-01', 'YYYY-MM-DD'));

--INSERTS TABLA PROMOCION APLICADA
INSERT INTO FIDE_PROMOCION_APLICADA_TB (PROMOCION_APLICADA_ID, PROMOCION_ID, RESERVACION_ID, FECHA_APLICACION)
VALUES (1, 1, 1, TO_DATE('2024-12-01', 'YYYY-MM-DD'));

INSERT INTO FIDE_PROMOCION_APLICADA_TB (PROMOCION_APLICADA_ID, PROMOCION_ID, RESERVACION_ID, FECHA_APLICACION)
VALUES (2, 2, 2, TO_DATE('2024-12-02', 'YYYY-MM-DD'));

INSERT INTO FIDE_PROMOCION_APLICADA_TB (PROMOCION_APLICADA_ID, PROMOCION_ID, RESERVACION_ID, FECHA_APLICACION)
VALUES (3, 3, 3, TO_DATE('2024-12-03', 'YYYY-MM-DD'));

INSERT INTO FIDE_PROMOCION_APLICADA_TB (PROMOCION_APLICADA_ID, PROMOCION_ID, RESERVACION_ID, FECHA_APLICACION)
VALUES (4, 4, 4, TO_DATE('2024-12-04', 'YYYY-MM-DD'));

INSERT INTO FIDE_PROMOCION_APLICADA_TB (PROMOCION_APLICADA_ID, PROMOCION_ID, RESERVACION_ID, FECHA_APLICACION)
VALUES (5, 5, 5, TO_DATE('2024-12-05', 'YYYY-MM-DD'));

INSERT INTO FIDE_PROMOCION_APLICADA_TB (PROMOCION_APLICADA_ID, PROMOCION_ID, RESERVACION_ID, FECHA_APLICACION)
VALUES (6, 6, 6, TO_DATE('2024-12-06', 'YYYY-MM-DD'));

INSERT INTO FIDE_PROMOCION_APLICADA_TB (PROMOCION_APLICADA_ID, PROMOCION_ID, RESERVACION_ID, FECHA_APLICACION)
VALUES (7, 7, 7, TO_DATE('2024-12-07', 'YYYY-MM-DD'));

INSERT INTO FIDE_PROMOCION_APLICADA_TB (PROMOCION_APLICADA_ID, PROMOCION_ID, RESERVACION_ID, FECHA_APLICACION)
VALUES (8, 8, 8, TO_DATE('2024-12-08', 'YYYY-MM-DD'));

INSERT INTO FIDE_PROMOCION_APLICADA_TB (PROMOCION_APLICADA_ID, PROMOCION_ID, RESERVACION_ID, FECHA_APLICACION)
VALUES (9, 9, 9, TO_DATE('2024-12-09', 'YYYY-MM-DD'));

INSERT INTO FIDE_PROMOCION_APLICADA_TB (PROMOCION_APLICADA_ID, PROMOCION_ID, RESERVACION_ID, FECHA_APLICACION)
VALUES (10, 10, 10, TO_DATE('2024-12-10', 'YYYY-MM-DD'));

INSERT INTO FIDE_PROMOCION_APLICADA_TB (PROMOCION_APLICADA_ID, PROMOCION_ID, RESERVACION_ID, FECHA_APLICACION)
VALUES (11, 11, 11, TO_DATE('2024-12-11', 'YYYY-MM-DD'));

INSERT INTO FIDE_PROMOCION_APLICADA_TB (PROMOCION_APLICADA_ID, PROMOCION_ID, RESERVACION_ID, FECHA_APLICACION)
VALUES (12, 12, 12, TO_DATE('2024-12-12', 'YYYY-MM-DD'));

INSERT INTO FIDE_PROMOCION_APLICADA_TB (PROMOCION_APLICADA_ID, PROMOCION_ID, RESERVACION_ID, FECHA_APLICACION)
VALUES (13, 13, 13, TO_DATE('2024-12-13', 'YYYY-MM-DD'));

INSERT INTO FIDE_PROMOCION_APLICADA_TB (PROMOCION_APLICADA_ID, PROMOCION_ID, RESERVACION_ID, FECHA_APLICACION)
VALUES (14, 14, 14, TO_DATE('2024-12-14', 'YYYY-MM-DD'));

INSERT INTO FIDE_PROMOCION_APLICADA_TB (PROMOCION_APLICADA_ID, PROMOCION_ID, RESERVACION_ID, FECHA_APLICACION)
VALUES (15, 15, 15, TO_DATE('2024-12-15', 'YYYY-MM-DD'));

INSERT INTO FIDE_PROMOCION_APLICADA_TB (PROMOCION_APLICADA_ID, PROMOCION_ID, RESERVACION_ID, FECHA_APLICACION)
VALUES (16, 16, 16, TO_DATE('2024-12-16', 'YYYY-MM-DD'));

INSERT INTO FIDE_PROMOCION_APLICADA_TB (PROMOCION_APLICADA_ID, PROMOCION_ID, RESERVACION_ID, FECHA_APLICACION)
VALUES (17, 17, 17, TO_DATE('2024-12-17', 'YYYY-MM-DD'));

INSERT INTO FIDE_PROMOCION_APLICADA_TB (PROMOCION_APLICADA_ID, PROMOCION_ID, RESERVACION_ID, FECHA_APLICACION)
VALUES (18, 18, 18, TO_DATE('2024-12-18', 'YYYY-MM-DD'));

INSERT INTO FIDE_PROMOCION_APLICADA_TB (PROMOCION_APLICADA_ID, PROMOCION_ID, RESERVACION_ID, FECHA_APLICACION)
VALUES (19, 19, 19, TO_DATE('2024-12-19', 'YYYY-MM-DD'));

INSERT INTO FIDE_PROMOCION_APLICADA_TB (PROMOCION_APLICADA_ID, PROMOCION_ID, RESERVACION_ID, FECHA_APLICACION)
VALUES (20, 20, 20, TO_DATE('2024-12-20', 'YYYY-MM-DD'));

INSERT INTO FIDE_PROMOCION_APLICADA_TB (PROMOCION_APLICADA_ID, PROMOCION_ID, RESERVACION_ID, FECHA_APLICACION)
VALUES (21, 21, 21, TO_DATE('2024-12-21', 'YYYY-MM-DD'));

INSERT INTO FIDE_PROMOCION_APLICADA_TB (PROMOCION_APLICADA_ID, PROMOCION_ID, RESERVACION_ID, FECHA_APLICACION)
VALUES (22, 22, 22, TO_DATE('2024-12-22', 'YYYY-MM-DD'));

INSERT INTO FIDE_PROMOCION_APLICADA_TB (PROMOCION_APLICADA_ID, PROMOCION_ID, RESERVACION_ID, FECHA_APLICACION)
VALUES (23, 23, 23, TO_DATE('2024-12-23', 'YYYY-MM-DD'));

INSERT INTO FIDE_PROMOCION_APLICADA_TB (PROMOCION_APLICADA_ID, PROMOCION_ID, RESERVACION_ID, FECHA_APLICACION)
VALUES (24, 24, 24, TO_DATE('2024-12-24', 'YYYY-MM-DD'));

INSERT INTO FIDE_PROMOCION_APLICADA_TB (PROMOCION_APLICADA_ID, PROMOCION_ID, RESERVACION_ID, FECHA_APLICACION)
VALUES (25, 25, 25, TO_DATE('2024-12-25', 'YYYY-MM-DD'));

INSERT INTO FIDE_PROMOCION_APLICADA_TB (PROMOCION_APLICADA_ID, PROMOCION_ID, RESERVACION_ID, FECHA_APLICACION)
VALUES (26, 26, 26, TO_DATE('2024-12-26', 'YYYY-MM-DD'));

INSERT INTO FIDE_PROMOCION_APLICADA_TB (PROMOCION_APLICADA_ID, PROMOCION_ID, RESERVACION_ID, FECHA_APLICACION)
VALUES (27, 27, 27, TO_DATE('2024-12-27', 'YYYY-MM-DD'));

INSERT INTO FIDE_PROMOCION_APLICADA_TB (PROMOCION_APLICADA_ID, PROMOCION_ID, RESERVACION_ID, FECHA_APLICACION)
VALUES (28, 28, 28, TO_DATE('2024-12-28', 'YYYY-MM-DD'));

INSERT INTO FIDE_PROMOCION_APLICADA_TB (PROMOCION_APLICADA_ID, PROMOCION_ID, RESERVACION_ID, FECHA_APLICACION)
VALUES (29, 29, 29, TO_DATE('2024-12-29', 'YYYY-MM-DD'));

INSERT INTO FIDE_PROMOCION_APLICADA_TB (PROMOCION_APLICADA_ID, PROMOCION_ID, RESERVACION_ID, FECHA_APLICACION)
VALUES (30, 30, 30, TO_DATE('2024-12-30', 'YYYY-MM-DD'));

INSERT INTO FIDE_PROMOCION_APLICADA_TB (PROMOCION_APLICADA_ID, PROMOCION_ID, RESERVACION_ID, FECHA_APLICACION)
VALUES (31, 31, 31, TO_DATE('2024-12-31', 'YYYY-MM-DD'));

INSERT INTO FIDE_PROMOCION_APLICADA_TB (PROMOCION_APLICADA_ID, PROMOCION_ID, RESERVACION_ID, FECHA_APLICACION)
VALUES (32, 32, 32, TO_DATE('2025-01-01', 'YYYY-MM-DD'));

INSERT INTO FIDE_PROMOCION_APLICADA_TB (PROMOCION_APLICADA_ID, PROMOCION_ID, RESERVACION_ID, FECHA_APLICACION)
VALUES (33, 33, 33, TO_DATE('2025-01-02', 'YYYY-MM-DD'));

INSERT INTO FIDE_PROMOCION_APLICADA_TB (PROMOCION_APLICADA_ID, PROMOCION_ID, RESERVACION_ID, FECHA_APLICACION)
VALUES (34, 34, 34, TO_DATE('2025-01-03', 'YYYY-MM-DD'));

INSERT INTO FIDE_PROMOCION_APLICADA_TB (PROMOCION_APLICADA_ID, PROMOCION_ID, RESERVACION_ID, FECHA_APLICACION)
VALUES (35, 35, 35, TO_DATE('2025-01-04', 'YYYY-MM-DD'));

INSERT INTO FIDE_PROMOCION_APLICADA_TB (PROMOCION_APLICADA_ID, PROMOCION_ID, RESERVACION_ID, FECHA_APLICACION)
VALUES (36, 36, 36, TO_DATE('2025-01-05', 'YYYY-MM-DD'));

INSERT INTO FIDE_PROMOCION_APLICADA_TB (PROMOCION_APLICADA_ID, PROMOCION_ID, RESERVACION_ID, FECHA_APLICACION)
VALUES (37, 37, 37, TO_DATE('2025-01-06', 'YYYY-MM-DD'));

INSERT INTO FIDE_PROMOCION_APLICADA_TB (PROMOCION_APLICADA_ID, PROMOCION_ID, RESERVACION_ID, FECHA_APLICACION)
VALUES (38, 38, 38, TO_DATE('2025-01-07', 'YYYY-MM-DD'));

INSERT INTO FIDE_PROMOCION_APLICADA_TB (PROMOCION_APLICADA_ID, PROMOCION_ID, RESERVACION_ID, FECHA_APLICACION)
VALUES (39, 39, 39, TO_DATE('2025-01-08', 'YYYY-MM-DD'));

INSERT INTO FIDE_PROMOCION_APLICADA_TB (PROMOCION_APLICADA_ID, PROMOCION_ID, RESERVACION_ID, FECHA_APLICACION)
VALUES (40, 40, 40, TO_DATE('2025-01-09', 'YYYY-MM-DD'));

INSERT INTO FIDE_PROMOCION_APLICADA_TB (PROMOCION_APLICADA_ID, PROMOCION_ID, RESERVACION_ID, FECHA_APLICACION)
VALUES (41, 41, 41, TO_DATE('2025-01-10', 'YYYY-MM-DD'));

INSERT INTO FIDE_PROMOCION_APLICADA_TB (PROMOCION_APLICADA_ID, PROMOCION_ID, RESERVACION_ID, FECHA_APLICACION)
VALUES (42, 42, 42, TO_DATE('2025-01-11', 'YYYY-MM-DD'));

INSERT INTO FIDE_PROMOCION_APLICADA_TB (PROMOCION_APLICADA_ID, PROMOCION_ID, RESERVACION_ID, FECHA_APLICACION)
VALUES (43, 43, 43, TO_DATE('2025-01-12', 'YYYY-MM-DD'));

INSERT INTO FIDE_PROMOCION_APLICADA_TB (PROMOCION_APLICADA_ID, PROMOCION_ID, RESERVACION_ID, FECHA_APLICACION)
VALUES (44, 44, 44, TO_DATE('2025-01-13', 'YYYY-MM-DD'));

INSERT INTO FIDE_PROMOCION_APLICADA_TB (PROMOCION_APLICADA_ID, PROMOCION_ID, RESERVACION_ID, FECHA_APLICACION)
VALUES (45, 45, 45, TO_DATE('2025-01-14', 'YYYY-MM-DD'));

INSERT INTO FIDE_PROMOCION_APLICADA_TB (PROMOCION_APLICADA_ID, PROMOCION_ID, RESERVACION_ID, FECHA_APLICACION)
VALUES (46, 46, 46, TO_DATE('2025-01-15', 'YYYY-MM-DD'));

INSERT INTO FIDE_PROMOCION_APLICADA_TB (PROMOCION_APLICADA_ID, PROMOCION_ID, RESERVACION_ID, FECHA_APLICACION)
VALUES (47, 47, 47, TO_DATE('2025-01-16', 'YYYY-MM-DD'));

INSERT INTO FIDE_PROMOCION_APLICADA_TB (PROMOCION_APLICADA_ID, PROMOCION_ID, RESERVACION_ID, FECHA_APLICACION)
VALUES (48, 48, 48, TO_DATE('2025-01-17', 'YYYY-MM-DD'));

INSERT INTO FIDE_PROMOCION_APLICADA_TB (PROMOCION_APLICADA_ID, PROMOCION_ID, RESERVACION_ID, FECHA_APLICACION)
VALUES (49, 49, 49, TO_DATE('2025-01-18', 'YYYY-MM-DD'));

INSERT INTO FIDE_PROMOCION_APLICADA_TB (PROMOCION_APLICADA_ID, PROMOCION_ID, RESERVACION_ID, FECHA_APLICACION)
VALUES (50, 50, 50, TO_DATE('2025-01-19', 'YYYY-MM-DD'));

INSERT INTO FIDE_PAGO_TB (PAGO_ID, RESERVACION_ID, METODO_PAGO_ID, PROMOCION_APLICADA_ID, MONTO, ESTADO)
VALUES (1, 1, 1, 1, 800.00, 'COMPLETADO');

INSERT INTO FIDE_PAGO_TB (PAGO_ID, RESERVACION_ID, METODO_PAGO_ID, PROMOCION_APLICADA_ID, MONTO, ESTADO)
VALUES (2, 2, 2, 2, 1200.00, 'PENDIENTE');

INSERT INTO FIDE_PAGO_TB (PAGO_ID, RESERVACION_ID, METODO_PAGO_ID, PROMOCION_APLICADA_ID, MONTO, ESTADO)
VALUES (3, 3, 3, 3, 950.00, 'CANCELADO');

INSERT INTO FIDE_PAGO_TB (PAGO_ID, RESERVACION_ID, METODO_PAGO_ID, PROMOCION_APLICADA_ID, MONTO, ESTADO)
VALUES (4, 4, 4, 4, 1100.00, 'COMPLETADO');

INSERT INTO FIDE_PAGO_TB (PAGO_ID, RESERVACION_ID, METODO_PAGO_ID, PROMOCION_APLICADA_ID, MONTO, ESTADO)
VALUES (5, 5, 5, 5, 1500.00, 'PENDIENTE');

INSERT INTO FIDE_PAGO_TB (PAGO_ID, RESERVACION_ID, METODO_PAGO_ID, PROMOCION_APLICADA_ID, MONTO, ESTADO)
VALUES (6, 6, 6, 6, 1300.00, 'COMPLETADO');

INSERT INTO FIDE_PAGO_TB (PAGO_ID, RESERVACION_ID, METODO_PAGO_ID, PROMOCION_APLICADA_ID, MONTO, ESTADO)
VALUES (7, 7, 7, 7, 800.00, 'CANCELADO');

INSERT INTO FIDE_PAGO_TB (PAGO_ID, RESERVACION_ID, METODO_PAGO_ID, PROMOCION_APLICADA_ID, MONTO, ESTADO)
VALUES (8, 8, 8, 8, 900.00, 'COMPLETADO');

INSERT INTO FIDE_PAGO_TB (PAGO_ID, RESERVACION_ID, METODO_PAGO_ID, PROMOCION_APLICADA_ID, MONTO, ESTADO)
VALUES (9, 9, 9, 9, 1000.00, 'PENDIENTE');

INSERT INTO FIDE_PAGO_TB (PAGO_ID, RESERVACION_ID, METODO_PAGO_ID, PROMOCION_APLICADA_ID, MONTO, ESTADO)
VALUES (10, 10, 10, 10, 1200.00, 'COMPLETADO');

INSERT INTO FIDE_PAGO_TB (PAGO_ID, RESERVACION_ID, METODO_PAGO_ID, PROMOCION_APLICADA_ID, MONTO, ESTADO)
VALUES (11, 11, 1, 11, 750.00, 'COMPLETADO');

INSERT INTO FIDE_PAGO_TB (PAGO_ID, RESERVACION_ID, METODO_PAGO_ID, PROMOCION_APLICADA_ID, MONTO, ESTADO)
VALUES (12, 12, 2, 12, 1050.00, 'PENDIENTE');

INSERT INTO FIDE_PAGO_TB (PAGO_ID, RESERVACION_ID, METODO_PAGO_ID, PROMOCION_APLICADA_ID, MONTO, ESTADO)
VALUES (13, 13, 3, 13, 980.00, 'COMPLETADO');

INSERT INTO FIDE_PAGO_TB (PAGO_ID, RESERVACION_ID, METODO_PAGO_ID, PROMOCION_APLICADA_ID, MONTO, ESTADO)
VALUES (14, 14, 4, 14, 1120.00, 'CANCELADO');

INSERT INTO FIDE_PAGO_TB (PAGO_ID, RESERVACION_ID, METODO_PAGO_ID, PROMOCION_APLICADA_ID, MONTO, ESTADO)
VALUES (15, 15, 5, 15, 1300.00, 'PENDIENTE');

INSERT INTO FIDE_PAGO_TB (PAGO_ID, RESERVACION_ID, METODO_PAGO_ID, PROMOCION_APLICADA_ID, MONTO, ESTADO)
VALUES (16, 16, 6, 16, 1400.00, 'COMPLETADO');

INSERT INTO FIDE_PAGO_TB (PAGO_ID, RESERVACION_ID, METODO_PAGO_ID, PROMOCION_APLICADA_ID, MONTO, ESTADO)
VALUES (17, 17, 7, 17, 850.00, 'COMPLETADO');

INSERT INTO FIDE_PAGO_TB (PAGO_ID, RESERVACION_ID, METODO_PAGO_ID, PROMOCION_APLICADA_ID, MONTO, ESTADO)
VALUES (18, 18, 8, 18, 1000.00, 'CANCELADO');

INSERT INTO FIDE_PAGO_TB (PAGO_ID, RESERVACION_ID, METODO_PAGO_ID, PROMOCION_APLICADA_ID, MONTO, ESTADO)
VALUES (19, 19, 9, 19, 1150.00, 'PENDIENTE');

INSERT INTO FIDE_PAGO_TB (PAGO_ID, RESERVACION_ID, METODO_PAGO_ID, PROMOCION_APLICADA_ID, MONTO, ESTADO)
VALUES (20, 20, 10, 20, 1300.00, 'COMPLETADO');

INSERT INTO FIDE_PAGO_TB (PAGO_ID, RESERVACION_ID, METODO_PAGO_ID, PROMOCION_APLICADA_ID, MONTO, ESTADO)
VALUES (21, 21, 1, 21, 950.00, 'COMPLETADO');

INSERT INTO FIDE_PAGO_TB (PAGO_ID, RESERVACION_ID, METODO_PAGO_ID, PROMOCION_APLICADA_ID, MONTO, ESTADO)
VALUES (22, 22, 2, 22, 1250.00, 'PENDIENTE');

INSERT INTO FIDE_PAGO_TB (PAGO_ID, RESERVACION_ID, METODO_PAGO_ID, PROMOCION_APLICADA_ID, MONTO, ESTADO)
VALUES (23, 23, 3, 23, 880.00, 'COMPLETADO');

INSERT INTO FIDE_PAGO_TB (PAGO_ID, RESERVACION_ID, METODO_PAGO_ID, PROMOCION_APLICADA_ID, MONTO, ESTADO)
VALUES (24, 24, 4, 24, 990.00, 'CANCELADO');

INSERT INTO FIDE_PAGO_TB (PAGO_ID, RESERVACION_ID, METODO_PAGO_ID, PROMOCION_APLICADA_ID, MONTO, ESTADO)
VALUES (25, 25, 5, 25, 1020.00, 'COMPLETADO');

INSERT INTO FIDE_PAGO_TB (PAGO_ID, RESERVACION_ID, METODO_PAGO_ID, PROMOCION_APLICADA_ID, MONTO, ESTADO)
VALUES (26, 26, 6, 26, 1350.00, 'PENDIENTE');

INSERT INTO FIDE_PAGO_TB (PAGO_ID, RESERVACION_ID, METODO_PAGO_ID, PROMOCION_APLICADA_ID, MONTO, ESTADO)
VALUES (27, 27, 7, 27, 910.00, 'COMPLETADO');

INSERT INTO FIDE_PAGO_TB (PAGO_ID, RESERVACION_ID, METODO_PAGO_ID, PROMOCION_APLICADA_ID, MONTO, ESTADO)
VALUES (28, 28, 8, 28, 1200.00, 'CANCELADO');

INSERT INTO FIDE_PAGO_TB (PAGO_ID, RESERVACION_ID, METODO_PAGO_ID, PROMOCION_APLICADA_ID, MONTO, ESTADO)
VALUES (29, 29, 9, 29, 1150.00, 'PENDIENTE');

INSERT INTO FIDE_PAGO_TB (PAGO_ID, RESERVACION_ID, METODO_PAGO_ID, PROMOCION_APLICADA_ID, MONTO, ESTADO)
VALUES (30, 30, 10, 30, 950.00, 'COMPLETADO');

INSERT INTO FIDE_PAGO_TB (PAGO_ID, RESERVACION_ID, METODO_PAGO_ID, PROMOCION_APLICADA_ID, MONTO, ESTADO)
VALUES (31, 31, 1, 31, 980.00, 'COMPLETADO');

INSERT INTO FIDE_PAGO_TB (PAGO_ID, RESERVACION_ID, METODO_PAGO_ID, PROMOCION_APLICADA_ID, MONTO, ESTADO)
VALUES (32, 32, 2, 32, 890.00, 'CANCELADO');

INSERT INTO FIDE_PAGO_TB (PAGO_ID, RESERVACION_ID, METODO_PAGO_ID, PROMOCION_APLICADA_ID, MONTO, ESTADO)
VALUES (33, 33, 3, 33, 1020.00, 'PENDIENTE');

INSERT INTO FIDE_PAGO_TB (PAGO_ID, RESERVACION_ID, METODO_PAGO_ID, PROMOCION_APLICADA_ID, MONTO, ESTADO)
VALUES (34, 34, 4, 34, 1110.00, 'COMPLETADO');

INSERT INTO FIDE_PAGO_TB (PAGO_ID, RESERVACION_ID, METODO_PAGO_ID, PROMOCION_APLICADA_ID, MONTO, ESTADO)
VALUES (35, 35, 5, 35, 950.00, 'COMPLETADO');

INSERT INTO FIDE_PAGO_TB (PAGO_ID, RESERVACION_ID, METODO_PAGO_ID, PROMOCION_APLICADA_ID, MONTO, ESTADO)
VALUES (36, 36, 6, 36, 1170.00, 'CANCELADO');

INSERT INTO FIDE_PAGO_TB (PAGO_ID, RESERVACION_ID, METODO_PAGO_ID, PROMOCION_APLICADA_ID, MONTO, ESTADO)
VALUES (37, 37, 7, 37, 980.00, 'PENDIENTE');

INSERT INTO FIDE_PAGO_TB (PAGO_ID, RESERVACION_ID, METODO_PAGO_ID, PROMOCION_APLICADA_ID, MONTO, ESTADO)
VALUES (38, 38, 8, 38, 1100.00, 'COMPLETADO');

INSERT INTO FIDE_PAGO_TB (PAGO_ID, RESERVACION_ID, METODO_PAGO_ID, PROMOCION_APLICADA_ID, MONTO, ESTADO)
VALUES (39, 39, 9, 39, 880.00, 'PENDIENTE');

INSERT INTO FIDE_PAGO_TB (PAGO_ID, RESERVACION_ID, METODO_PAGO_ID, PROMOCION_APLICADA_ID, MONTO, ESTADO)
VALUES (40, 40, 10, 40, 1200.00, 'COMPLETADO');

INSERT INTO FIDE_PAGO_TB (PAGO_ID, RESERVACION_ID, METODO_PAGO_ID, PROMOCION_APLICADA_ID, MONTO, ESTADO)
VALUES (41, 41, 1, 41, 920.00, 'COMPLETADO');

INSERT INTO FIDE_PAGO_TB (PAGO_ID, RESERVACION_ID, METODO_PAGO_ID, PROMOCION_APLICADA_ID, MONTO, ESTADO)
VALUES (42, 42, 2, 42, 1010.00, 'CANCELADO');

INSERT INTO FIDE_PAGO_TB (PAGO_ID, RESERVACION_ID, METODO_PAGO_ID, PROMOCION_APLICADA_ID, MONTO, ESTADO)
VALUES (43, 43, 3, 43, 970.00, 'PENDIENTE');

INSERT INTO FIDE_PAGO_TB (PAGO_ID, RESERVACION_ID, METODO_PAGO_ID, PROMOCION_APLICADA_ID, MONTO, ESTADO)
VALUES (44, 44, 4, 44, 1080.00, 'COMPLETADO');

INSERT INTO FIDE_PAGO_TB (PAGO_ID, RESERVACION_ID, METODO_PAGO_ID, PROMOCION_APLICADA_ID, MONTO, ESTADO)
VALUES (45, 45, 5, 45, 1120.00, 'PENDIENTE');

INSERT INTO FIDE_PAGO_TB (PAGO_ID, RESERVACION_ID, METODO_PAGO_ID, PROMOCION_APLICADA_ID, MONTO, ESTADO)
VALUES (46, 46, 6, 46, 950.00, 'COMPLETADO');

INSERT INTO FIDE_PAGO_TB (PAGO_ID, RESERVACION_ID, METODO_PAGO_ID, PROMOCION_APLICADA_ID, MONTO, ESTADO)
VALUES (47, 47, 7, 47, 880.00, 'CANCELADO');

INSERT INTO FIDE_PAGO_TB (PAGO_ID, RESERVACION_ID, METODO_PAGO_ID, PROMOCION_APLICADA_ID, MONTO, ESTADO)
VALUES (48, 48, 8, 48, 1200.00, 'COMPLETADO');

INSERT INTO FIDE_PAGO_TB (PAGO_ID, RESERVACION_ID, METODO_PAGO_ID, PROMOCION_APLICADA_ID, MONTO, ESTADO)
VALUES (49, 49, 9, 49, 930.00, 'PENDIENTE');

INSERT INTO FIDE_PAGO_TB (PAGO_ID, RESERVACION_ID, METODO_PAGO_ID, PROMOCION_APLICADA_ID, MONTO, ESTADO)
VALUES (50, 50, 10, 50, 990.00, 'COMPLETADO');

-- Confirmar cambios
COMMIT;

