<?xml version="1.0" encoding="UTF-8"?>
<project-private xmlns="http://www.netbeans.org/ns/project-private/1">
    <editor-bookmarks xmlns="http://www.netbeans.org/ns/editor-bookmarks/2" lastBookmarkId="0"/>
    <open-files xmlns="http://www.netbeans.org/ns/projectui-open-files/2">
        <group>
            <file>file:/C:/Users/Raquel/Downloads/ProyectoFinalTiendaMusica/ProyectoFinalTiendaMusica/ProyectoFinalTiendaMusica/src/GUI/Principal.java</file>
            <file>file:/C:/Users/Raquel/Downloads/ProyectoFinalTiendaMusica/ProyectoFinalTiendaMusica/ProyectoFinalTiendaMusica/src/GUI/Pantalla.java</file>
            <file>file:/C:/Users/Raquel/Downloads/ProyectoFinalTiendaMusica/ProyectoFinalTiendaMusica/ProyectoFinalTiendaMusica/src/GUI/Inicio.java</file>
            <file>file:/C:/Users/Raquel/Downloads/ProyectoFinalTiendaMusica/ProyectoFinalTiendaMusica/ProyectoFinalTiendaMusica/src/GUI/Usuario.java</file>
            <file>file:/C:/Users/Raquel/Downloads/ProyectoFinalTiendaMusica/ProyectoFinalTiendaMusica/ProyectoFinalTiendaMusica/src/GUI/InicioSesion.java</file>
        </group>
    </open-files>
</project-private>
